id	level	simp	trad	pinyin	tones	pos	notationSimp	notationTrad	defs
L1-0001	1	爱	愛	ài	4	V	爱	愛	to love; to be fond of; to like; affection; to be inclined (to do sth); to tend to (happen)
L1-0002	1	爱好	愛好	ài hào	4,4	V/N	爱好	愛好	to like; to be fond of; to take pleasure in; to be keen on; interest; hobby
L1-0003	1	八	八	bā	1	Num	八	八	eight
L1-0004	1	爸爸	爸爸	bà ba	4,5	N	爸爸|爸	爸爸|爸	(coll.) father; dad; CL:位[wei4]
L1-0005	1	吧	吧	ba	5	Aux	吧	吧	(modal particle indicating suggestion or surmise); ...right?; ...OK?; ...I presume.
L1-0006	1	白	白	bái	2	Adj	白	白	white; in vain; free of charge; (bound form) (of facts, the truth, a situation) clear; evident (e.g. 真相大白[zhen1 xiang4 da4 bai2]); (bound form) plain; without additions (e.g. 白飯|白饭[bai2 fan4]); (bound form) to explain; to state (e.g. 辯白|辩白[bian4 bai2]); (bound form) to give a disdainful look (e.g. 白了他一眼[bai2 le5 ta1 yi1 yan3]); (bound form) vernacular (e.g. 白話|白话[bai2 hua4]); (bound form) spoken lines in opera (e.g. 念白[nian4 bai2]); (bound form) reactionary; anti-communist (e.g. 白區|白区[bai2 qu1])
L1-0007	1	白天	白天	bái tiān	2,1	N	白天	白天	daytime; during the day; day; CL:個|个[ge4]
L1-0008	1	百	百	bǎi	3	Num	百	百	hundred; numerous; all kinds of
L1-0009	1	班	班	bān	1	N/M	班	班	team; class; grade; (military) squad; work shift; classifier for groups of people and scheduled transport vehicles
L1-0010	1	半	半	bàn	4	Num	半	半	half; semi-; incomplete; (after a number) and a half
L1-0011	1	半年	半年	bàn nián	4,2		半年	半年	half a year
L1-0012	1	半天	半天	bàn tiān	4,1		半天	半天	half of the day; a long time; quite a while; midair; CL:個|个[ge4]
L1-0013	1	帮	幫	bāng	1	V	帮	幫	to help; to assist; to support; for sb (i.e. as a help); hired (as worker); side (of pail, boat etc); outer layer; upper (of a shoe); group; gang; clique; party; secret society
L1-0014	1	帮忙	幫忙	bāng máng	1,2		帮忙	幫忙	to help; to lend a hand; to do a favor; to do a good turn
L1-0015	1	包	包	bāo	1	N/M/V	包	包	to cover; to wrap; to hold; to include; to take charge of; to contract (to or for); package; wrapper; container; bag; to hold or embrace; bundle; packet; CL:個|个[ge4],隻|只[zhi1]
L1-0016	1	包子	包子	bāo zi	1,5	N	包子	包子	baozi; bao (steamed stuffed bun)
L1-0017	1	杯	杯	bēi	1	M	杯	杯	cup; trophy cup; classifier for certain containers of liquids: glass, cup
L1-0018	1	杯子	杯子	bēi zi	1,5	N	杯子	杯子	cup; glass; CL:個|个[ge4],隻|只[zhi1]
L1-0019	1	北	北	běi	3	N	北	北	north; (classical) to be defeated
L1-0020	1	北边	北邊	běi biān	3,1	N	北边	北邊	north; north side; northern part; to the north of
L1-0021	1	北京	北京	Běi jīng	3,1	N	北京	北京	Beijing municipality, capital of the People's Republic of China (short name 京[Jing1])
L1-0022	1	本	本	běn	3	M	本	本	(bound form) root; stem; (bound form) origin; source; (bound form) one's own; this; (bound form) this; the current (year etc); (bound form) original; (bound form) inherent; originally; initially; capital; principal; classifier for books, periodicals, files etc
L1-0023	1	本子	本子	běn zi	3,5	N	本子	本子	book; notebook; Japanese-style self-published comic (esp. an erotic one), aka "dōjinshi"; CL:本[ben3]; edition
L1-0024	1	比	比	bǐ	3	Prep/V	比	比	to compare; (followed by a noun and adjective) more {adj.} than {noun}; ratio; to gesture; (Taiwan pr. [bi4] in some compounds derived from Classical Chinese)
L1-0025	1	别	別	bié	2	Adv	别	別	to leave; to part (from); (literary) to differentiate; to distinguish; (dialect) to turn away; to turn aside; to avert (one's face, gaze etc); (bound form) other; another; different; don't ...!; to fasten with a pin or clip; to stick in; to insert (in order to hinder movement); (noun suffix) category (as in 性別|性别[xing4 bie2], 派別|派别[pai4 bie2])
L1-0026	1	别的	別的	bié de	2,5	Pron	别的	別的	else; other
L1-0027	1	别人	別人	bié ren	2,5	Pron	别人	別人	other people; others; other person
L1-0028	1	病	病	bìng	4	N/V	病	病	illness; CL:場|场[chang2]; disease; to fall ill; defect
L1-0029	1	病人	病人	bìng rén	4,2	N	病人	病人	sick person; patient; invalid; CL:個|个[ge4]
L1-0030	1	不大	不大	bù dà	4,4		不大	不大	not very (clear, far away etc); not too; not often; infrequently
L1-0031	1	不对	不對	bù duì	4,4	Adj	不对	不對	incorrect; wrong; amiss; abnormal; queer
L1-0032	1	不客气	不客氣	bù kè qi	4,4,5		不客气	不客氣	you're welcome; don't mention it; impolite; rude; blunt
L1-0033	1	不用	不用	bù yòng	4,4	Adv	不用	不用	need not
L1-0034	1	不	不	bù	4	Adv	不	不	no; not so; (bound form) not; un-
L1-0035	1	菜	菜	cài	4	N	菜	菜	vegetable; greens (CL:棵[ke1]); dish (of food) (CL:樣|样[yang4],道[dao4],盤|盘[pan2]); (of one's skills etc) weak; poor; (coll.) (one's) type
L1-0036	1	茶	茶	chá	2	N	茶	茶	tea; tea plant; CL:杯[bei1],壺|壶[hu2]
L1-0037	1	差	差	chà	4	V/Adj	差	差	different; wrong; mistaken; to fall short; to lack; not up to standard; inferior; Taiwan pr. [cha1]
L1-0038	1	常	常	cháng	2	Adv	常	常	always; ever; often; frequently; common; general; constant
L1-0039	1	常常	常常	cháng cháng	2,2	Adv	常常	常常	frequently; often
L1-0040	1	唱	唱	chàng	4	V	唱	唱	to sing; to call loudly; to chant
L1-0041	1	唱歌	唱歌	chàng gē	4,1		唱歌	唱歌	to sing a song
L1-0042	1	车	車	chē	1	N	车	車	car; vehicle; CL:輛|辆[liang4]; machine; to shape with a lathe; Kangxi radical 159
L1-0043	1	车票	車票	chē piào	1,4	N	车票	車票	ticket (for a bus or train)
L1-0044	1	车上	車上	chē shang			车上	車上	in or on a vehicle
L1-0045	1	车站	車站	chē zhàn	1,4	N	车站	車站	rail station; bus stop; CL:處|处[chu4],個|个[ge4]
L1-0046	1	吃	吃	chī	1	V	吃	吃	to eat; to consume; to eat at (a cafeteria etc); to eradicate; to destroy; to absorb; to suffer (shock, injury, defeat etc)
L1-0047	1	吃饭	吃飯	chī fàn	1,4		吃饭	吃飯	to have a meal; to eat; to make a living
L1-0048	1	出	出	chū	1	V	出	出	to go out; to come out; to arise; to occur; to produce; to yield; to go beyond; to exceed; (used after a verb to indicate an outward direction or a positive result); classifier for dramas, plays, operas etc
L1-0049	1	出来	出來	chū lái	1,2		出来	出來	to come out; to appear; to arise
L1-0050	1	出去	出去	chū qù	1,4		出去	出去	to go out
L1-0051	1	穿	穿	chuān	1	V	穿	穿	to bore through; to pierce; to perforate; to go through (e.g. a tunnel); to cross (e.g. a street); to thread; to string together; to wear; to put on (clothes, shoes etc.); verb complement indicating thoroughness or completion
L1-0052	1	床	床	chuáng	2	N	床	床	bed; couch (furniture that one can lie down on) (CL:張|张[zhang1]); bed; bottom (of rivers, oceans, gardens etc); frame; chassis; classifier for blankets, quilts etc
L1-0053	1	次	次	cì	4	M	次	次	next in sequence; second; the second (day, time etc); secondary; vice-; sub-; infra-; inferior quality; substandard; order; sequence; hypo- (chemistry); classifier for enumerated events: time
L1-0054	1	从	從	cóng	2	Prep	从	從	from; through; via; (bound form) to follow; (bound form) to obey; (bound form) to engage in (an activity); (used before a negative) ever; (bound form) (Taiwan pr. [zong4]) retainer; attendant; (bound form) (Taiwan pr. [zong4]) assistant; auxiliary; subordinate; (bound form) (Taiwan pr. [zong4]) related by common paternal grandfather or earlier ancestor
L1-0055	1	错	錯	cuò	4	Adj/N	错	錯	mistake; wrong; bad; interlocking; complex; to grind; to polish; to alternate; to stagger; to miss; to let slip; to evade; to inlay with gold or silver
L1-0056	1	打	打	dǎ	3	V	打	打	a semantically light, transitive verb that is combined with various grammatical objects to form compound verbs and verb-object phrases with a diverse range of meanings (e.g. 打傘|打伞[da3 san3] "to hold an umbrella", 打電話|打电话[da3 dian4 hua4] "to make a phone call", 打針|打针[da3 zhen1] "to get an injection", 打手套[da3 shou3 tao4] "to knit gloves", 打氣|打气[da3 qi4] "to inflate"); to hit; to strike; to fight; (coll.) from; since (as in 打那以後|打那以后[da3 na4 yi3 hou4] "since then")
L1-0057	1	打车	打車	dǎ chē	3,1		打车	打車	to take a taxi (in town); to hitch a lift
L1-0058	1	打电话	打電話	dǎ diàn huà	3,4,4		打电话	打電話	to make a telephone call
L1-0059	1	打开	打開	dǎ kāi	3,1		打开	打開	to open; to show (a ticket); to turn on; to switch on
L1-0060	1	打球	打球	dǎ qiú	3,2		打球	打球	to play ball; to play with a ball
L1-0061	1	大	大	dà	4	Adj	大	大	big; large; great; older (than another person); eldest (as in 大姐[da4 jie3]); greatly; freely; fully; (dialect) father; (dialect) uncle (father's brother)
L1-0062	1	大学	大學	dà xué	4,2	N	大学	大學	university; college; CL:所[suo3]
L1-0063	1	大学生	大學生	dà xué shēng	4,2,1	N	大学生	大學生	university student; college student
L1-0064	1	到	到	dào	4	V	到	到	to reach; to arrive; to leave for; to go to; to (a place); until (a time); up to (a point); (verb complement indicating arriving at a place or reaching a point); considerate; thoughtful; thorough
L1-0065	1	得到	得到	dé dào	2,4		得到	得到	to get; to obtain; to receive
L1-0066	1	地	地	de	5	Aux	地	地	-ly; structural particle: used before a verb or adjective, linking it to preceding modifying adverbial adjunct
L1-0067	1	的	的	de	5	Aux	的	的	of; ~'s (possessive particle); (used after an attribute when it modifies a noun); (used at the end of a declarative sentence for emphasis); (used after a noun, verb or adjective to form a nominal expression, as in 皮革的[pi2 ge2 de5] "one made of leather" or 跑堂兒的|跑堂儿的[pao3 tang2 r5 de5] "a waiter (literally, one who runs back and forth in a restaurant)" or 新的[xin1 de5] "new one"); also pr. [di4] or [di5] in poetry and songs
L1-0068	1	等	等	děng	3	V	等	等	to wait for; to await; by the time; when; till; and so on; etc.; et al.; (bound form) class; rank; grade; (bound form) equal to; same as; (used to end an enumeration); (literary) (plural suffix attached to a personal pronoun or noun)
L1-0069	1	地	地	dì	4	N	地	地	earth; ground; field; place; land; CL:片[pian4]
L1-0070	1	地点	地點	dì diǎn	4,3	N	地点	地點	place; site; location; venue; CL:個|个[ge4]
L1-0071	1	地方	地方	dì fang	4,5	N	地方	地方	place; location; area; space; territory; aspect; part; CL:處|处[chu4]
L1-0072	1	地上	地上	dì shang	4,5		地上	地上	on the ground; on the floor
L1-0073	1	地图	地圖	dì tú	4,2	N	地图	地圖	map; CL:張|张[zhang1],本[ben3]
L1-0074	1	弟弟	弟弟	dì di	4,5	N	弟弟|弟	弟弟|弟	younger brother; CL:個|个[ge4],位[wei4]
L1-0075	1	第	第	dì	4	Prefix	第（第二）	第（第二）	(prefix indicating ordinal number, as in 第六[di4 liu4] "sixth"); (literary) grades in which successful candidates in the imperial examinations were placed; (old) residence of a high official; (literary) but; however; (literary) only; just
L1-0076	1	点	點	diǎn	3	M/V/N	点	點	to touch briefly; to tap; to mark with a dot; to check off (on a list); to order (food etc); to select; to mention; to bring up (a topic or person); to hint at; to imply; to administer (eye medicine etc) in drops; to light (a fire, a lamp etc); to ignite; to nod (one's head) in agreement; to beckon by moving (one's hand) up and down; point; dot; spot; speck; dot stroke in Chinese characters; (math.) decimal point; point in time or space; (after a number) o'clock; a small amount; a bit; (after a verb or adjective) a bit more; classifier for small amounts
L1-0077	1	电	電	diàn	4	N	电	電	lightning; electricity; electric (bound form); to get (or give) an electric shock; phone call or telegram etc; to send via telephone or telegram etc
L1-0078	1	电话	電話	diàn huà	4,4	N	电话	電話	telephone; CL:部[bu4]; phone call; CL:通[tong1]; phone number
L1-0079	1	电脑	電腦	diàn nǎo	4,3	N	电脑	電腦	computer; CL:臺|台[tai2]
L1-0080	1	电视	電視	diàn shì	4,4	N	电视	電視	television; TV; CL:臺|台[tai2],部[bu4]
L1-0081	1	电视机	電視機	diàn shì jī	4,4,1	N	电视机	電視機	television set; CL:臺|台[tai2]
L1-0082	1	电影	電影	diàn yǐng	4,3	N	电影	電影	movie; film; CL:部[bu4]
L1-0083	1	电影院	電影院	diàn yǐng yuàn	4,3,4	N	电影院	電影院	cinema; movie theater; CL:家[jia1],座[zuo4]
L1-0084	1	东	東	dōng	1	N	东	東	east; host (i.e. sitting on east side of guest); landlord
L1-0085	1	东边	東邊	dōng bian	1,5	N	东边	東邊	east; east side; eastern part; to the east of
L1-0086	1	东西	東西	dōng xi	1,5	N	东西	東西	thing; stuff; person; CL:個|个[ge4],件[jian4]
L1-0087	1	动	動	dòng	4	V	动	動	(of sth) to move; to set in movement; to displace; to touch; to make use of; to stir (emotions); to alter; abbr. for 動詞|动词[dong4 ci2], verb
L1-0088	1	动作	動作	dòng zuò	4,4	N	动作	動作	movement; motion; action; to act; to move
L1-0089	1	都	都	dōu	1	Adv	都	都	all; both; entirely; (used for emphasis) even; already; (not) at all
L1-0090	1	读	讀	dú	2	V	读	讀	to read out; to read aloud; to read; to attend (school); to study (a subject in school); to pronounce
L1-0091	1	读书	讀書	dú shū	2,1		读书	讀書	to read a book; to study; to attend school
L1-0092	1	对	對	duì	4	Adj	对	對	right; correct; towards; at; for; concerning; regarding; to treat (sb a certain way); to face; (bound form) opposite; facing; matching; to match together; to adjust; to fit; to suit; to answer; to reply; to add; to pour in (a fluid); to check; to compare; classifier: couple; pair
L1-0093	1	对不起	對不起	duì bu qǐ	4,5,3	V	对不起	對不起	I'm sorry; excuse me; I beg your pardon; to let (sb) down; to disappoint
L1-0094	1	多	多	duō	1	Adj/Pron	多	多	many; much; more; a lot of; too many; in excess; (after a numeral) ... odd; how (to what extent) (Taiwan pr. [duo2]); (bound form) multi-; poly-
L1-0095	1	多少	多少	duō shao	1,5	Pron	多少	多少	how much?; how many?; (phone number, student ID etc) what number?
L1-0096	1	饿	餓	è	4	Adj/V	饿	餓	hungry; to starve (sb)
L1-0097	1	儿子	兒子	ér zi	2,5	N	儿子	兒子	son
L1-0098	1	二	二	èr	4	Num	二	二	two; 2; (Beijing dialect) stupid
L1-0099	1	饭	飯	fàn	4	N	饭	飯	cooked rice; CL:碗[wan3]; meal; CL:頓|顿[dun4]; (loanword) fan; devotee
L1-0100	1	饭店	飯店	fàn diàn	4,4	N	饭店	飯店	restaurant; hotel; CL:家[jia1]
L1-0101	1	房间	房間	fáng jiān	2,1	N	房间	房間	room; CL:間|间[jian1]
L1-0102	1	房子	房子	fáng zi	2,5	N	房子	房子	house; building (single- or two-story); apartment; room; CL:棟|栋[dong4],幢[zhuang4],座[zuo4],套[tao4],間|间[jian1]
L1-0103	1	放	放	fàng	4	V	放	放	to put; to place; to release; to free; to let go; to let out; to set off (fireworks)
L1-0104	1	放假	放假	fàng jià	4,4		放假	放假	to have a holiday or vacation
L1-0105	1	放学	放學	fàng xué	4,2		放学	放學	to dismiss students at the end of the school day
L1-0106	1	飞	飛	fēi	1	V	飞	飛	to fly
L1-0107	1	飞机	飛機	fēi jī	1,1	N	飞机	飛機	airplane; CL:架[jia4]
L1-0108	1	非常	非常	fēi cháng	1,2	Adv	非常	非常	very; really; unusual; extraordinary
L1-0109	1	分	分	fēn	1	N/M	分	分	to divide; to separate; to distribute; to allocate; to distinguish (good and bad); (bound form) branch of (an organization); sub- (as in 分局[fen1 ju2]); fraction; one tenth (of certain units); unit of length equivalent to 0.33 cm; minute (unit of time); minute (angular measurement unit); a point (in sports or games); 0.01 yuan (unit of money)
L1-0110	1	风	風	fēng	1	N	风	風	wind; news; style; custom; manner; CL:陣|阵[zhen4],絲|丝[si1]
L1-0111	1	干	乾	gān	1	Adj	干	乾	dry; dried food; empty; hollow; taken in to nominal kinship; adoptive; foster; futile; in vain; (dialect) rude; blunt; (dialect) to cold-shoulder
L1-0112	1	干净	乾淨	gān jìng	1,4	Adj	干净	乾淨	clean; neat
L1-0113	1	干	幹	gàn	4	V	干	幹	tree trunk; main part of sth; to manage; to work; to do; capable; cadre; to kill (slang); to fuck (vulgar); (coll.) pissed off; annoyed
L1-0114	1	干什么	幹什麼	gàn shén me	4,2,5		干什么	幹什麼	what are you doing?; what's he up to?
L1-0115	1	高	高	gāo	1	Adj	高	高	high; tall; above average; loud; your (honorific)
L1-0116	1	高兴	高興	gāo xìng	1,4	Adj	高兴	高興	happy; glad; willing (to do sth); in a cheerful mood
L1-0117	1	告诉	告訴	gào su	4,5	V	告诉	告訴	to tell; to inform; to let know
L1-0118	1	哥哥	哥哥	gē ge	1,5	N	哥哥|哥	哥哥|哥	older brother; CL:個|个[ge4],位[wei4]
L1-0119	1	歌	歌	gē	1	N	歌	歌	song (CL:首[shou3],支[zhi1]); (bound form) to sing
L1-0120	1	个	個	gè	4	M	个	個	(classifier used before a noun that has no specific classifier); (bound form) individual
L1-0121	1	给	給	gěi	3	V/Prep	给	給	to; for; for the benefit of; to give; to allow; to do sth (for sb); (grammatical equivalent of 被); (grammatical equivalent of 把); (sentence intensifier)
L1-0122	1	跟	跟	gēn	1	Prep/Conj/V	跟	跟	heel; to follow closely; to go with; (of a woman) to marry sb; with; compared with; to; towards; and (joining two nouns)
L1-0123	1	工人	工人	gōng rén	1,2	N	工人	工人	worker; CL:個|个[ge4],名[ming2]
L1-0124	1	工作	工作	gōng zuò	1,4	V/N	工作	工作	to work; (of a machine) to operate; job; work; task; CL:個|个[ge4],份[fen4],項|项[xiang4]
L1-0125	1	关	關	guān	1	V	关	關	mountain pass; to close; to shut; to turn off; to confine; to lock (sb) up; to shut (sb in a room, a bird in a cage etc); to concern; to involve
L1-0126	1	关上	關上	guān shàng	1,4		关上	關上	to close (a door); to turn off (light, electrical equipment etc)
L1-0127	1	贵	貴	guì	4	Adj	贵	貴	expensive; (bound form) highly valued; precious; (bound form) noble; of high rank; (prefix) (honorific) your
L1-0128	1	国	國	guó	2	N	国	國	country; nation; state; (bound form) national
L1-0129	1	国家	國家	guó jiā	2,1	N	国家	國家	country; nation; state
L1-0130	1	国外	國外	guó wài	2,4		国外	國外	abroad; external (affairs); overseas; foreign
L1-0131	1	过	過	guò	4	V	过	過	to cross; to go over; to pass (time); to celebrate (a holiday); to live; to get along; excessively; too-
L1-0132	1	还	還	hái	2	Adv	还	還	still; still in progress; still more; yet; even more; in addition; fairly; passably (good); as early as; even; also; else
L1-0133	1	还是	還是	hái shi	2,5	Adv/Conj	还是	還是	still (as before); had better; unexpectedly; or
L1-0134	1	还有	還有	hái yǒu	2,3		还有	還有	there still remain(s); there is (or are) still; in addition
L1-0135	1	孩子	孩子	hái zi	2,5	N	孩子	孩子	child
L1-0136	1	汉语	漢語	Hàn yǔ	4,3	N	汉语	漢語	Chinese language
L1-0137	1	汉字	漢字	hàn zì	4,4	N	汉字	漢字	Chinese character(s)
L1-0138	1	好	好	hǎo	3	Adj	好	好	good; appropriate; proper; all right!; (before a verb) easy to; (before a verb) good to; (before an adjective for exclamatory effect) so; (verb complement indicating completion); (of two people) close; on intimate terms; (after a personal pronoun) hello
L1-0139	1	好吃	好吃	hǎo chī	3,1	Adj	好吃	好吃	tasty; delicious
L1-0140	1	好看	好看	hǎo kàn	3,4	Adj	好看	好看	good-looking; nice-looking; (of a movie, book, TV show etc) good; in an embarrassing situation
L1-0141	1	好听	好聽	hǎo tīng	3,1	Adj	好听	好聽	pleasant to hear
L1-0142	1	好玩儿	好玩兒	hǎo wán r	3,2,5	Adj	好玩儿	好玩兒	erhua variant of 好玩[hao3 wan2]
L1-0143	1	号	號	hào	4	N/M	号	號	(literary) to call out; to command; (bound form) bugle; trumpet; (bound form) signal; bugle call (e.g. 起床號|起床号[qi3 chuang2 hao4]); (bound form) mark; sign; to mark; to label; to assign a number; (bound form) name; appellation (e.g. 國號|国号[guo2 hao4], 年號|年号[nian2 hao4], 遼寧號|辽宁号[Liao2 ning2 Hao4]); (after a numeral) number designation (e.g. 237號房間|237号房间[er4 san1 qi1 hao4 fang2 jian1] "Room 237"); day of the month (e.g. 七號|七号[qi1 hao4] "the 7th"); (bound form) size; type; category (e.g. 五號電池|五号电池[wu3 hao4 dian4 chi2]); (TCM) to feel (the pulse) (used in 號脈|号脉[hao4 mai4]); classifier for numbered people or items
L1-0144	1	喝	喝	hē	1	V	喝	喝	to drink; variant of 嗬[he1]
L1-0145	1	和	和	hé	2	Prep/Conj	和	和	(joining two nouns) and; together with; with (Taiwan pr. [han4]); (math.) sum; to make peace; (sports) to draw; to tie; (bound form) harmonious; (bound form) Japan; Japanese
L1-0146	1	很	很	hěn	3	Adv	很	很	very; quite; (also, often used before an adjective without intensifying its meaning, i.e. as a meaningless syntactic element)
L1-0147	1	后	後	hòu	4	N	后	後	back; behind; rear; afterwards; after; later; post-
L1-0148	1	后边	後邊	hòu bian	4,5	N	后边	後邊	the back; the rear; the last bit; behind; near the end; at the back; later; afterwards
L1-0149	1	后天	後天	hòu tiān	4,1	N	后天	後天	the day after tomorrow; life after birth (the period in which one develops through experiences, contrasted with 先天[xian1 tian1]); acquired (not innate or congenital); a posteriori
L1-0150	1	花	花	huā	1	N	花	花	flower; blossom; CL:朵[duo3],支[zhi1],束[shu4],把[ba3],盆[pen2],簇[cu4]; fancy pattern; florid; to spend (money, time); (coll.) lecherous; lustful
L1-0151	1	话	話	huà	4	N	话	話	dialect; language; spoken words; speech; talk; words; conversation; what sb said; CL:種|种[zhong3],席[xi2],句[ju4],口[kou3],番[fan1]
L1-0152	1	坏	壞	huài	4	Adj	坏	壞	bad; spoiled; broken; to break down; (suffix) to the utmost
L1-0153	1	还	還	huán	2	V	还	還	to pay back; to return
L1-0154	1	回	回	huí	2	V	回	回	to go back; to return; to turn back; to turn around; to reply; to answer; classifier for literary divisions (acts of a play, sections or chapters of a classic book); classifier for occurrences or times
L1-0155	1	回答	回答	huí dá	2,2	V/N	回答	回答	to reply; to answer; reply; answer
L1-0156	1	回到	回到	huí dào	2,4	V	回到	回到	to return to
L1-0157	1	回家	回家	huí jiā	2,1		回家	回家	to return home
L1-0158	1	回来	回來	huí lai	2,5		回来	回來	to return; to come back
L1-0159	1	回去	回去	huí qu	2,5		回去	回去	to return; to go back
L1-0160	1	会	會	huì	4	V	会	會	can; to have the skill; to know how to; to be likely to; to be sure to; to meet; to get together; meeting; gathering; (suffix) union; group; association; (bound form) a moment (Taiwan pr. [hui3])
L1-0161	1	火车	火車	huǒ chē	3,1	N	火车	火車	train; CL:列[lie4],節|节[jie2],班[ban1],趟[tang4]
L1-0162	1	机场	機場	jī chǎng	1,3	N	机场	機場	airport; airfield; (slang) service provider for Shadowsocks or similar software for circumventing Internet censorship; CL:家[jia1],處|处[chu4]
L1-0163	1	机票	機票	jī piào	1,4	N	机票	機票	plane ticket; airline ticket; CL:張|张[zhang1]
L1-0164	1	鸡蛋	雞蛋	jī dàn	1,4	N	鸡蛋	雞蛋	(chicken) egg; hen's egg; CL:個|个[ge4],打[da2]
L1-0165	1	几	幾	jǐ	3	Num/Pron	几	幾	how many; how much; several; a few
L1-0166	1	记	記	jì	4	V	记	記	to record; to note; to memorize; to remember; mark; sign; classifier for blows, kicks, shots
L1-0167	1	记得	記得	jì de	4,5	V	记得	記得	to remember
L1-0168	1	记住	記住	jì zhu	4,5		记住	記住	to remember; to bear in mind; to learn by heart
L1-0169	1	家	家	jiā	1	N/M	家	家	home; family; (polite) my (sister, uncle etc); classifier for families or businesses; refers to the philosophical schools of pre-Han China; noun suffix for a specialist in some activity, such as a musician or revolutionary, corresponding to English -ist, -er, -ary or -ian; CL:個|个[ge4]
L1-0170	1	家里	家裡	jiā lǐ	1,3		家里	家裡	home
L1-0171	1	家人	家人	jiā rén	1,2	N	家人	家人	family member; (old) servant
L1-0172	1	间	間	jiān	1	M	间	間	between; among; within a definite time or space; room; section of a room or lateral space between two pairs of pillars; classifier for rooms
L1-0173	1	见	見	jiàn	4	V	见	見	to see; to meet; to appear (to be sth); to interview; opinion; view
L1-0174	1	见面	見面	jiàn miàn	4,4		见面	見面	to meet; to see each other; CL:次[ci4]
L1-0175	1	教	教	jiāo	1	V	教	教	to teach; to instruct
L1-0176	1	叫	叫	jiào	4	V	叫	叫	to shout; to call; to order; to ask; to be called; by (indicates agent in the passive mood)
L1-0177	1	教学楼	教學樓	jiào xué lóu	4,2,2	N	教学楼	教學樓	school building; academic building
L1-0178	1	姐姐	姐姐	jiě jie	3,5	N	姐姐|姐	姐姐|姐	older sister; CL:個|个[ge4]
L1-0179	1	介绍	介紹	jiè shào	4,4	V	介绍	介紹	to introduce (sb to sb); to give a presentation; to present (sb for a job etc); introduction
L1-0180	1	今年	今年	jīn nián	1,2	N	今年	今年	this year
L1-0181	1	今天	今天	jīn tiān	1,1	N	今天	今天	today; the present time; now
L1-0182	1	进	進	jìn	4	V	进	進	to go forward; to advance; to go in; to enter; to put in; to submit; to take in; to admit; (math.) base of a number system; classifier for sections in a building or residential compound
L1-0183	1	进来	進來	jìn lái	4,2		进来	進來	to come in
L1-0184	1	进去	進去	jìn qù	4,4		进去	進去	to go in
L1-0185	1	九	九	jiǔ	3	Num	九	九	nine; 9
L1-0186	1	就	就	jiù	4	Adv	就	就	(after a suppositional clause) in that case; then; (after a clause of action) as soon as; immediately after; (same as 就是[jiu4 shi4]) merely; nothing else but; simply; just; precisely; exactly; only; as little as; as much as; as many as; to approach; to move towards; to undertake; to engage in; (often followed by 著|着[zhe5]) taking advantage of; (of food) to go with; with regard to; concerning; (bound form) to reach; to attain (as in 一蹴而就[yi1 cu4 er2 jiu4]); (pattern: 就[jiu4] ... 也[ye3] ...) even if ... still ...; (pattern: 不[bu4] ... 就[jiu4] ...) if not ... then must be ...
L1-0187	1	觉得	覺得	jué de	2,5	V	觉得	覺得	to think that ...; to feel that ...; to feel (uncomfortable etc)
L1-0188	1	开	開	kāi	1	V	开	開	to open (transitive or intransitive); (of ships, vehicles, troops etc) to start; to turn on; to put in operation; to operate; to run; to boil; to write out (a prescription, check, invoice etc); (directional complement) away; off; carat (gold); abbr. for Kelvin, 開爾文|开尔文[Kai1 er3 wen2]; abbr. for 開本|开本[kai1 ben3], book format
L1-0189	1	开车	開車	kāi chē	1,1		开车	開車	to drive a car (or train etc); (slang) to post sexual content online; to make a sexual joke
L1-0190	1	开会	開會	kāi huì	1,4		开会	開會	to hold a meeting; to attend a meeting
L1-0191	1	开玩笑	開玩笑	kāi wán xiào	1,2,4		开玩笑	開玩笑	to play a joke; to make fun of; to joke
L1-0192	1	看	看	kàn	4	V	看	看	to see; to look at; to read; to watch; to visit; to call on; to consider; to regard as; to look after; to treat (a patient or illness); to depend on; to feel (that); (after a verb) to give it a try; to watch out for
L1-0193	1	看病	看病	kàn bìng	4,4		看病	看病	to visit a doctor; to see a patient
L1-0194	1	看到	看到	kàn dào	4,4		看到	看到	to see
L1-0195	1	看见	看見	kàn jiàn	4,4		看见	看見	to see; to catch sight of
L1-0196	1	考	考	kǎo	3	V	考	考	to check; to verify; to test; to examine; to take an exam; to take an entrance exam for; deceased father
L1-0197	1	考试	考試	kǎo shì	3,4		考试	考試	to take an exam; exam; CL:次[ci4]
L1-0198	1	渴	渴	kě	3	Adj	渴	渴	thirsty
L1-0199	1	课	課	kè	4	N	课	課	subject; course; CL:門|门[men2]; class; lesson; CL:堂[tang2],節|节[jie2]; to levy; tax; form of divination
L1-0200	1	课本	課本	kè běn	4,3	N	课本	課本	textbook; CL:本[ben3]
L1-0201	1	课文	課文	kè wén	4,2	N	课文	課文	text; CL:篇[pian1]
L1-0202	1	口	口	kǒu	3	M/N	口	口	mouth; classifier for things with mouths (people, domestic animals, cannons, wells etc); classifier for bites or mouthfuls
L1-0203	1	块	塊	kuài	4	N/M	块	塊	lump; chunk; piece; classifier for pieces of cloth, cake, soap etc; (coll.) classifier for money and currency units
L1-0204	1	快	快	kuài	4	Adj/Adv	快	快	rapid; quick; speed; rate; soon; almost; to make haste; clever; sharp (of knives or wits); forthright; plainspoken; gratified; pleased; pleasant
L1-0205	1	来	來	lái	2	V	来	來	to come; (used as a substitute for a more specific verb); hither (directional complement for motion toward the speaker, as in 回來|回来[hui2 lai5]); ever since (as in 自古以來|自古以来[zi4 gu3 yi3 lai2]); for the past (amount of time); (prefix) the coming ...; the next ... (as in 來世|来世[lai2 shi4]); (between two verbs) in order to; (after a round number) approximately; (used after 得[de2] to indicate possibility, as in 談得來|谈得来[tan2 de5 lai2], or after 不[bu4] to indicate impossibility, as in 吃不來|吃不来[chi1 bu5 lai2])
L1-0206	1	来到	來到	lái dào	2,4	V	来到	來到	to arrive; to come
L1-0207	1	老	老	lǎo	3	Adj	老	老	prefix used before the surname of a person or a numeral indicating the order of birth of the children in a family or to indicate affection or familiarity; old (of people); venerable (person); experienced; of long standing; always; all the time; of the past; very; outdated; (of meat etc) tough
L1-0208	1	老人	老人	lǎo rén	3,2	N	老人	老人	old man or woman; the elderly; one's aged parents or grandparents
L1-0209	1	老师	老師	lǎo shī	3,1	N	老师	老師	teacher
L1-0210	1	了	了	le	5	Aux	了	了	(completed action marker); (modal particle indicating change of state, situation now); (modal particle intensifying preceding clause)
L1-0211	1	累	累	lèi	4	Adj	累	累	tired; weary; to strain; to wear out; to work hard
L1-0212	1	冷	冷	lěng	3	Adj	冷	冷	cold
L1-0213	1	里	裡	lǐ	3	N	里	裡|裏	lining; interior; inside; internal; also written 裏|里[li3]
L1-0214	1	里边	裡邊	lǐ bian	3,5	N	里边	裡邊	inside
L1-0215	1	两	兩	liǎng	3	Num	两	兩	two; both; some; a few; tael, unit of weight equal to 50 grams (modern) or 1⁄16 of a catty 斤[jin1] (old)
L1-0216	1	零	零	líng	2	Num	零|〇	零|〇	zero; nought; zero sign; fractional; fragmentary; odd (of numbers); (placed between two numbers to indicate a smaller quantity followed by a larger one); fraction; (in mathematics) remainder (after division); extra; to wither and fall; to wither
L1-0217	1	六	六	liù	4	Num	六	六	six; 6
L1-0218	1	楼	樓	lóu	2	N	楼	樓	house with more than 1 story; storied building; floor; CL:層|层[ceng2],座[zuo4],棟|栋[dong4]
L1-0219	1	楼上	樓上	lóu shàng	2,4		楼上	樓上	upstairs; (Internet slang) previous poster in a forum thread
L1-0220	1	楼下	樓下	lóu xià	2,4		楼下	樓下	downstairs
L1-0221	1	路	路	lù	4	N/M	路	路	road (CL:條|条[tiao2]); journey; route; line (bus etc); sort; kind
L1-0222	1	路口	路口	lù kǒu	4,3	N	路口	路口	crossing; intersection (of roads)
L1-0223	1	路上	路上	lù shang	4,5	N	路上	路上	on the road; on the way; en route
L1-0224	1	妈妈	媽媽	mā ma	1,5	N	妈妈|妈	媽媽|媽	mama; mommy; mother; CL:個|个[ge4],位[wei4]
L1-0225	1	马路	馬路	mǎ lù	3,4	N	马路	馬路	street; road; CL:條|条[tiao2]
L1-0226	1	马上	馬上	mǎ shàng	3,4	Adv	马上	馬上	at once; right away; immediately; on horseback (i.e. by military force)
L1-0227	1	吗	嗎	ma	5	Aux	吗	嗎	(question particle for "yes-no" questions)
L1-0228	1	买	買	mǎi	3	V	买	買	to buy; to purchase
L1-0229	1	慢	慢	màn	4	Adj	慢	慢	slow
L1-0230	1	忙	忙	máng	2	Adj	忙	忙	busy; hurriedly; to hurry; to rush
L1-0231	1	毛	毛	máo	2	M	毛	毛	hair; feather; down; wool; mildew; mold; coarse or semifinished; young; raw; careless; unthinking; nervous; scared; (of currency) to devalue or depreciate; classifier for Chinese fractional monetary unit ( = 角[jiao3] , = one-tenth of a yuan or 10 fen 分[fen1])
L1-0232	1	没	沒	méi	2	Adv/V	没	沒	(negative prefix for verbs) have not; not
L1-0233	1	没关系	沒關係	méi guān xi	2,1,5		没关系	沒關係	it doesn't matter
L1-0234	1	没什么	沒什麼	méi shén me	2,2,5		没什么	沒什麼	it doesn't matter; it's nothing; never mind; think nothing of it; it's my pleasure; you're welcome
L1-0235	1	没事儿	沒事兒	méi shì r	2,4,5		没事儿	沒事兒	to have spare time; free from work; it's not important; it's nothing; never mind
L1-0236	1	没有	沒有	méi yǒu	2,3	V/Adv	没有	沒有	haven't; hasn't; doesn't exist; to not have; to not be
L1-0237	1	妹妹	妹妹	mèi mei	4,5	N	妹妹|妹	妹妹|妹	younger sister; young woman; CL:個|个[ge4]
L1-0238	1	门	門	mén	2	N/M	门	門	gate; door; doorway; gateway; opening (CL:扇[shan4]); valve; switch; other door-like or gate-like structure; way to do sth; knack; method; approach; family; household; lineage; (bound form) sect; school; faction (religious or academic); (bound form) class; category; division; phylum; classifier for courses, fields of study, branches of technology, relatives by marriage, guns etc; (suffix) -gate (scandal)
L1-0239	1	门口	門口	mén kǒu	2,3	N	门口	門口	doorway; gate; CL:個|个[ge4]
L1-0240	1	门票	門票	mén piào	2,4	N	门票	門票	ticket (for theater, cinema etc)
L1-0241	1	们	們	men	5	Suffix	们（朋友们）	們（朋友們）	plural marker for pronouns, and nouns referring to individuals
L1-0242	1	米饭	米飯	mǐ fàn	3,4	N	米饭	米飯	(cooked) rice
L1-0243	1	面包	麵包	miàn bāo	4,1	N	面包	麵包	bread; CL:片[pian4],塊|块[kuai4]
L1-0244	1	面条儿	麵條兒	miàn tiáo r	4,2,5	N	面条儿	麵條兒	erhua variant of 麵條|面条[mian4 tiao2]
L1-0245	1	名字	名字	míng zi	2,5	N	名字	名字	name (of a person or thing)
L1-0246	1	明白	明白	míng bai	2,5	Adj/V	明白	明白	clear; obvious; unequivocal; sensible; reasonable; to understand; to realize
L1-0247	1	明年	明年	míng nián	2,2	N	明年	明年	next year
L1-0248	1	明天	明天	míng tiān	2,1	N	明天	明天	tomorrow
L1-0249	1	拿	拿	ná	2	V	拿	拿	to hold; to seize; to catch; to apprehend; to take; (used in the same way as 把[ba3]: to mark the following noun as a direct object)
L1-0250	1	哪	哪	nǎ	3	Pron	哪	哪	how; which
L1-0251	1	哪里	哪裡	nǎ lǐ	3,3	Pron	哪里	哪裡|哪裏	where?; somewhere; anywhere; wherever; nowhere (negative answer to question); humble expression denying compliment; also written 哪裡|哪里
L1-0252	1	哪儿	哪兒	nǎ r	3,5	Pron	哪儿	哪兒	where?; wherever; anywhere; somewhere; (used in rhetorical questions) how can ...?; how could ...?
L1-0253	1	哪些	哪些	nǎ xiē	3,1	Pron	哪些	哪些	which ones?; who?; what?
L1-0254	1	那	那	nà	4	Pron	那	那	(specifier) that; the; those (colloquial pr. [nei4]); (pronoun) that (referring to persons, things or situations); then (in that case)
L1-0255	1	那边	那邊	nà bian	4,5	Pron	那边	那邊	over there; yonder
L1-0256	1	那里	那裡	nà li	4,5	Pron	那里	那裡|那裏	there; that place
L1-0257	1	那儿	那兒	nà r	4,5	Pron	那儿	那兒	there
L1-0258	1	那些	那些	nà xiē	4,1	Pron	那些	那些	those
L1-0259	1	奶	奶	nǎi	3	N	奶	奶	breast; milk; to breastfeed
L1-0260	1	奶奶	奶奶	nǎi nai	3,5	N	奶奶	奶奶	(informal) grandma (paternal grandmother); (respectful) mistress of the house; CL:位[wei4]; (coll.) boobies; breasts
L1-0261	1	男	男	nán	2	Adj	男	男	(bound form) male; baron, the lowest of the five ranks of nobility 五等爵位[wu3 deng3 jue2 wei4]
L1-0262	1	男孩儿	男孩兒	nán hái r	2,2,5	N	男孩儿	男孩兒	erhua form of 男孩[nan2 hai2]
L1-0263	1	男朋友	男朋友	nán péng you	2,2,5	N	男朋友	男朋友	boyfriend
L1-0264	1	男人	男人	nán rén	2,2	N	男人	男人	a man; a male; men; CL:個|个[ge4]
L1-0265	1	男生	男生	nán shēng	2,1	N	男生	男生	schoolboy; male student; boy; guy (young adult male)
L1-0266	1	南	南	nán	2	N	南	南	south
L1-0267	1	南边	南邊	nán bian	2,5	N	南边	南邊	south; south side; southern part; to the south of
L1-0268	1	难	難	nán	2	Adj	难	難	difficult (to...); problem; difficulty; difficult; not good
L1-0269	1	呢	呢	ne	5	Aux	呢	呢	(sentence-final particle) used in questions to link back to prior discourse or context ("what about...?", "and...?"); (sentence-final particle) indicating that a state or situation still holds; (discourse particle) used to mark a slight pause or emphasis in speech
L1-0270	1	能	能	néng	2	V	能	能	can; to be able to; might possibly; ability; (physics) energy
L1-0271	1	你	你	nǐ	3	Pron	你	你	you (informal, as opposed to courteous 您[nin2])
L1-0272	1	你们	你們	nǐ men	3,5	Pron	你们	你們	you (plural)
L1-0273	1	年	年	nián	2	M	年	年	year; CL:個|个[ge4]
L1-0274	1	您	您	nín	2	Pron	您	您	you (courteous, as opposed to informal 你[ni3])
L1-0275	1	牛奶	牛奶	niú nǎi	2,3	N	牛奶	牛奶	cow's milk; CL:瓶[ping2],杯[bei1]
L1-0276	1	女	女	nǚ	3	Adj	女	女	female; woman; daughter
L1-0277	1	女儿	女兒	nǚ ér	3,2	N	女儿	女兒	daughter
L1-0278	1	女孩儿	女孩兒	nǚ hái r	3,2,5	N	女孩儿	女孩兒	erhua form of 女孩[nu : 3 hai2]
L1-0279	1	女朋友	女朋友	nǚ péng you	3,2,5	N	女朋友	女朋友	girlfriend
L1-0280	1	女人	女人	nǚ rén	3,2	N	女人	女人	woman
L1-0281	1	女生	女生	nǚ shēng	3,1	N	女生	女生	schoolgirl; female student; girl
L1-0282	1	旁边	旁邊	páng biān	2,1	N	旁边	旁邊	side; adjacent place
L1-0283	1	跑	跑	pǎo	3	V	跑	跑	to run; to run away; to escape; to run around (on errands etc); (of a gas or liquid) to leak or evaporate; (verb complement) away; off
L1-0284	1	朋友	朋友	péng you	2,5	N	朋友	朋友	friend; CL:個|个[ge4],位[wei4]
L1-0285	1	票	票	piào	4	N	票	票	ticket; ballot; banknote; CL:張|张[zhang1]; person held for ransom; amateur performance of Chinese opera; classifier for groups, batches, business transactions
L1-0286	1	七	七	qī	1	Num	七	七	seven; 7
L1-0287	1	起	起	qǐ	3	V	起	起	to rise; to raise; to get up; to set out; to start; to appear; to launch; to initiate (action); to draft; to establish; to get (from a depot or counter); verb suffix, to start; starting from (a time, place, price etc); classifier for occurrences or unpredictable events: case, instance; classifier for groups: batch, group
L1-0288	1	起床	起床	qǐ chuáng	3,2		起床	起床	to get out of bed; to get up
L1-0289	1	起来	起來	qi lai	5,5		起来	起來|起來	(after a verb) indicating the beginning and continuation of an action or a state; indicating an upward movement (e.g. after 站[zhan4]); indicating completion; (after a perception verb, e.g. 看[kan4]) expressing preliminary judgment; also pr. [qi3lai5]
L1-0290	1	汽车	汽車	qì chē	4,1	N	汽车	汽車	car; automobile; bus; CL:輛|辆[liang4]
L1-0291	1	前	前	qián	2	N	前	前	front; forward; ahead; first; top (followed by a number); future; ago; before; BC (e.g. 前293年); former; formerly
L1-0292	1	前边	前邊	qián bian	2,5	N	前边	前邊	front; the front side; in front of
L1-0293	1	前天	前天	qián tiān	2,1	N	前天	前天	the day before yesterday
L1-0294	1	钱	錢	qián	2	N	钱	錢	coin; money; CL:筆|笔[bi3]; unit of weight, one tenth of a tael 兩|两[liang3]
L1-0295	1	钱包	錢包	qián bāo	2,1	N	钱包	錢包	purse; wallet
L1-0296	1	请	請	qǐng	3	V	请	請	to ask; to invite; please (do sth); to treat (to a meal etc); to request
L1-0297	1	请假	請假	qǐng jià	3,4		请假	請假	to request leave of absence
L1-0298	1	请进	請進	qǐng jìn	3,4		请进	請進	"please come in"
L1-0299	1	请问	請問	qǐng wèn	3,4	V	请问	請問	Excuse me, may I ask...?
L1-0300	1	请坐	請坐	qǐng zuò	3,4		请坐	請坐	please, have a seat
L1-0301	1	球	球	qiú	2	N	球	球	ball; sphere; globe; CL:個|个[ge4]; ball game; match; CL:場|场[chang3]
L1-0302	1	去	去	qù	4	V	去	去	to go; to go to (a place); (of a time etc) last; just passed; to send; to remove; to get rid of; to reduce; to be apart from in space or time; to die (euphemism); to play (a part); (when used either before or after a verb) to go in order to do sth; (after a verb of motion indicates movement away from the speaker); (used after certain verbs to indicate detachment or separation)
L1-0303	1	去年	去年	qù nián	4,2	N	去年	去年	last year
L1-0304	1	热	熱	rè	4	Adj/V	热	熱	to warm up; to heat up; hot (of weather); heat; fervent
L1-0305	1	人	人	rén	2	N	人	人	person; people; CL:個|个[ge4],位[wei4],名[ming2]
L1-0306	1	认识	認識	rèn shi	4,5	V/N	认识	認識	to know; to recognize; to be familiar with; to get acquainted with sb; knowledge; understanding; awareness; cognition
L1-0307	1	认真	認真	rèn zhēn	4,1	Adj	认真	認真	conscientious; earnest; serious; to take seriously; to take to heart
L1-0308	1	日	日	rì	4	N	日	日	(bound form) sun; day; day of the month; (bound form) Japan (abbr. for 日本[Ri4 ben3]); (vulgar) to fuck; to have sex with
L1-0309	1	日期	日期	rì qī	4,1	N	日期	日期	date
L1-0310	1	肉	肉	ròu	4	N	肉	肉	meat; flesh; pulp (of a fruit); (coll.) (of a fruit) squashy; (of a person) flabby; irresolute; Kangxi radical 130
L1-0311	1	三	三	sān	1	Num	三	三	three; 3
L1-0312	1	山	山	shān	1	N	山	山	mountain; hill (CL:座[zuo4]); (coll.) small bundle of straw for silkworms to spin cocoons on
L1-0313	1	商场	商場	shāng chǎng	1,3	N	商场	商場	shopping mall; shopping center; department store; emporium; CL:家[jia1]; the business world
L1-0314	1	商店	商店	shāng diàn	1,4	N	商店	商店	store; shop; CL:家[jia1]
L1-0315	1	上	上	shàng	4	N/V	上	上	(bound form) up; upper; above; previous; first (of multiple parts); to climb; to get onto; to go up; to attend (class or university); (directional complement) up; (noun suffix) on; above
L1-0316	1	上班	上班	shàng bān	4,1		上班	上班	to go to work; to be on duty; to start work; to go to the office
L1-0317	1	上边	上邊	shàng bian	4,5	N	上边	上邊	the top; above; overhead; upwards; the top margin; above-mentioned; those higher up
L1-0318	1	上车	上車	shàng chē	4,1		上车	上車	to get on or into (a bus, train, car etc)
L1-0319	1	上次	上次	shàng cì	4,4		上次	上次	last time
L1-0320	1	上课	上課	shàng kè	4,4		上课	上課	to go to class; to attend class; to go to teach a class
L1-0321	1	上网	上網	shàng wǎng	4,3		上网	上網	to go online; to connect to the Internet; (of a document etc) to be uploaded to the Internet; (tennis, volleyball etc) to move in close to the net
L1-0322	1	上午	上午	shàng wǔ	4,3	N	上午	上午	morning
L1-0323	1	上学	上學	shàng xué	4,2		上学	上學	to go to school; to attend school
L1-0324	1	少	少	shǎo	3	Adj/V	少	少	few; less; to lack; to be missing; to stop (doing sth); seldom
L1-0325	1	谁	誰	shéi	2	Pron	谁	誰	who; also pr. [shui2]
L1-0326	1	身上	身上	shēn shang	1,5	N	身上	身上	on the body; at hand; among
L1-0327	1	身体	身體	shēn tǐ	1,3	N	身体	身體	the body; one's health
L1-0328	1	什么	什麼	shén me	2,5	Pron	什么	什麼	what?; something; anything
L1-0329	1	生病	生病	shēng bìng	1,4		生病	生病	to fall ill
L1-0330	1	生气	生氣	shēng qì	1,4		生气	生氣	to get angry; to be furious; vitality; liveliness
L1-0331	1	生日	生日	shēng rì	1,4	N	生日	生日	birthday; CL:個|个[ge4]
L1-0332	1	十	十	shí	2	Num	十	十	ten; 10
L1-0333	1	时候	時候	shí hou	2,5	N	时候	時候	time; length of time; moment; period
L1-0334	1	时间	時間	shí jiān	2,1	N	时间	時間	(concept of) time; (duration of) time; (point in) time
L1-0335	1	事	事	shì	4	N	事	事	matter; thing; item; work; affair; CL:件[jian4],樁|桩[zhuang1],回[hui2]
L1-0336	1	试	試	shì	4	V	试	試	to test; to try; experiment; examination; test
L1-0337	1	是	是	shì	4	V	是	是	to be (followed by substantives only); correct; right; true; (respectful acknowledgement of a command) very well; (adverb for emphatic assertion)
L1-0338	1	是不是	是不是	shì bu shì	4,5,4		是不是	是不是	is or is not (used to form yes-no questions)
L1-0339	1	手	手	shǒu	3	N	手	手	hand; (formal) to hold; person engaged in certain types of work; person skilled in certain types of work; personal(ly); convenient; classifier for skill; CL:雙|双[shuang1],隻|只[zhi1]
L1-0340	1	手机	手機	shǒu jī	3,1	N	手机	手機	cell phone; mobile phone; CL:部[bu4],臺|台[tai2]
L1-0341	1	书	書	shū	1	N	书	書	book; letter; document; CL:本[ben3],冊|册[ce4],部[bu4]; to write
L1-0342	1	书包	書包	shū bāo	1,1	N	书包	書包	schoolbag; satchel; bookbag; CL:個|个[ge4],隻|只[zhi1]
L1-0343	1	书店	書店	shū diàn	1,4	N	书店	書店	bookstore; CL:家[jia1]
L1-0344	1	树	樹	shù	4	N	树	樹	tree; CL:棵[ke1]; to cultivate; to set up
L1-0345	1	水	水	shuǐ	3	N	水	水	water; (after a name) ... River; to swim (used mostly in 會水|会水[hui4 shui3] and 水性[shui3 xing4]); (coll.) lacking in substance; shoddy; (bound form) additional cost; extra income; classifier for washings of a garment
L1-0346	1	水果	水果	shuǐ guǒ	3,3	N	水果	水果	fruit
L1-0347	1	睡	睡	shuì	4	V	睡	睡	to sleep; to lie down
L1-0348	1	睡觉	睡覺	shuì jiào	4,4		睡觉	睡覺	to go to bed; to sleep
L1-0349	1	说	說	shuō	1	V	说	說	to speak; to talk; to say; to explain; to comment; to scold; to tell off; (bound form) theory; doctrine
L1-0350	1	说话	說話	shuō huà	1,4		说话	說話	to speak; to say; to talk; to gossip; to tell stories; talk; word
L1-0351	1	四	四	sì	4	Num	四	四	four; 4
L1-0352	1	送	送	sòng	4	V	送	送	to send; to deliver; to transmit; to give (as a present); to see (sb) off; to accompany; to go along with
L1-0353	1	岁	歲	suì	4	M	岁	歲	classifier for years (of age); year; year (of crop harvests)
L1-0354	1	他	他	tā	1	Pron	他	他	(third-person singular) (since the early 20th century, usu. male) he; him; his; (bound form) other; another; some other (as in 他日[ta1 ri4] and 他人[ta1 ren2])
L1-0355	1	他们	他們	tā men	1,5	Pron	他们	他們	they; them
L1-0356	1	她	她	tā	1	Pron	她	她	she
L1-0357	1	她们	她們	tā men	1,5	Pron	她们	她們	they; them (females)
L1-0358	1	太	太	tài	4	Adv	太	太	highest; greatest; too (much); very; extremely
L1-0359	1	天	天	tiān	1	N/M	天	天	day; sky; heaven
L1-0360	1	天气	天氣	tiān qì	1,4	N	天气	天氣	weather
L1-0361	1	听	聽	tīng	1	V	听	聽	to listen to; to hear; to heed; to obey; a can (loanword from English "tin"); classifier for canned beverages; to let be; to allow (Taiwan pr. [ting4]); (literary) to administer; to deal with (Taiwan pr. [ting4])
L1-0362	1	听到	聽到	tīng dào	1,4		听到	聽到	to hear
L1-0363	1	听见	聽見	tīng jiàn	1,4		听见	聽見	to hear
L1-0364	1	听写	聽寫	tīng xiě	1,3	V	听写	聽寫	(of a pupil) to write down (in a dictation exercise); dictation; (music) to transcribe by ear
L1-0365	1	同学	同學	tóng xué	2,2	N	同学	同學	to study at the same school; fellow student; classmate; CL:位[wei4],個|个[ge4]
L1-0366	1	图书馆	圖書館	tú shū guǎn	2,1,3	N	图书馆	圖書館	library; CL:家[jia1],個|个[ge4]
L1-0367	1	外	外	wài	4	N	外	外	outside; in addition; foreign; external
L1-0368	1	外边	外邊	wài bian	4,5	N	外边	外邊	outside; outer surface; abroad; place other than one's home
L1-0369	1	外国	外國	wài guó	4,2	N	外国	外國	foreign country
L1-0370	1	外语	外語	wài yǔ	4,3	N	外语	外語	foreign language; CL:門|门[men2]
L1-0371	1	玩儿	玩兒	wán r	2,5	V	玩儿	玩兒	to play; to have fun; to hang out
L1-0372	1	晚	晚	wǎn	3	Adj	晚	晚	evening; night; late
L1-0373	1	晚饭	晚飯	wǎn fàn	3,4	N	晚饭	晚飯	evening meal; dinner; supper; CL:份[fen4],頓|顿[dun4],次[ci4],餐[can1]
L1-0374	1	晚上	晚上	wǎn shang	3,5	N	晚上	晚上	evening; night; CL:個|个[ge4]; in the evening
L1-0375	1	网上	網上	wǎng shàng	3,4		网上	網上	online
L1-0376	1	网友	網友	wǎng yǒu	3,3	N	网友	網友	online friend; netizen; Internet user
L1-0377	1	忘	忘	wàng	4	V	忘	忘	to forget; to overlook; to neglect
L1-0378	1	忘记	忘記	wàng jì	4,4	V	忘记	忘記	to forget
L1-0379	1	问	問	wèn	4	V	问	問	to ask; to inquire
L1-0380	1	我	我	wǒ	3	Pron	我	我	I; me; my
L1-0381	1	我们	我們	wǒ men	3,5	Pron	我们	我們	we; us; ourselves; our
L1-0382	1	五	五	wǔ	3	Num	五	五	five; 5
L1-0383	1	午饭	午飯	wǔ fàn	3,4	N	午饭	午飯	lunch; CL:份[fen4],頓|顿[dun4],次[ci4],餐[can1]
L1-0384	1	西	西	xī	1	N	西	西	west
L1-0385	1	西边	西邊	xī biān	1,1	N	西边	西邊	west; west side; western part; to the west of
L1-0386	1	洗	洗	xǐ	3	V	洗	洗	to wash; to bathe; to develop (photographs); to shuffle (cards etc); to erase (a recording)
L1-0387	1	洗手间	洗手間	xǐ shǒu jiān	3,3,1	N	洗手间	洗手間	toilet; lavatory; washroom
L1-0388	1	喜欢	喜歡	xǐ huan	3,5	V	喜欢	喜歡	to like; to be fond of
L1-0389	1	下	下	xià	4	N/V	下	下	down; downwards; below; lower; later; next (week etc); second (of two parts); to decline; to go down; to arrive at (a decision, conclusion etc); measure word to show the frequency of an action
L1-0390	1	下班	下班	xià bān	4,1		下班	下班	to finish work; to get off work; next service (train, bus etc)
L1-0391	1	下边	下邊	xià bian	4,5	N	下边	下邊	under; the underside; below
L1-0392	1	下车	下車	xià chē	4,1		下车	下車	to get off or out of (a bus, train, car etc)
L1-0393	1	下次	下次	xià cì	4,4		下次	下次	next time
L1-0394	1	下课	下課	xià kè	4,4		下课	下課	to finish class; to get out of class; (fig.) (esp. of a sports coach) to be dismissed; to be fired
L1-0395	1	下午	下午	xià wǔ	4,3	N	下午	下午	afternoon; CL:個|个[ge4]; p.m.
L1-0396	1	下雨	下雨	xià yǔ	4,3		下雨	下雨	to rain
L1-0397	1	先	先	xiān	1	Adv	先	先	beforehand; first; earlier; at first; originally; for the time being; for now; (prefix) my late (in referring to deceased relatives older than oneself)
L1-0398	1	先生	先生	xiān sheng	1,5	N	先生	先生	teacher; gentleman; sir; mister (Mr.); husband; (dialect) doctor; CL:位[wei4]
L1-0399	1	现在	現在	xiàn zài	4,4	N	现在	現在	now; at present; currently
L1-0400	1	想	想	xiǎng	3	V	想	想	to think (about); to think of; to devise; to think (that); to believe (that); to desire; to want (to); to miss (feel wistful about the absence of)
L1-0401	1	小	小	xiǎo	3	Adj	小	小	small; tiny; few; young
L1-0402	1	小孩儿	小孩兒	xiǎo hái r	3,2,5	N	小孩儿	小孩兒	erhua variant of 小孩[xiao3 hai2]
L1-0403	1	小姐	小姐	xiǎo jie	3,5	N	小姐	小姐	young lady; miss; (slang) prostitute; CL:個|个[ge4],位[wei4]
L1-0404	1	小朋友	小朋友	xiǎo péng yǒu	3,2,3	N	小朋友	小朋友	child; kid (used to refer to a child, or by an adult to address a child, or, in Taiwan, to refer to sb's own child)
L1-0405	1	小时	小時	xiǎo shí	3,2	N	小时	小時	hour; CL:個|个[ge4]
L1-0406	1	小学	小學	xiǎo xué	3,2	N	小学	小學	elementary school; primary school
L1-0407	1	小学生	小學生	xiǎo xué shēng	3,2,1	N	小学生	小學生	primary school student; schoolchild; CL:個|个[ge4],名[ming2]; (fig.) beginner
L1-0408	1	笑	笑	xiào	4	V	笑	笑	to laugh; to smile; to laugh at
L1-0409	1	写	寫	xiě	3	V	写	寫	to write
L1-0410	1	谢谢	謝謝	xiè xie	4,5	V	谢谢	謝謝	to thank; thanks; thank you
L1-0411	1	新	新	xīn	1	Adj	新	新	new; newly; meso- (chemistry)
L1-0412	1	新年	新年	xīn nián	1,2	N	新年	新年	New Year; CL:個|个[ge4]
L1-0413	1	星期	星期	xīng qī	1,1	N	星期	星期	week; CL:個|个[ge4]; day of the week; Sunday
L1-0414	1	星期日	星期日	Xīng qī rì	1,1,4	N	星期日	星期日	Sunday
L1-0415	1	星期天	星期天	Xīng qī tiān	1,1,1	N	星期天	星期天	Sunday
L1-0416	1	行	行	xíng	2	V/Adj	行	行	(bound form) to walk; to go; to travel; (literary) trip; journey; visit; (bound form) temporary; makeshift; (bound form) current; in circulation; (bound form) to do; to perform; capable; competent; all right; OK!; will do; behavior; conduct (Taiwan pr. [xing4]); (literary) about to; soon
L1-0417	1	休息	休息	xiū xi	1,5	V	休息	休息	rest; to rest
L1-0418	1	学	學	xué	2	V	学	學	to learn; to study; to imitate; science; -ology
L1-0419	1	学生	學生	xué sheng	2,5	N	学生	學生	student; schoolchild
L1-0420	1	学习	學習	xué xí	2,2	V	学习	學習	to learn; to study
L1-0421	1	学校	學校	xué xiào	2,4	N	学校	學校	school; CL:所[suo3]
L1-0422	1	学院	學院	xué yuàn	2,4	N	学院	學院	college; educational institute; school; faculty; CL:所[suo3]
L1-0423	1	要	要	yào	4	V	要	要	to want; to need; to ask for; will; shall; about to; need to; should; if (same as 要是[yao4 shi5]); (bound form) important
L1-0424	1	爷爷	爺爺	yé ye	2,5	N	爷爷	爺爺	(coll.) paternal grandfather; grandpa
L1-0425	1	也	也	yě	3	Adv	也	也	also; too; as well; (not ...) either; (used after a verbal or nominal expression X to indicate that X is an extreme or unexpected case) even (X); (literary) particle having functions similar to 啊[a5]
L1-0426	1	页	頁	yè	4	M	页	頁	page; leaf
L1-0427	1	一	一	yī	1	Num	一	一	one; single; a (article); as soon as; entire; whole; all; throughout; "one" radical in Chinese characters (Kangxi radical 1); also pr. [yao1] for greater clarity when spelling out numbers digit by digit
L1-0428	1	衣服	衣服	yī fu	1,5	N	衣服	衣服	clothes; CL:件[jian4],套[tao4]
L1-0429	1	医生	醫生	yī shēng	1,1	N	医生	醫生	doctor; medical practitioner
L1-0430	1	医院	醫院	yī yuàn	1,4	N	医院	醫院	hospital; CL:所[suo3],家[jia1],座[zuo4]
L1-0431	1	一半	一半	yī bàn	1,4	Num	一半	一半	half
L1-0432	1	一会儿	一會兒	yī huì r	1,4,5		一会儿	一會兒	a moment; a while; in a moment; now...now...; also pr. [yi1 hui3 r5]
L1-0433	1	一块儿	一塊兒	yī kuài r	1,4,5	N/Adv	一块儿	一塊兒	erhua variant of 一塊|一块[yi1 kuai4]
L1-0434	1	一下儿	一下兒	yī xià r	1,4,5		一下儿	一下兒	erhua form of 一下[yi1 xia4]
L1-0435	1	一样	一樣	yī yàng	1,4	Adj	一样	一樣	same; like; equal to; the same as; just like
L1-0436	1	一边	一邊	yī biān	1,1	N/Adv	一边	一邊	one side; either side; on the one hand; on the other hand; doing while
L1-0437	1	一点儿	一點兒	yī diǎn r	1,3,5		一点儿	一點兒	erhua variant of 一點|一点[yi1 dian3]
L1-0438	1	一起	一起	yī qǐ	1,3	Adv/N	一起	一起	(in) the same place; together; in company (with); altogether; in total; an instance of; a case of (murder, accident, dispute etc)
L1-0439	1	一些	一些	yī xiē	1,1		一些	一些	some; a few; a little; (following an adjective) slightly ...er
L1-0440	1	用	用	yòng	4	V	用	用	to use; to make use of; to employ; (coverb) with; using; to need; to have to (usu. used in the negative or in questions); usefulness; utility; (bound form) expense; outlay; (courteous) to eat; to drink; (literary) hence; therefore
L1-0441	1	有	有	yǒu	3	V	有	有	to have; there is; (bound form) having; with; -ful; -ed; -al (as in 有意[you3 yi4] intentional)
L1-0442	1	有的	有的	yǒu de	3,5	Pron	有的	有的	(there are) some (who are...); some (exist)
L1-0443	1	有名	有名	yǒu míng	3,2		有名	有名	famous; well-known
L1-0444	1	有时候	有時候	yǒu shí hou	3,2,5	Adv	有时候|有时	有時候|有時	sometimes
L1-0445	1	有些	有些	yǒu xiē	3,1	Pron	有（一）些	有（一）些	some; somewhat; rather; a bit
L1-0446	1	有用	有用	yǒu yòng	3,4	V	有用	有用	useful
L1-0447	1	右	右	yòu	4	N	右	右	(bound form) right; right-hand side; (bound form) (politics) right of center; (bound form) (old) west; (literary) the right side as the side of precedence
L1-0448	1	右边	右邊	yòu bian	4,5	N	右边	右邊	right side; right, to the right
L1-0449	1	雨	雨	yǔ	3	N	雨	雨	rain; CL:陣|阵[zhen4],場|场[chang2]
L1-0450	1	元	元	yuán	2	M	元	元	currency unit (esp. Chinese yuan); (bound form) first; original; primary; (bound form) basic; fundamental; (bound form) constituent; part; (prefix) meta-; (math.) argument; variable; era (of a reign); (Tw) (geology) eon
L1-0451	1	远	遠	yuǎn	3	Adj	远	遠	far; distant; remote; (intensifier in a comparison) by far; much (lower etc)
L1-0452	1	月	月	yuè	4	N	月	月	moon; month; monthly; CL:個|个[ge4],輪|轮[lun2]
L1-0453	1	再	再	zài	4	Adv	再	再	again; once more; re-; further; beyond this point of time; (before an adjective) more; then (after sth, and not until then); no matter how ... (followed by an adjective or verb, and then (usually) 也[ye3] or 都[dou1] for emphasis); (used to introduce additional information, as in 再則|再则[zai4 ze2], 再就是[zai4 jiu4 shi4] etc); (literary) to reappear; to reoccur
L1-0454	1	再见	再見	zài jiàn	4,4	V	再见	再見	goodbye; see you again later
L1-0455	1	在	在	zài	4	V/Prep/Adv	在	在	to exist; to be alive; (of sb or sth) to be (located) at; (used before a verb to indicate an action in progress)
L1-0456	1	在家	在家	zài jiā	4,1	V	在家	在家	to be at home; (at a workplace) to be in (as opposed to being away on official business 出差[chu1 chai1]); (Buddhism etc) to remain a layman (as opposed to becoming a monk or a nun 出家[chu1 jia1])
L1-0457	1	早	早	zǎo	3	Adj	早	早	early; morning; Good morning!; long ago; prematurely
L1-0458	1	早饭	早飯	zǎo fàn	3,4	N	早饭	早飯	breakfast; CL:份[fen4],頓|顿[dun4],次[ci4],餐[can1]
L1-0459	1	早上	早上	zǎo shang	3,5	N	早上	早上	early morning; CL:個|个[ge4]
L1-0460	1	怎么	怎麼	zěn me	3,5	Pron	怎么	怎麼	how?; what?; why?
L1-0461	1	站	站	zhàn	4	N	站	站	station; to stand; to halt; to stop; branch of a company or organization; website
L1-0462	1	找	找	zhǎo	3	V	找	找	to try to find; to look for; to call on sb; to find; to seek; to return; to give change
L1-0463	1	找到	找到	zhǎo dào	3,4		找到	找到	to find
L1-0464	1	这	這	zhè	4	Pron	这	這	(pronoun) this; these; (bound form) this; the (followed by a noun); (bound form) this; these (followed by a classifier) (in this sense, commonly pr. [zhei4], esp. in Beijing)
L1-0465	1	这边	這邊	zhè biān	4,1	Pron	这边	這邊	this side; here
L1-0466	1	这里	這裡	zhè lǐ	4,3	Pron	这里	這裡	here
L1-0467	1	这儿	這兒	zhè r	4,5	Pron	这儿	這兒	here
L1-0468	1	这些	這些	zhè xiē	4,1	Pron	这些	這些	these
L1-0469	1	着	著	zhe	5	Aux	着	著	aspect particle indicating action in progress or ongoing state
L1-0470	1	真	真	zhēn	1	Adv/Adj	真	真	really; truly; indeed; real; true; genuine
L1-0471	1	真的	真的	zhēn de	1,5		真的	真的	really; truly; indeed; real; true; genuine; (math.) proper
L1-0472	1	正	正	zhèng	4	Adv	正	正	straight; upright; proper; main; principal; to correct; to rectify; exactly; just (at that time); right (in that place); (math.) positive
L1-0473	1	正在	正在	zhèng zài	4,4	Adv	正在	正在	to be in the process of (doing sth); to be currently ...-ing
L1-0474	1	知道	知道	zhī dào	1,4	V	知道	知道	to know; to become aware of; also pr. [zhi1dao5]
L1-0475	1	知识	知識	zhī shi	1,5	N	知识	知識	knowledge; CL:門|门[men2]; intellectual
L1-0476	1	中	中	zhōng	1	N	中	中	within; among; in; middle; center; while (doing sth); during; (dialect) OK; all right
L1-0477	1	中国	中國	Zhōng guó	1,2	N	中国	中國	China
L1-0478	1	中间	中間	zhōng jiān	1,1	N	中间	中間	the middle; the inside; in the middle; within; between; among; during; in the meantime
L1-0479	1	中文	中文	Zhōng wén	1,2	N	中文	中文	Chinese language
L1-0480	1	中午	中午	zhōng wǔ	1,3	N	中午	中午	noon; midday; CL:個|个[ge4]
L1-0481	1	中学	中學	zhōng xué	1,2	N	中学	中學	middle school
L1-0482	1	中学生	中學生	zhōng xué shēng	1,2,1	N	中学生	中學生	middle-school student; high school student
L1-0483	1	重	重	zhòng	4	Adj	重	重	heavy; serious; to attach importance to
L1-0484	1	重要	重要	zhòng yào	4,4	Adj	重要	重要	important; significant; major
L1-0485	1	住	住	zhù	4	V	住	住	to live; to reside; to stay; to stop; to cease; (result complement indicating firmness or a stable achieved state)
L1-0486	1	准备	準備	zhǔn bèi	3,4	V	准备	準備	preparation; to prepare; to intend; to be about to; reserve (fund)
L1-0487	1	桌子	桌子	zhuō zi	1,5	N	桌子	桌子	table; desk; CL:張|张[zhang1],套[tao4]
L1-0488	1	字	字	zì	4	N	字	字	letter; symbol; character; word; CL:個|个[ge4]; courtesy or style name traditionally given to males aged 20 in dynastic China
L1-0489	1	子	子	zi	5	Suffix	子（桌子）	子（桌子）	noun suffix, as in 椅子[yi3 zi5] "chair"
L1-0490	1	走	走	zǒu	3	V	走	走	to walk; to go; to run; to move (of vehicle); to visit; to leave; to go away; to die (euph.); from; through; away (in compound verbs, such as 撤走[che4 zou3]); to change (shape, form, meaning)
L1-0491	1	走路	走路	zǒu lù	3,4		走路	走路	to walk; to go on foot; to leave; to depart; (informal) to clear off; to beat it; (of sb who gets fired or resigns) to leave the job; to get out
L1-0492	1	最	最	zuì	4	Adv	最	最	(before an adjective or verb) to the highest degree; (the) most ...; -est; (after 之[zhi1]) best or most extreme example (e.g. 世界之最[shi4 jie4 zhi1 zui4] "the greatest in the world")
L1-0493	1	最好	最好	zuì hǎo	4,3	Adv	最好	最好	best; had better ...; it would be best to ...
L1-0494	1	最后	最後	zuì hòu	4,4	N	最后	最後	final; last; ultimate; finally; in the end
L1-0495	1	昨天	昨天	zuó tiān	2,1	N	昨天	昨天	yesterday
L1-0496	1	左	左	zuǒ	3	N	左	左	left; the Left (politics); east; unorthodox; queer; wrong; differing; opposite; variant of 佐[zuo3]
L1-0497	1	左边	左邊	zuǒ bian	3,5	N	左边	左邊	left; the left side; to the left of
L1-0498	1	坐	坐	zuò	4	V	坐	坐	to sit; to take a seat; to take (a bus, airplane etc); to bear fruit; variant of 座[zuo4]
L1-0499	1	坐下	坐下	zuò xia	4,5		坐下	坐下	to sit down
L1-0500	1	做	做	zuò	4	V	做	做	to make; to produce; to write; to compose; to do; to engage in; to hold (a party etc); (of a person) to be (an intermediary, a good student etc); to become (husband and wife, friends etc); (of a thing) to serve as; to be used for; to assume (an air or manner)
L2-0001	2	啊	啊	a	5	Aux	啊	啊	modal particle ending sentence, showing affirmation, approval, or consent
L2-0002	2	爱情	愛情	ài qíng	4,2	N	爱情	愛情	romance; love (romantic); CL:份[fen4]
L2-0003	2	爱人	愛人	ài ren	4,5	N	爱人	愛人	spouse (PRC); lover (non-PRC); CL:個|个[ge4]
L2-0004	2	安静	安靜	ān jìng	1,4	Adj/V	安静	安靜	quiet; peaceful; calm
L2-0005	2	安全	安全	ān quán	1,2	Adj/N	安全	安全	safe; secure; safety; security
L2-0006	2	白色	白色	bái sè	2,4	N	白色	白色	white; fig. reactionary; anti-communist
L2-0007	2	班长	班長	bān zhǎng	1,3	N	班长	班長	class monitor; squad leader; team leader; CL:個|个[ge4]
L2-0008	2	办	辦	bàn	4	V	办	辦	to take care of (a matter); to deal with (a task, procedure etc); to organize (an event); to establish; to set up; to manage; to run (an enterprise); (law) to handle; to investigate; to prosecute (a case or suspect); (bound form) office (as in 招辦|招办[zhao1 ban4], admissions office) (abbr. for 辦公室|办公室[ban4 gong1 shi4])
L2-0009	2	办法	辦法	bàn fǎ	4,3	N	办法	辦法	way of handling sth; means; measure; (practical) solution to a problem; CL:條|条[tiao2]
L2-0010	2	办公室	辦公室	bàn gōng shì	4,1,4	N	办公室	辦公室	office; business premises
L2-0011	2	半夜	半夜	bàn yè	4,4	N	半夜	半夜	midnight; in the middle of the night
L2-0012	2	帮助	幫助	bāng zhù	1,4	V	帮助	幫助	assistance; aid; to help; to assist
L2-0013	2	饱	飽	bǎo	3	Adj	饱	飽	to eat till full; satisfied
L2-0014	2	报名	報名	bào míng	4,2		报名	報名	to sign up; to enter one's name; to apply; to register; to enroll; to enlist
L2-0015	2	报纸	報紙	bào zhǐ	4,3	N	报纸	報紙	newspaper; newsprint; CL:份[fen4],期[qi1],張|张[zhang1]
L2-0016	2	北方	北方	běi fāng	3,1	N	北方	北方	north; the northern part a country; China north of the Yellow River
L2-0017	2	背	背	bèi	4	V	背	背	the back of a body or object; to turn one's back; to hide something from; to learn by heart; to recite from memory; (slang) unlucky; hard of hearing
L2-0018	2	比如	比如	bǐ rú	3,2	V	比如	比如	for example; for instance; such as
L2-0019	2	比如说	比如說	bǐ rú shuō	3,2,1		比如说	比如說	for example
L2-0020	2	笔	筆	bǐ	3	N/M	笔	筆	writing brush; writing implement (pen, pencil etc) (CL:支[zhi1],枝[zhi1]); brushstroke; stroke (in painting or calligraphy); (bound form) style of writing; literary manner; technique of brushwork; (classifier) stroke of a Chinese character; (classifier) sum of money; financial transaction; piece of business; (literary) to write (with a brush or pen)
L2-0021	2	笔记	筆記	bǐ jì	3,4	N	笔记	筆記	to take down (in writing); notes; a type of literature consisting mainly of short sketches; CL:本[ben3]
L2-0022	2	笔记本	筆記本	bǐ jì běn	3,4,3	N	笔记本	筆記本	notebook (stationery) (CL:本[ben3]); (computing) laptop; notebook (abbr. for 筆記本電腦|笔记本电脑[bi3 ji4 ben3 dian4 nao3])
L2-0023	2	必须	必須	bì xū	4,1	Adv	必须	必須	to have to; must; compulsory; necessarily
L2-0024	2	边	邊	biān	1	N	边	邊	side; edge; margin; border; boundary; CL:個|个[ge4]; simultaneously
L2-0025	2	变	變	biàn	4	V	变	變	to change; to become different; to transform; to vary; rebellion
L2-0026	2	变成	變成	biàn chéng	4,2		变成	變成	to change into; to turn into; to become
L2-0027	2	遍	遍	biàn	4	M	遍	遍	everywhere; all over; classifier for actions: one time
L2-0028	2	表	表	biǎo	3	N	表	表|錶	exterior surface; family relationship via females; to show (one's opinion); a model; a table (listing information); a form; a meter (measuring sth)
L2-0029	2	表示	表示	biǎo shì	3,4	V/N	表示	表示	(of sb) to express; to state; to show; (of sth) to indicate; to signify; to show; expression; manifestation
L2-0030	2	不错	不錯	bù cuò	4,4	Adj	不错	不錯	correct; right; not bad; pretty good
L2-0031	2	不但	不但	bù dàn	4,4	Conj	不但	不但	not only (... but also ...)
L2-0032	2	不够	不夠	bù gòu	4,4	V/Adv	不够	不夠	not enough; insufficient; inadequate
L2-0033	2	不过	不過	bù guò	4,4	Conj	不过	不過	only; merely; no more than; but; however; anyway (to get back to a previous topic); cannot be more (after adjectival)
L2-0034	2	不太	不太	bù tài			不太	不太	not very; not too
L2-0035	2	不要	不要	bù yào	4,4	Adv	不要	不要	don't!; must not
L2-0036	2	不好意思	不好意思	bù hǎo yì si	4,3,4,5		不好意思	不好意思	to feel embarrassed; to find it embarrassing; to be sorry (for inconveniencing sb)
L2-0037	2	不久	不久	bù jiǔ	4,3	Adj	不久	不久	not long (after); before too long; soon; soon after
L2-0038	2	不满	不滿	bù mǎn	4,3	Adj	不满	不滿	dissatisfied; discontented; resentful; (before a number) to be less than
L2-0039	2	不如	不如	bù rú	4,2	V	不如	不如	not equal to; not as good as; inferior to; it would be better to
L2-0040	2	不少	不少	bù shǎo	4,3		不少	不少	many; quite a few; a good number of
L2-0041	2	不同	不同	bù tóng	4,2		不同	不同	different; distinct; not the same; not alike
L2-0042	2	不行	不行	bù xíng	4,2	V/Adj	不行	不行	won't do; be out of the question; be no good; not work; not be capable
L2-0043	2	不一定	不一定	bù yī dìng	4,1,4	Adv	不一定	不一定	not necessarily; maybe
L2-0044	2	不一会儿	不一會兒	bù yīhuìr			不一会儿	不一會兒	in a little while; before long
L2-0045	2	部分	部分	bù fen	4,5	N	部分	部分	part; portion; piece; Taiwan pr. [bu4fen4]
L2-0046	2	才	才	cái	2	Adv	才	才	ability; talent; sb of a certain type; a capable individual; then and only then; just now; (before an expression of quantity) only; (emphatic, esp. in contrast or correction) really; actually
L2-0047	2	菜单	菜單	cài dān	4,1	N	菜单	菜單	menu; CL:份[fen4],張|张[zhang1]
L2-0048	2	参观	參觀	cān guān	1,1	V	参观	參觀	to visit (a place, e.g. museum or factory); to tour; to look around
L2-0049	2	参加	參加	cān jiā	1,1	V	参加	參加	to participate; to take part; to join
L2-0050	2	草	草	cǎo	3	N	草	草	grass; straw; manuscript; draft (of a document); careless; rough; CL:棵[ke1],撮[zuo3],株[zhu1],根[gen1]
L2-0051	2	草地	草地	cǎo dì	3,4	N	草地	草地	lawn; meadow; sod; turf; CL:片[pian4]
L2-0052	2	层	層	céng	2	M	层	層	to pile on top of one another; layer; stratum; floor (of a building); story; (math.) sheaf; classifier for layers
L2-0053	2	查	查	chá	2	V	查	查	to research; to check; to investigate; to examine; to refer to; to look up (e.g. a word in a dictionary)
L2-0054	2	差不多	差不多	chà bu duō	4,5,1	Adj/Adv	差不多	差不多	almost; nearly; more or less; about the same; good enough; not bad
L2-0055	2	长	長	cháng	2	Adj	长	長	long; (bound form) length; (bound form) strong point; forte; (bound form) to be good at; (literary) surplus; spare (Taiwan pr. [zhang4])
L2-0056	2	常见	常見	cháng jiàn	2,4		常见	常見	commonly seen; common; to see sth frequently
L2-0057	2	常用	常用	cháng yòng	2,4		常用	常用	in common usage
L2-0058	2	场	場	chǎng	3	M	场	場	large place used for a specific purpose; stage; scene (of a play); classifier for sporting or recreational activities; classifier for number of exams
L2-0059	2	超过	超過	chāo guò	1,4	V	超过	超過	to surpass; to exceed; to outstrip
L2-0060	2	超市	超市	chāo shì	1,4	N	超市	超市	supermarket (abbr. for 超級市場|超级市场[chao1 ji2 shi4 chang3]); CL:家[jia1]
L2-0061	2	车辆	車輛	chē liàng	1,4	N	车辆	車輛	vehicle
L2-0062	2	称	稱	chēng	1	V	称1	稱1	to weigh; to state; to name; name; appellation; to praise
L2-0063	2	成	成	chéng	2	V	成	成	to succeed; to finish; to complete; to accomplish; to become; to turn into; to be all right; OK!; one tenth
L2-0064	2	成绩	成績	chéng jì	2,4	N	成绩	成績	achievement; performance records; grades; CL:項|项[xiang4],個|个[ge4]
L2-0065	2	成为	成為	chéng wéi	2,2	V	成为	成為	to become; to turn into
L2-0066	2	重复	重複	chóng fù	2,4	V	重复	重複	to repeat; to duplicate; CL:個|个[ge4]
L2-0067	2	重新	重新	chóng xīn	2,1	Adv	重新	重新	again; once more; re-
L2-0068	2	出发	出發	chū fā	1,1	V	出发	出發	to set off; to start (on a journey)
L2-0069	2	出国	出國	chū guó	1,2		出国	出國	to go abroad; to leave the country
L2-0070	2	出口	出口	chū kǒu	1,3	N	出口	出口	an exit; CL:個|个[ge4]; to speak; to export; (of a ship) to leave port
L2-0071	2	出门	出門	chū mén	1,2		出门	出門	to go out; to leave home; to go on a journey; away from home; (of a woman) to get married
L2-0072	2	出生	出生	chū shēng	1,1	V	出生	出生	to be born
L2-0073	2	出现	出現	chū xiàn	1,4	V	出现	出現	to appear; to arise; to emerge; to show up
L2-0074	2	出院	出院	chū yuàn	1,4		出院	出院	to leave hospital; to be discharged from hospital
L2-0075	2	出租	出租	chū zū	1,1	V	出租	出租	to rent
L2-0076	2	出租车	出租車	chū zū chē	1,1,1	N	出租车	出租車	taxi; (Tw) rental car
L2-0077	2	船	船	chuán	2	N	船	船	boat; vessel; ship; CL:條|条[tiao2],艘[sou1],隻|只[zhi1]
L2-0078	2	吹	吹	chuī	1	V	吹	吹	to blow; to play a wind instrument; to blast; to puff; to boast; to brag; to end in failure; to fall through
L2-0079	2	春节	春節	Chūn jié	1,2	N	春节	春節	Spring Festival (Chinese New Year)
L2-0080	2	春天	春天	chūn tiān	1,1	N	春天	春天	spring (season); CL:個|个[ge4]
L2-0081	2	词	詞	cí	2	N	词	詞	word; statement; speech; lyrics; a form of lyric poetry, flourishing in the Song dynasty 宋朝[Song4 chao2] (CL:首[shou3])
L2-0082	2	词典	詞典	cí diǎn	2,3	N	词典	詞典	dictionary; CL:本[ben3],部[bu4]
L2-0083	2	词语	詞語	cí yǔ	2,3	N	词语	詞語	word (general term including monosyllables through to short phrases); term (e.g. technical term); expression
L2-0084	2	从小	從小	cóng xiǎo	2,3	Adv	从小	從小	from childhood; from a young age
L2-0085	2	答应	答應	dā ying	1,5	V	答应	答應	to answer; to respond; to answer positively; to agree; to accept; to promise
L2-0086	2	打工	打工	dǎ gōng	3,1		打工	打工	to work a temporary or casual job; (of students) to have a job outside of class time, or during vacation
L2-0087	2	打算	打算	dǎ suàn	3,4	V/N	打算	打算	to plan; to intend; to calculate; plan; intention; calculation; CL:個|个[ge4]
L2-0088	2	打印	打印	dǎ yìn	3,4	V	打印	打印	to affix a seal; to stamp; to print out (with a printer)
L2-0089	2	大部分	大部分	dà bù fen	4,4,5	N	大部分	大部分	the greater part; the majority; most; Taiwan pr. [da4bu4fen4]
L2-0090	2	大大	大大	dà dà	4,4	Adv	大大	大大	greatly; enormously; (dialect) dad; uncle
L2-0091	2	大多数	大多數	dà duō shù	4,1,4	N	大多数	大多數	(great) majority
L2-0092	2	大海	大海	dà hǎi	4,3	N	大海	大海	sea; ocean
L2-0093	2	大家	大家	dà jiā	4,1	Pron	大家	大家	everyone; influential family; great expert
L2-0094	2	大量	大量	dà liàng	4,4	Adj	大量	大量	great amount; large quantity; bulk; numerous; generous; magnanimous
L2-0095	2	大门	大門	dà mén	4,2	N	大门	大門	entrance; door; gate; large and influential family
L2-0096	2	大人	大人	dà ren	4,5	N	大人	大人	adult; grownup; title of respect toward superiors
L2-0097	2	大声	大聲	dà shēng	4,1		大声	大聲	loud voice; in a loud voice; loudly
L2-0098	2	大小	大小	dà xiǎo	4,3	N	大小	大小	large and small; size; adults and children; consideration of seniority; at any rate
L2-0099	2	大衣	大衣	dà yī	4,1	N	大衣	大衣	overcoat; topcoat; cloak; CL:件[jian4]
L2-0100	2	大自然	大自然	dà zì rán	4,4,2	N	大自然	大自然	nature (the natural world)
L2-0101	2	带	帶	dài	4	V	带	帶	band; belt; girdle; ribbon; tire; area; zone; region; CL:條|条[tiao2]; to wear; to carry; to take along; to bear (i.e. to have); to lead; to bring; to look after; to raise
L2-0102	2	带来	帶來	dài lái	4,2		带来	帶來	to bring; (fig.) to bring about; to produce
L2-0103	2	单位	單位	dān wèi	1,4	N	单位	單位	unit (of measure); unit (group of people as a whole); work unit (place of employment, esp. in the PRC prior to economic reform); CL:個|个[ge4]
L2-0104	2	但	但	dàn	4	Conj	但	但	but; yet; however; still; merely; only; just
L2-0105	2	但是	但是	dàn shì	4,4	Conj	但是	但是	but; however
L2-0106	2	蛋	蛋	dàn	4	N	蛋	蛋	egg; CL:個|个[ge4],打[da2]; oval-shaped thing
L2-0107	2	当	當	dāng	1	V/Prep	当	當	to be; to act as; manage; withstand; when; during; ought; should; match equally; equal; same; obstruct; just at (a time or place); on the spot; right; just at
L2-0108	2	当时	當時	dāng shí	1,2	N	当时	當時	then; at that time
L2-0109	2	倒	倒	dǎo	3	V	倒	倒	to fall; to collapse; to lie horizontally; to fail; to go bankrupt; to overthrow; to change (trains or buses); to move around; to resell at a profit
L2-0110	2	到处	到處	dào chù	4,4	Adv	到处	到處	everywhere
L2-0111	2	倒	倒	dào	4	V	倒	倒	to invert; to place upside down or frontside back; to pour out; to tip out; to dump; inverted; upside down; reversed; to go backward; contrary to what one might expect; but; yet
L2-0112	2	道	道	dào	4	M	道	道	road; path (CL:條|条[tiao2],股[gu3]); (bound form) way; reason; principle; (bound form) a skill; an art; a specialization; (Daoism) the Way; the Dao; to say (introducing a direct quotation, as in a novel); (bound form) to express; to extend (polite words); classifier for long thin things (rivers, cracks, shadows etc), barriers (walls, doors etc), questions (in an exam etc), commands, courses in a meal, steps in a process; (old) circuit (administrative division)
L2-0113	2	道理	道理	dào li	4,5	N	道理	道理	reason; argument; sense; principle; basis; justification; CL:個|个[ge4]
L2-0114	2	道路	道路	dào lù	4,4	N	道路	道路	road; path; way; CL:條|条[tiao2]
L2-0115	2	得	得	dé	2	V	得	得	to obtain; to get; to gain; to catch (a disease); proper; suitable; proud; contented; to allow; to permit; ready; finished
L2-0116	2	得出	得出	dé chū	2,1		得出	得出	to obtain (a result); to arrive at (a conclusion)
L2-0117	2	的话	的話	de huà	5,4	Aux	的话	的話	if (coming after a conditional clause)
L2-0118	2	得	得	de	5	Aux	得	得	structural particle: used after a verb (or adjective as main verb), linking it to following phrase indicating effect, degree, possibility etc
L2-0119	2	灯	燈	dēng	1	N	灯	燈	lamp; light; lantern; CL:盞|盏[zhan3]
L2-0120	2	等	等	děng	3	Aux/N	等	等	to wait for; to await; by the time; when; till; and so on; etc.; et al.; (bound form) class; rank; grade; (bound form) equal to; same as; (used to end an enumeration); (literary) (plural suffix attached to a personal pronoun or noun)
L2-0121	2	等到	等到	děng dào	3,4	Prep	等到	等到	to wait until; by the time when (sth is ready etc)
L2-0122	2	等于	等於	děng yú	3,2	V	等于	等於	to equal; to be tantamount to
L2-0123	2	低	低	dī	1	Adj/V	低	低	low; beneath; to lower (one's head); to let droop; to hang down; to incline
L2-0124	2	地球	地球	dì qiú	4,2	N	地球	地球	the earth
L2-0125	2	地铁	地鐵	dì tiě	4,3	N	地铁	地鐵	underground railway; subway; subway train
L2-0126	2	地铁站	地鐵站	dì tiě zhàn	4,3,4	N	地铁站	地鐵站	subway station
L2-0127	2	点头	點頭	diǎn tóu	3,2		点头	點頭	to nod
L2-0128	2	店	店	diàn	4	N	店	店	inn; old-style hotel (CL:家[jia1]); (bound form) shop; store
L2-0129	2	掉	掉	diào	4	V	掉	掉	to fall; to drop; to lag behind; to lose; to go missing; to reduce; fall (in prices); to lose (value, weight etc); to wag; to swing; to turn; to change; to exchange; to swap; to show off; to shed (hair); (used after certain verbs to express completion, fulfillment, removal etc)
L2-0130	2	东北	東北	dōng běi	1,3	N	东北	東北	northeast
L2-0131	2	东方	東方	dōng fāng	1,1	N	东方	東方	east
L2-0132	2	东南	東南	dōng nán	1,2	N	东南	東南	southeast
L2-0133	2	冬天	冬天	dōng tiān	1,1	N	冬天	冬天	winter
L2-0134	2	懂	懂	dǒng	3	V	懂	懂	to understand; to comprehend
L2-0135	2	懂得	懂得	dǒng de	3,5	V	懂得	懂得	to understand; to know; to comprehend
L2-0136	2	动物	動物	dòng wù	4,4	N	动物	動物	animal
L2-0137	2	动物园	動物園	dòng wù yuán	4,4,2	N	动物园	動物園	zoo
L2-0138	2	读音	讀音	dú yīn	2,1	N	读音	讀音	pronunciation; literary (rather than colloquial) pronunciation of a Chinese character
L2-0139	2	度	度	dù	4	N/M	度	度	to pass; to spend (time); measure; limit; extent; degree of intensity; degree (angles, temperature etc); kilowatt-hour; classifier for events and occurrences
L2-0140	2	短	短	duǎn	3	Adj	短	短	short; brief; to lack; weak point; fault
L2-0141	2	短信	短信	duǎn xìn	3,4	N	短信	短信	text message; SMS
L2-0142	2	段	段	duàn	4	M	段	段	paragraph; section; segment; stage (of a process); classifier for stories, periods of time, lengths of thread etc
L2-0143	2	队	隊	duì	4	N	队	隊	squadron; team; group; CL:個|个[ge4]
L2-0144	2	队长	隊長	duì zhǎng	4,3	N	队长	隊長	captain; team leader; CL:個|个[ge4]
L2-0145	2	对	對	duì	4	Prep/V	对	對	right; correct; towards; at; for; concerning; regarding; to treat (sb a certain way); to face; (bound form) opposite; facing; matching; to match together; to adjust; to fit; to suit; to answer; to reply; to add; to pour in (a fluid); to check; to compare; classifier: couple; pair
L2-0146	2	对话	對話	duì huà	4,4	V/N	对话	對話	to talk (with sb); dialogue; conversation
L2-0147	2	对面	對面	duì miàn	4,4	N	对面	對面	opposite; across (the street etc); directly in front of one; up ahead; face to face
L2-0148	2	多	多	duō	1	Adv	多	多	many; much; more; a lot of; too many; in excess; (after a numeral) ... odd; how (to what extent) (Taiwan pr. [duo2]); (bound form) multi-; poly-
L2-0149	2	多久	多久	duō jiǔ	1,3	Pron	多久	多久	(of time) how long?; (not) a long time
L2-0150	2	多么	多麼	duō me	1,5	Adv	多么	多麼	how (wonderful etc); what (a great idea etc); however (difficult it may be etc); (in interrogative sentences) how (much etc); to what extent
L2-0151	2	多数	多數	duō shù	1,4	N	多数	多數	majority; most
L2-0152	2	多云	多雲	duō yún	1,2	N	多云	多雲	(meteorology) cloudy
L2-0153	2	而且	而且	ér qiě	2,3	Conj	而且	而且	(not only ...) but also; moreover; in addition; furthermore
L2-0154	2	发	發	fā	1	V	发	發	to send out; to show (one's feeling); to issue; to develop; to make a bundle of money; classifier for gunshots (rounds)
L2-0155	2	发现	發現	fā xiàn	1,4	V/N	发现	發現	to notice; to become aware of; to discover; to find; to detect; a discovery
L2-0156	2	饭馆	飯館	fàn guǎn	4,3	N	饭馆	飯館	restaurant; CL:家[jia1]
L2-0157	2	方便	方便	fāng biàn	1,4	Adj	方便	方便	convenient; suitable; to facilitate; to make things easy; having money to spare; (euphemism) to relieve oneself
L2-0158	2	方便面	方便麵	fāng biàn miàn	1,4,4	N	方便面	方便麵	instant noodles
L2-0159	2	方法	方法	fāng fǎ	1,3	N	方法	方法	method; way; technique; procedure
L2-0160	2	方面	方面	fāng miàn	1,4	N	方面	方面	respect; aspect; field; side; CL:個|个[ge4]
L2-0161	2	方向	方向	fāng xiàng	1,4	N	方向	方向	direction; orientation
L2-0162	2	放下	放下	fàng xià	4,4		放下	放下	to lay down; to put down; to let go of; to relinquish; to set aside; to lower (the blinds etc)
L2-0163	2	放心	放心	fàng xīn	4,1		放心	放心	to feel relieved; to feel reassured; to be at ease
L2-0164	2	分	分	fēn	1	V	分	分	to divide; to separate; to distribute; to allocate; to distinguish (good and bad); (bound form) branch of (an organization); sub- (as in 分局[fen1 ju2]); fraction; one tenth (of certain units); unit of length equivalent to 0.33 cm; minute (unit of time); minute (angular measurement unit); a point (in sports or games); 0.01 yuan (unit of money)
L2-0165	2	分开	分開	fēn kāi	1,1		分开	分開	to separate; to part
L2-0166	2	分数	分數	fēn shù	1,4	N	分数	分數	(exam) grade; mark; score; fraction
L2-0167	2	分钟	分鐘	fēn zhōng	1,1	M	分钟	分鐘	minute
L2-0168	2	份	份	fèn	4	M	份	份	classifier for gifts, newspaper, magazine, papers, reports, contracts etc; variant of 分[fen4]
L2-0169	2	封	封	fēng	1	M	封	封	to confer; to grant; to bestow a title; to seal; classifier for sealed objects, esp. letters
L2-0170	2	服务	服務	fú wù	2,4	V	服务	服務	to serve; service; CL:項|项[xiang4]
L2-0171	2	复习	複習	fù xí	4,2	V	复习	複習	variant of 復習|复习[fu4 xi2]
L2-0172	2	该	該	gāi	1	V	该	該	should; ought to; probably; must be; to deserve; to owe; to be sb's turn to do sth; that; the above-mentioned
L2-0173	2	改	改	gǎi	3	V	改	改	to change; to alter; to transform; to correct
L2-0174	2	改变	改變	gǎi biàn	3,4	V/N	改变	改變	to change; to alter; to transform
L2-0175	2	干杯	乾杯	gān bēi	1,1		干杯	乾杯	to drink a toast; Cheers! (proposing a toast); Here's to you!; Bottoms up!; lit. dry cup
L2-0176	2	感到	感到	gǎn dào	3,4	V	感到	感到	to feel; to sense; to perceive
L2-0177	2	感动	感動	gǎn dòng	3,4	Adj/V	感动	感動	to move (sb); to touch (sb emotionally); moving
L2-0178	2	感觉	感覺	gǎn jué	3,2	V/N	感觉	感覺	feeling; impression; sensation; to feel; to perceive
L2-0179	2	感谢	感謝	gǎn xiè	3,4	V	感谢	感謝	to thank; to be grateful
L2-0180	2	干活儿	幹活兒	gàn huó r	4,2,5		干活儿	幹活兒	erhua variant of 幹活|干活[gan4 huo2]
L2-0181	2	刚	剛	gāng	1	Adv	刚	剛	(literary) hard; firm; strong; exactly; precisely; barely; only just; just; only a short while ago
L2-0182	2	刚才	剛才	gāng cái	1,2	N	刚才	剛才	just now; a moment ago
L2-0183	2	刚刚	剛剛	gāng gang	1,5	Adv	刚刚	剛剛	just recently; just a moment ago
L2-0184	2	高级	高級	gāo jí	1,2	Adj	高级	高級	high level; high grade; advanced; high-ranking
L2-0185	2	高中	高中	gāo zhōng	1,1	N	高中	高中	senior high school (abbr. for 高級中學|高级中学[gao1 ji2 zhong1 xue2])
L2-0186	2	个子	個子	gè zi	4,5	N	个子	個子	stature; height; size (of a person or object); (agriculture) bundle of cereal stalks tied together
L2-0187	2	更	更	gèng	4	Adv	更	更	more; even more; further; still; still more
L2-0188	2	公共汽车	公共汽車	gōng gòng qì chē	1,4,4,1		公共汽车	公共汽車	bus; CL:輛|辆[liang4],班[ban1]
L2-0189	2	公交车	公交車	gōng jiāo chē	1,1,1	N	公交车	公交車	public transport vehicle; town bus; CL:輛|辆[liang4]
L2-0190	2	公斤	公斤	gōng jīn	1,1	M	公斤	公斤	kilogram (kg)
L2-0191	2	公里	公里	gōng lǐ	1,3	M	公里	公里	kilometer
L2-0192	2	公路	公路	gōng lù	1,4	N	公路	公路	highway; road; CL:條|条[tiao2]
L2-0193	2	公平	公平	gōng píng	1,2	Adj	公平	公平	fair; impartial
L2-0194	2	公司	公司	gōng sī	1,1	N	公司	公司	company; firm; corporation; CL:家[jia1]
L2-0195	2	公园	公園	gōng yuán	1,2	N	公园	公園	park (for public recreation); CL:座[zuo4]
L2-0196	2	狗	狗	gǒu	3	N	狗	狗	dog; CL:隻|只[zhi1],條|条[tiao2]
L2-0197	2	够	夠	gòu	4	V/Adv	够	夠	enough (sufficient); enough (too much); (coll.) (before adj.) really; (coll.) to reach by stretching out
L2-0198	2	故事	故事	gù shi	4,5	N	故事	故事	narrative; story; tale
L2-0199	2	故意	故意	gù yì	4,4	Adv	故意	故意	deliberately; on purpose
L2-0200	2	顾客	顧客	gù kè	4,4	N	顾客	顧客	customer; client; CL:位[wei4]
L2-0201	2	关机	關機	guān jī	1,1		关机	關機	to turn off (a machine or device); to finish shooting a film
L2-0202	2	关心	關心	guān xīn	1,1	V	关心	關心	to be concerned about; to care about
L2-0203	2	观点	觀點	guān diǎn	1,3	N	观点	觀點	point of view; viewpoint; standpoint; CL:個|个[ge4]
L2-0204	2	广场	廣場	guǎng chǎng	3,3	N	广场	廣場	public square; plaza
L2-0205	2	广告	廣告	guǎng gào	3,4	N	广告	廣告	to advertise; a commercial; advertisement; CL:項|项[xiang4]
L2-0206	2	国际	國際	guó jì	2,4	N	国际	國際	international
L2-0207	2	过来	過來	guò lái	4,2	V	过来	過來	to come over; to manage; to handle; to be able to take care of
L2-0208	2	过年	過年	guò nián	4,2		过年	過年	to celebrate the Chinese New Year
L2-0209	2	过去	過去	guò qù	4,4	V	过去	過去	(in the) past; former; previous; to go over; to pass by
L2-0210	2	过	過	guo	5	Aux	过	過	(experienced action marker)
L2-0211	2	海	海	hǎi	3	N	海	海	ocean; sea; CL:個|个[ge4],片[pian4]; great number of people or things; (dialect) numerous
L2-0212	2	海边	海邊	hǎi biān	3,1		海边	海邊	coast; seaside; seashore; beach
L2-0213	2	喊	喊	hǎn	3	V	喊	喊	to yell; to shout; to call out for (a person)
L2-0214	2	好	好	hǎo	3	Adv	好	好	good; appropriate; proper; all right!; (before a verb) easy to; (before a verb) good to; (before an adjective for exclamatory effect) so; (verb complement indicating completion); (of two people) close; on intimate terms; (after a personal pronoun) hello
L2-0215	2	好处	好處	hǎo chu	3,5	N	好处	好處	benefit; advantage; merit; gain; profit; also pr. [hao3chu4]
L2-0216	2	好多	好多	hǎo duō	3,1	Num	好多	好多	many; quite a lot; much better
L2-0217	2	好久	好久	hǎo jiǔ	3,3	Adj	好久	好久	(coll.) for a long time
L2-0218	2	好人	好人	hǎo rén	3,2	N	好人	好人	good person; healthy person; person who tries not to offend anyone, even at the expense of principle
L2-0219	2	好事	好事	hǎo shì	3,4	N	好事	好事	good action, deed, thing or work (also sarcastic, "a fine thing indeed"); charity; happy occasion; Daoist or Buddhist ceremony for the souls of the dead
L2-0220	2	好像	好像	hǎo xiàng	3,4	Adv/V	好像	好像	as if; to seem like
L2-0221	2	合适	合適	hé shì	2,4	Adj	合适	合適	suitable; fitting; appropriate
L2-0222	2	河	河	hé	2	N	河	河	river (CL:條|条[tiao2],道[dao4]); (bound form) the Yellow River; (bound form) the Milky Way; (bound form) (on restaurant menus) rice noodles 河粉[he2 fen3]
L2-0223	2	黑	黑	hēi	1	Adj	黑	黑	black; dark; sinister; secret; shady; illegal; to hide (sth) away; to vilify; (loanword) to hack (computing)
L2-0224	2	黑板	黑板	hēi bǎn	1,3	N	黑板	黑板	blackboard; CL:塊|块[kuai4],個|个[ge4]
L2-0225	2	黑色	黑色	hēi sè	1,4	N	黑色	黑色	black
L2-0226	2	红	紅	hóng	2	Adj	红	紅	red; popular; revolutionary; bonus
L2-0227	2	红色	紅色	hóng sè	2,4	N	红色	紅色	red (color); revolutionary
L2-0228	2	后来	後來	hòu lái	4,2	N	后来	後來	afterwards; later; newly arrived
L2-0229	2	忽然	忽然	hū rán	1,2	Adv	忽然	忽然	suddenly; all of a sudden
L2-0230	2	湖	湖	hú	2	N	湖	湖	lake
L2-0231	2	护照	護照	hù zhào	4,4	N	护照	護照	passport; CL:本[ben3],個|个[ge4]
L2-0232	2	花	花	huā	1	V	花	花	flower; blossom; CL:朵[duo3],支[zhi1],束[shu4],把[ba3],盆[pen2],簇[cu4]; fancy pattern; florid; to spend (money, time); (coll.) lecherous; lustful
L2-0233	2	花园	花園	huā yuán	1,2	N	花园	花園	garden (for flowers, ornamental plants etc); (landscaped) park; yard with decorative plants; CL:座[zuo4]
L2-0234	2	画	畫	huà	4	V	画	畫	to draw; to paint; picture; painting (CL:幅[fu2],張|张[zhang1]); to draw (a line) (variant of 劃|划[hua4]); stroke of a Chinese character (variant of 劃|划[hua4]); (calligraphy) horizontal stroke (variant of 劃|划[hua4])
L2-0235	2	画家	畫家	huà jiā	4,1	N	画家	畫家	painter; CL:個|个[ge4]
L2-0236	2	画儿	畫兒	huà r	4,5	N	画儿	畫兒	picture; drawing; painting
L2-0237	2	坏处	壞處	huài chu	4,5	N	坏处	壞處	harm; troubles; CL:個|个[ge4]
L2-0238	2	坏人	壞人	huài rén	4,2	N	坏人	壞人	bad person; villain
L2-0239	2	欢迎	歡迎	huān yíng	1,2	V	欢迎	歡迎	to welcome; welcome
L2-0240	2	换	換	huàn	4	V	换	換	to exchange; to change (clothes etc); to substitute; to switch; to convert (currency)
L2-0241	2	黄	黃	huáng	2	Adj	黄	黃	yellow; pornographic; to fall through
L2-0242	2	黄色	黃色	huáng sè	2,4	N	黄色	黃色	yellow; vulgar; lewd; pornographic
L2-0243	2	回	回	huí	2	M	回	回	to go back; to return; to turn back; to turn around; to reply; to answer; classifier for literary divisions (acts of a play, sections or chapters of a classic book); classifier for occurrences or times
L2-0244	2	回国	回國	huí guó	2,2		回国	回國	to return to one's home country
L2-0245	2	会	會	huì	4	N	会	會	can; to have the skill; to know how to; to be likely to; to be sure to; to meet; to get together; meeting; gathering; (suffix) union; group; association; (bound form) a moment (Taiwan pr. [hui3])
L2-0246	2	活动	活動	huó dòng	2,4	V/N	活动	活動	to exercise; to move about; to work out; shaky; unsteady; loose (tooth etc); movable; flexible; liquid (capital etc); (volcanic, seismic, economic etc) activity; (outdoor etc) activity; event; (political) campaign; (military) maneuver (CL:項|项[xiang4]); to use personal influence, connections, bribes etc
L2-0247	2	或	或	huò	4	Conj	或	或	maybe; perhaps; might; possibly; or
L2-0248	2	或者	或者	huò zhě	4,3	Conj	或者	或者	or; possibly; maybe; perhaps
L2-0249	2	机会	機會	jī huì	1,4	N	机会	機會	opportunity; chance; occasion; CL:個|个[ge4]
L2-0250	2	鸡	雞	jī	1	N	鸡	雞	fowl; chicken; CL:隻|只[zhi1]; (slang) prostitute
L2-0251	2	级	級	jí	2	N	级	級	level; grade; rank; step (of stairs); CL:個|个[ge4]; classifier: step, level
L2-0252	2	急	急	jí	2	Adj	急	急	urgent; pressing; rapid; hurried; worried; to make (sb) anxious
L2-0253	2	计划	計劃	jì huà	4,4	N/V	计划	計劃	plan; project; program; to plan; to map out; CL:個|个[ge4],項|项[xiang4]
L2-0254	2	计算机	計算機	jì suàn jī	4,4,1	N	计算机	計算機	computer; (Tw) calculator; CL:臺|台[tai2]
L2-0255	2	加	加	jiā	1	V	加	加	to add; (math.) plus; to increase; to augment; (used before a disyllabic verb, often after an adverb like 不[bu4], 大[da4], 稍[shao1] etc, to indicate that the action applies to sth previously mentioned, as in 稍加改良[shao1 jia1 gai3 liang2] "make some minor improvements to (it)")
L2-0256	2	加油	加油	jiā yóu	1,2		加油	加油	to add oil; to top up with gas; to refuel; to accelerate; to step on the gas; (fig.) to make an extra effort; to cheer sb on
L2-0257	2	家	家	jiā	1	Suffix	家（科学家）	家（科學家）	home; family; (polite) my (sister, uncle etc); classifier for families or businesses; refers to the philosophical schools of pre-Han China; noun suffix for a specialist in some activity, such as a musician or revolutionary, corresponding to English -ist, -er, -ary or -ian; CL:個|个[ge4]
L2-0258	2	家庭	家庭	jiā tíng	1,2	N	家庭	家庭	family; household; CL:戶|户[hu4]
L2-0259	2	家长	家長	jiā zhǎng	1,3	N	家长	家長	head of a household; family head; patriarch; parent or guardian of a child
L2-0260	2	假	假	jiǎ	3	Adj	假	假	fake; false; artificial; to borrow; if; suppose
L2-0261	2	假期	假期	jià qī	4,1	N	假期	假期	vacation
L2-0262	2	检查	檢查	jiǎn chá	3,2	V/N	检查	檢查	inspection; to examine; to inspect; CL:次[ci4]
L2-0263	2	见到	見到	jiàn dào	4,4		见到	見到	to see
L2-0264	2	见过	見過	jiànguo			见过	見過	to have seen; to have met (experiential)
L2-0265	2	件	件	jiàn	4	M	件	件	item; component; classifier for events, things, clothes etc
L2-0266	2	健康	健康	jiàn kāng	4,1	Adj/N	健康	健康	health; healthy
L2-0267	2	讲	講	jiǎng	3	V	讲	講	to speak; to explain; to negotiate; to emphasize; to be particular about; as far as sth is concerned; speech; lecture
L2-0268	2	讲话	講話	jiǎng huà	3,4		讲话	講話	a speech; to speak; to talk; to address; CL:個|个[ge4]
L2-0269	2	交	交	jiāo	1	V	交	交	to hand over; to deliver; to pay (money); to turn over; to make friends; (of lines) to intersect; variant of 跤[jiao1]
L2-0270	2	交给	交給	jiāo gěi	1,3		交给	交給	to give; to deliver; to hand over
L2-0271	2	交朋友	交朋友	jiāo péng you	1,2,5		交朋友	交朋友	to make friends; (dialect) to start an affair with sb
L2-0272	2	交通	交通	jiāo tōng	1,1	N	交通	交通	to be connected; traffic; transportation; communications; liaison
L2-0273	2	角	角	jiǎo	3	M/N	角	角	angle; corner; horn; horn-shaped; unit of money equal to 0.1 yuan, or 10 cents (a dime); CL:個|个[ge4]
L2-0274	2	角度	角度	jiǎo dù	3,4	N	角度	角度	angle; (fig.) point of view
L2-0275	2	饺子	餃子	jiǎo zi	3,5	N	饺子	餃子	dumpling; pot-sticker; CL:個|个[ge4],隻|只[zhi1]
L2-0276	2	脚	腳	jiǎo	3	N	脚	腳	foot; leg (of an animal or an object); base (of an object); CL:雙|双[shuang1],隻|只[zhi1]; classifier for kicks
L2-0277	2	叫作	叫作	jiào zuò	4,4	V	叫作	叫作	to call; to be called
L2-0278	2	教师	教師	jiào shī	4,1	N	教师	教師	teacher; CL:個|个[ge4]
L2-0279	2	教室	教室	jiào shì	4,4	N	教室	教室	classroom; CL:間|间[jian1]
L2-0280	2	教学	教學	jiào xué	4,2	N	教学	教學	teaching; instruction; CL:次[ci4]
L2-0281	2	教育	教育	jiào yù	4,4	V/N	教育	教育	to educate; to teach; education
L2-0282	2	接	接	jiē	1	V	接	接	to receive; to answer (the phone); to meet or welcome sb; to connect; to catch; to join; to extend; to take one's turn on duty; to take over for sb
L2-0283	2	接到	接到	jiē dào	1,4		接到	接到	to receive (letter etc)
L2-0284	2	接受	接受	jiē shòu	1,4	V	接受	接受	to accept (a suggestion, punishment, bribe etc); to acquiesce
L2-0285	2	接下来	接下來	jiē xià lái	1,4,2		接下来	接下來	to accept; to take; next; following
L2-0286	2	接着	接著	jiē zhe	1,5	V/Adv	接着	接著	to catch and hold on; to continue; to go on to do sth; to follow; to carry on; then; after that; subsequently; to proceed; to ensue; in turn; in one's turn
L2-0287	2	街	街	jiē	1	N	街	街	street; CL:條|条[tiao2]
L2-0288	2	节	節	jié	2	N/M	节	節	joint; node; (bound form) section; segment; solar term (one of the 24 divisions of the year in the traditional Chinese calendar); seasonal festival; (bound form) to economize; to save; (bound form) moral integrity; chastity; classifier for segments: lessons, train wagons, biblical verses etc; knot (nautical miles per hour)
L2-0289	2	节目	節目	jié mù	2,4	N	节目	節目	(TV or radio) program; show; item; act; segment; number (on the program of a concert, variety show or cultural event); a planned activity (in one's schedule); CL:場|场[chang3],項|项[xiang4],臺|台[tai2],套[tao4],檔|档[dang4]
L2-0290	2	节日	節日	jié rì	2,4	N	节日	節日	holiday; festival; CL:個|个[ge4]
L2-0291	2	结果	結果	jié guǒ	2,3	N/Conj	结果	結果	outcome; result; consequence; in the end; as a result; to kill; to dispatch
L2-0292	2	借	借	jiè	4	V	借	借	to borrow; (used in combination with 給|给[gei3] or 出[chu1] etc) to lend; to make use of; to avail oneself of; (sometimes followed by 著|着[zhe5]) by; with
L2-0293	2	斤	斤	jīn	1	M	斤	斤	catty; (PRC) weight equal to 500 g; (Tw) weight equal to 600 g; (HK, Malaysia, Singapore) slightly over 604 g
L2-0294	2	今后	今後	jīn hòu	1,4	N	今后	今後	hereafter; henceforth; in the future; from now on
L2-0295	2	进入	進入	jìn rù	4,4	V	进入	進入	to enter; to join; to go into
L2-0296	2	进行	進行	jìn xíng	4,2	V	进行	進行	(of a process etc) to proceed; to be in progress; to be underway; (of people) to carry out; to conduct (an investigation or discussion etc); (of an army etc) to be on the march; to advance
L2-0297	2	近	近	jìn	4	Adj	近	近	near; close to; approximately
L2-0298	2	经常	經常	jīng cháng	1,2	Adv	经常	經常	frequently; constantly; regularly; often; day-to-day; everyday; daily
L2-0299	2	经过	經過	jīng guò	1,4	V/N	经过	經過	to pass; to go through; process; course; CL:個|个[ge4]
L2-0300	2	经理	經理	jīng lǐ	1,3	N	经理	經理	manager; director; CL:個|个[ge4],位[wei4],名[ming2]
L2-0301	2	酒	酒	jiǔ	3	N	酒	酒	wine (esp. rice wine); liquor; spirits; alcoholic beverage; CL:杯[bei1],瓶[ping2],罐[guan4],桶[tong3],缸[gang1]
L2-0302	2	酒店	酒店	jiǔ diàn	3,4	N	酒店	酒店	wine shop; pub (public house); hotel; restaurant; (Tw) hostess club
L2-0303	2	就要	就要	jiù yào	4,4	Adv	就要	就要	will; shall; to be going to
L2-0304	2	举	舉	jǔ	3	V	举	舉	to lift; to hold up; to cite; to enumerate; to act; to raise; to choose; to elect; act; move; deed
L2-0305	2	举手	舉手	jǔ shǒu	3,3	V	举手	舉手	to raise a hand; to put up one's hand (as signal)
L2-0306	2	举行	舉行	jǔ xíng	3,2	V	举行	舉行	to hold (a meeting, ceremony etc)
L2-0307	2	句	句	jù	4	M	句	句	sentence; clause; phrase; classifier for phrases or lines of verse
L2-0308	2	句子	句子	jù zi	4,5	N	句子	句子	sentence; CL:個|个[ge4]
L2-0309	2	卡	卡	kǎ	3	N	卡	卡	to stop; to block; (computing) (coll.) slow; (loanword) card; CL:張|张[zhang1],片[pian4]; truck (from "car"); calorie (abbr. for 卡路里[ka3 lu4 li3]); cassette
L2-0310	2	开机	開機	kāi jī	1,1		开机	開機	to start an engine; to boot up (a computer); to press Ctrl-Alt-Delete; to begin shooting a film or TV show
L2-0311	2	开心	開心	kāi xīn	1,1	Adj/V	开心	開心	to feel happy; to rejoice; to have a great time; to make fun of sb
L2-0312	2	开学	開學	kāi xué	1,2		开学	開學	(of a student) to start school; (of a semester) to begin; (old) to found a school; the start of a new term
L2-0313	2	看法	看法	kàn fǎ	4,3	N	看法	看法	way of looking at a thing; view; opinion; CL:個|个[ge4]
L2-0314	2	考生	考生	kǎo shēng	3,1	N	考生	考生	exam candidate; student whose name has been put forward for an exam
L2-0315	2	靠	靠	kào	4	V	靠	靠	to lean against or on; to stand by the side of; to come near to; to depend on; to trust; to fuck (vulgar); traditional military costume drama where the performers wear armor (old)
L2-0316	2	科	科	kē	1	N	科	科	branch of study; administrative section; division; field; branch; stage directions; family (taxonomy); rules; laws; to mete out (punishment); to levy (taxes etc); to fine sb; CL:個|个[ge4]
L2-0317	2	科学	科學	kē xué	1,2	N/Adj	科学	科學	science; scientific knowledge; scientific; rational; CL:門|门[men2],個|个[ge4],種|种[zhong3]
L2-0318	2	可爱	可愛	kě ài	3,4	Adj	可爱	可愛	adorable; cute; lovely
L2-0319	2	可能	可能	kě néng	3,2	V/Adj/N	可能	可能	might (happen); possible; probable; possibility; probability; maybe; perhaps; CL:個|个[ge4]
L2-0320	2	可怕	可怕	kě pà	3,4	Adj	可怕	可怕	awful; dreadful; fearful; formidable; frightful; scary; hideous; horrible; terrible; terribly
L2-0321	2	可是	可是	kě shì	3,4	Conj	可是	可是	but; however; (used for emphasis) indeed
L2-0322	2	可以	可以	kě yǐ	3,3	V	可以	可以	can; may; possible; able to; not bad; pretty good
L2-0323	2	克	克	kè	4	M	克	克	to be able to; to subdue; to restrain; to overcome; gram; Tibetan unit of land area, about 6 ares
L2-0324	2	刻	刻	kè	4	M	刻	刻	quarter (hour); moment; to carve; to engrave; to cut; oppressive; classifier for short time intervals
L2-0325	2	客人	客人	kè rén	4,2	N	客人	客人	visitor; guest; customer; client; CL:位[wei4]
L2-0326	2	课堂	課堂	kè táng	4,2	N	课堂	課堂	classroom (CL:間|间[jian1]); class session
L2-0327	2	空气	空氣	kōng qì	1,4	N	空气	空氣	air; atmosphere
L2-0328	2	哭	哭	kū	1	V	哭	哭	to cry; to weep
L2-0329	2	快餐	快餐	kuài cān	4,1	N	快餐	快餐	fast food; snack; quick meal
L2-0330	2	快点儿	快點兒	kuài diǎn r	4,3,5		快点儿	快點兒	erhua variant of 快點|快点[kuai4 dian3]
L2-0331	2	快乐	快樂	kuài lè	4,4	Adj	快乐	快樂	happy; joyful
L2-0332	2	快要	快要	kuài yào	4,4	Adv	快要	快要	nearly at the point of (doing sth); about to (do sth)
L2-0333	2	筷子	筷子	kuài zi	4,5	N	筷子	筷子	chopsticks; CL:對|对[dui4],根[gen1],把[ba3],雙|双[shuang1]
L2-0334	2	拉	拉	lā	1	V	拉	拉	to pull; to play (a bowed instrument); to drag; to draw; to chat; (coll.) to empty one's bowels
L2-0335	2	来自	來自	lái zì	2,4	V	来自	來自	to come from (a place); From: (in email header)
L2-0336	2	蓝	藍	lán	2	Adj	蓝	藍	blue; indigo plant
L2-0337	2	蓝色	藍色	lán sè	2,4	N	蓝色	藍色	blue (color)
L2-0338	2	篮球	籃球	lán qiú	2,2	N	篮球	籃球	basketball; CL:個|个[ge4],隻|只[zhi1]
L2-0339	2	老	老	lǎo	3	Adv	老	老	prefix used before the surname of a person or a numeral indicating the order of birth of the children in a family or to indicate affection or familiarity; old (of people); venerable (person); experienced; of long standing; always; all the time; of the past; very; outdated; (of meat etc) tough
L2-0340	2	老	老	lǎo	3	Prefix	老（老王）	老（老王）	prefix used before the surname of a person or a numeral indicating the order of birth of the children in a family or to indicate affection or familiarity; old (of people); venerable (person); experienced; of long standing; always; all the time; of the past; very; outdated; (of meat etc) tough
L2-0341	2	老年	老年	lǎo nián	3,2	N	老年	老年	elderly; old age; autumn of one's years
L2-0342	2	老朋友	老朋友	lǎo péng you	3,2,5		老朋友	老朋友	old friend; (slang) period; menstruation
L2-0343	2	老是	老是	lǎo shi	3,5	Adv	老是	老是	always
L2-0344	2	离	離	lí	2	V/Prep	离	離	to leave; to part from; to be away from; (in giving distances) from; without (sth); independent of; one of the Eight Trigrams 八卦[ba1 gua4], symbolizing fire; ☲
L2-0345	2	离开	離開	lí kāi	2,1		离开	離開	to depart; to leave
L2-0346	2	礼物	禮物	lǐ wù	3,4	N	礼物	禮物	gift; present; CL:件[jian4],份[fen4]
L2-0347	2	里头	裡頭	lǐ tou	3,5	N	里头	裡頭	inside; interior
L2-0348	2	理想	理想	lǐ xiǎng	3,3	N	理想	理想	an ideal; a dream; ideal; perfect
L2-0349	2	例如	例如	lì rú	4,2	V	例如	例如	for example; for instance; such as
L2-0350	2	例子	例子	lì zi	4,5	N	例子	例子	case; (for) instance; example; CL:個|个[ge4]
L2-0351	2	脸	臉	liǎn	3	N	脸	臉	face; CL:張|张[zhang1],個|个[ge4]
L2-0352	2	练	練	liàn	4	V	练	練	to practice; to train; to drill; to perfect (one's skill); exercise; (literary) white silk; to boil and scour raw silk
L2-0353	2	练习	練習	liàn xí	4,2	V/N	练习	練習	to practice; exercise; drill; practice; CL:個|个[ge4]
L2-0354	2	凉	涼	liáng	2	Adj	凉	涼	cool; cold
L2-0355	2	凉快	涼快	liáng kuai	2,5	Adj	凉快	涼快	pleasantly cool (weather etc); to cool oneself; to cool off; (Tw) (slang) (of clothing) scanty; revealing; (coll.) to stay out of it; to butt out
L2-0356	2	两	兩	liǎng	3	M	两	兩	two; both; some; a few; tael, unit of weight equal to 50 grams (modern) or 1⁄16 of a catty 斤[jin1] (old)
L2-0357	2	亮	亮	liàng	4	Adj/V	亮	亮	bright; light; to shine; to flash; loud and clear; to show (one's passport etc); to make public (one's views etc)
L2-0358	2	辆	輛	liàng	4	M	辆	輛	classifier for vehicles
L2-0359	2	零下	零下	líng xià	2,4		零下	零下	below zero (esp. temperature)
L2-0360	2	留	留	liú	2	V	留	留	to leave (a message etc); to retain; to stay; to remain; to keep; to preserve
L2-0361	2	留下	留下	liú xià	2,4		留下	留下	to leave behind; to stay behind; to remain; to keep; not to let (sb) go
L2-0362	2	留学生	留學生	liú xué shēng	2,2,1	N	留学生	留學生	student studying abroad; returned student; foreign student; international student
L2-0363	2	流	流	liú	2	V	流	流	to flow; to disseminate; to circulate or spread; to move or drift; to degenerate; to banish or send into exile; stream of water or sth resembling one; class, rate or grade
L2-0364	2	流利	流利	liú lì	2,4	Adj	流利	流利	fluent
L2-0365	2	流行	流行	liú xíng	2,2	V/Adj	流行	流行	(of a contagious disease etc) to spread; to propagate; (of a style of clothing, song etc) popular; fashionable
L2-0366	2	路边	路邊	lù biān	4,1		路边	路邊	curb; roadside; wayside
L2-0367	2	旅客	旅客	lǚ kè	3,4	N	旅客	旅客	traveler; tourist
L2-0368	2	旅行	旅行	lǚ xíng	3,2	V	旅行	旅行	to travel; journey; trip; CL:趟[tang4],次[ci4]
L2-0369	2	旅游	旅遊	lǚ yóu	3,2	V	旅游	旅遊	trip; journey; tourism; travel; tour; to travel
L2-0370	2	绿	綠	lǜ	4	Adj	绿	綠	green; (slang) (derived from 綠帽子|绿帽子[lu:4 mao4 zi5]) to cheat on (one's spouse or boyfriend or girlfriend)
L2-0371	2	绿色	綠色	lǜ sè	4,4	N	绿色	綠色	green
L2-0372	2	卖	賣	mài	4	V	卖	賣	to sell; to betray; to spare no effort; to show off or flaunt
L2-0373	2	满	滿	mǎn	3	Adj	满	滿	to fill; full; filled; packed; fully; completely; quite; to reach the limit; to satisfy; satisfied; contented
L2-0374	2	满意	滿意	mǎn yì	3,4	V	满意	滿意	satisfied; pleased; to one's satisfaction
L2-0375	2	猫	貓	māo	1	N	猫	貓	cat (CL:隻|只[zhi1]); (dialect) to hide oneself; (loanword) (coll.) modem
L2-0376	2	米	米	mǐ	3	M	米	米	uncooked rice; meter (unit of length); (slang) Chinese yuan
L2-0377	2	面	面	miàn	4	N/M	面1	面1	face; side; surface; aspect; top; classifier for objects with flat surfaces such as drums, mirrors, flags etc
L2-0378	2	面	麵	miàn	4	N	面2	面2	flour; noodles; (of food) soft (not crunchy); (slang) (of a person) ineffectual; spineless
L2-0379	2	面前	面前	miàn qián	4,2	N	面前	面前	in front of; facing; (in the) presence (of)
L2-0380	2	名	名	míng	2	N/M	名	名	name; noun (part of speech); place (e.g. among winners); famous; classifier for people
L2-0381	2	名称	名稱	míng chēng	2,1	N	名称	名稱	name (of a thing); name (of an organization)
L2-0382	2	名单	名單	míng dān	2,1	N	名单	名單	list of names
L2-0383	2	明星	明星	míng xīng	2,1	N	明星	明星	star; celebrity
L2-0384	2	目的	目的	mù dì	4,4	N	目的	目的	purpose; aim; goal; target; objective
L2-0385	2	拿出	拿出	ná chū	2,1		拿出	拿出	to take out; to put out; to provide; to put forward (a proposal); to come up with (evidence)
L2-0386	2	拿到	拿到	ná dào	2,4		拿到	拿到	to get; to obtain
L2-0387	2	那	那	nà	4	Conj	那	那	(specifier) that; the; those (colloquial pr. [nei4]); (pronoun) that (referring to persons, things or situations); then (in that case)
L2-0388	2	那会儿	那會兒	nà huì r	4,4,5	Pron	那会儿	那會兒	at that time (in the past or the future); also pr. [nei4 hui4 r5]
L2-0389	2	那么	那麼	nà me	4,5	Pron	那么	那麼	like that; in that way; to that extent; (before a number) ... or so; about ...; then; in that case
L2-0390	2	那时候	那時候	nà shí hou	4,2,5		那时候|那时	那時候|那時	at that time
L2-0391	2	那样	那樣	nà yàng	4,4	Pron	那样	那樣	that kind; that sort
L2-0392	2	南方	南方	nán fāng	2,1	N	南方	南方	south; southern direction; (in China) southern regions, often referring to areas south of the Yangtze River
L2-0393	2	难过	難過	nán guò	2,4	Adj	难过	難過	to feel sad; to feel unwell; (of life) to be difficult
L2-0394	2	难看	難看	nán kàn	2,4	Adj	难看	難看	ugly; unsightly
L2-0395	2	难受	難受	nán shòu	2,4	Adj	难受	難受	to feel unwell; to suffer pain; to be difficult to bear
L2-0396	2	难题	難題	nán tí	2,2	N	难题	難題	difficult problem
L2-0397	2	难听	難聽	nán tīng	2,1	Adj	难听	難聽	unpleasant to hear; coarse; vulgar; offensive; shameful
L2-0398	2	能够	能夠	néng gòu	2,4	V	能够	能夠	to be capable of; to be able to; can
L2-0399	2	年级	年級	nián jí	2,2	N	年级	年級	grade; year (in school, college etc); CL:個|个[ge4]
L2-0400	2	年轻	年輕	nián qīng	2,1	Adj	年轻	年輕	young
L2-0401	2	鸟	鳥	niǎo	3	N	鸟	鳥	bird; CL:隻|只[zhi1],群[qun2]; "bird" radical in Chinese characters (Kangxi radical 196); (dialect) to pay attention to; (intensifier) damned; goddamn
L2-0402	2	弄	弄	nòng	4	V	弄	弄	to do; to manage; to handle; to play with; to fool with; to mess with; to fix; to toy with
L2-0403	2	努力	努力	nǔ lì	3,4	Adj	努力	努力	to make an effort; to try hard; to strive; hard-working; conscientious
L2-0404	2	爬	爬	pá	2	V	爬	爬	to crawl; to climb; to get up or sit up
L2-0405	2	爬山	爬山	pá shān	2,1		爬山	爬山	to go for a hike (esp. in the hills or mountains)
L2-0406	2	怕	怕	pà	4	V	怕	怕	to be afraid; to fear; to dread; to be unable to endure; perhaps
L2-0407	2	排	排	pái	2	N/M	排	排	to arrange in order; to line up; to exclude; to eliminate; to repel; to expel; to discharge; (literary) to push aside; to force open; to rehearse; row; line; platoon; (bound form) steak; chop; (bound form) raft; classifier for rows or lines (of people or things)
L2-0408	2	排队	排隊	pái duì	2,4		排队	排隊	to line up
L2-0409	2	排球	排球	pái qiú	2,2	N	排球	排球	volleyball; CL:個|个[ge4]
L2-0410	2	碰	碰	pèng	4	V	碰	碰	to touch; to meet with; to bump
L2-0411	2	碰到	碰到	pèng dào	4,4		碰到	碰到	to come across; to run into; to meet; to hit
L2-0412	2	碰见	碰見	pèng jiàn	4,4		碰见	碰見	to run into; to meet (unexpectedly); to bump into
L2-0413	2	篇	篇	piān	1	M	篇	篇	sheet; piece of writing; bound set of bamboo slips used for record keeping (old); classifier for written items: chapter, article
L2-0414	2	便宜	便宜	pián yi	2,5	Adj/N	便宜	便宜	cheap; inexpensive; a petty advantage; to let sb off lightly
L2-0415	2	片	片	piàn	4	M	片	片	thin piece; flake; a slice; film; TV play; to slice; to carve thin; partial; incomplete; one-sided; classifier for slices, tablets, tract of land, area of water; classifier for CDs, movies, DVDs etc; used with numeral 一[yi1]: classifier for scenario, scene, feeling, atmosphere, sound etc; Kangxi radical 91
L2-0416	2	漂亮	漂亮	piào liang	4,5	Adj	漂亮	漂亮	pretty; beautiful
L2-0417	2	平	平	píng	2	Adj	平	平	flat; level; smooth; to make even; to level; equal; on the same level; (bound form) fair; impartial; to tie; to draw; (bound form) average; ordinary; (bound form) calm; peaceful; (bound form) to quell; to suppress; to put down; (abbr. for 平聲|平声[ping2 sheng1]); (coll.) square meter (abbr. for 平方米[ping2 fang1 mi3])
L2-0418	2	平安	平安	píng ān	2,1	Adj	平安	平安	safe and sound; well; without mishap; quiet and safe; at peace
L2-0419	2	平常	平常	píng cháng	2,2	N/Adj	平常	平常	ordinary; common; usually; ordinarily
L2-0420	2	平等	平等	píng děng	2,3	Adj	平等	平等	equal; equality
L2-0421	2	平时	平時	píng shí	2,2	N	平时	平時	ordinarily; in normal times; in peacetime
L2-0422	2	瓶	瓶	píng	2	N/M	瓶	瓶	bottle; vase; pitcher; CL:個|个[ge4]; classifier for wine and liquids
L2-0423	2	瓶子	瓶子	píng zi	2,5	N	瓶子	瓶子	bottle; CL:個|个[ge4]
L2-0424	2	普通	普通	pǔ tōng	3,1	Adj	普通	普通	common; ordinary; general; average
L2-0425	2	普通话	普通話	pǔ tōng huà	3,1,4	N	普通话	普通話	Putonghua; standard Mandarin
L2-0426	2	其他	其他	qí tā	2,1	Pron	其他	其他	other; (sth or sb) else; the rest
L2-0427	2	其中	其中	qí zhōng	2,1	N	其中	其中	among; in; included among these
L2-0428	2	骑	騎	qí	2	V	骑	騎	to sit astride; to ride (a horse, bike etc); classifier for saddle horses
L2-0429	2	骑车	騎車	qí chē	2,1		骑车	騎車	to ride a bike (motorbike or bicycle)
L2-0430	2	起飞	起飛	qǐ fēi	3,1	V	起飞	起飛	(of an aircraft or rocket) to take off; to lift off; (fig.) (of an enterprise etc) to start to develop rapidly
L2-0431	2	气	氣	qì	4	V/N	气	氣	gas; air; smell; weather; to make angry; to annoy; to get angry; vital energy; qi
L2-0432	2	气温	氣溫	qì wēn	4,1	N	气温	氣溫	air temperature
L2-0433	2	千	千	qiān	1	Num	千	千	thousand
L2-0434	2	千克	千克	qiān kè	1,4	M	千克	千克	kilogram
L2-0435	2	前年	前年	qián nián	2,2	N	前年	前年	the year before last
L2-0436	2	墙	牆	qiáng	2	N	墙	牆	wall (CL:面[mian4],堵[du3]); (slang) to block (a website) (usu. in the passive: 被牆|被墙[bei4 qiang2])
L2-0437	2	青年	青年	qīng nián	1,2	N	青年	青年	youth; youthful years; young person; the young
L2-0438	2	青少年	青少年	qīng shào nián	1,4,2	N	青少年	青少年	adolescent; youth; teenager
L2-0439	2	轻	輕	qīng	1	Adj	轻	輕	light; easy; gentle; soft; reckless; unimportant; frivolous; small in number; unstressed; neutral; to disparage
L2-0440	2	清楚	清楚	qīng chu	1,5	Adj	清楚	清楚	clear; distinct; to understand thoroughly; to be clear about
L2-0441	2	晴	晴	qíng	2	Adj	晴	晴	clear; fine (weather)
L2-0442	2	晴天	晴天	qíng tiān	2,1	N	晴天	晴天	clear sky; sunny day
L2-0443	2	请客	請客	qǐng kè	3,4		请客	請客	to give a dinner party; to entertain guests; to invite to dinner
L2-0444	2	请求	請求	qǐng qiú	3,2	V/N	请求	請求	to request; to ask; request (CL:個|个[ge4])
L2-0445	2	秋天	秋天	qiū tiān	1,1	N	秋天	秋天	autumn; CL:個|个[ge4]
L2-0446	2	求	求	qiú	2	V	求	求	to seek; to look for; to request; to demand; to beseech
L2-0447	2	球场	球場	qiú chǎng	2,3	N	球场	球場	stadium; sports ground; court; pitch; field; golf course; CL:個|个[ge4],處|处[chu4]
L2-0448	2	球队	球隊	qiú duì	2,4	N	球队	球隊	sports team (basketball, soccer, football etc)
L2-0449	2	球鞋	球鞋	qiú xié	2,2	N	球鞋	球鞋	athletic shoes
L2-0450	2	取	取	qǔ	3	V	取	取	to take; to get; to choose; to fetch
L2-0451	2	取得	取得	qǔ dé	3,2	V	取得	取得	to acquire; to get; to obtain
L2-0452	2	全	全	quán	2	Adv/Adj	全	全	all; whole; entire; every; complete
L2-0453	2	全部	全部	quán bù	2,4	N	全部	全部	whole; all
L2-0454	2	全国	全國	quán guó	2,2	N	全国	全國	whole nation; nationwide; countrywide; national
L2-0455	2	全家	全家	quán jiā	2,1	N	全家	全家	whole family
L2-0456	2	全年	全年	quán nián	2,2	N	全年	全年	the whole year; all year long
L2-0457	2	全身	全身	quán shēn	2,1	N	全身	全身	the whole body; (typography) em
L2-0458	2	全体	全體	quán tǐ	2,3	N	全体	全體	all; entire
L2-0459	2	然后	然後	rán hòu	2,4	Conj	然后	然後	then; after that; afterwards
L2-0460	2	让	讓	ràng	4	V/Prep	让	讓	to yield; to permit; to let sb do sth; to have sb do sth; to make sb (feel sad etc); by (indicates the agent in a passive clause, like 被[bei4])
L2-0461	2	热情	熱情	rè qíng	4,2	N/Adj	热情	熱情	cordial; enthusiastic; passion; passionate; passionately
L2-0462	2	人口	人口	rén kǒu	2,3	N	人口	人口	population; people
L2-0463	2	人们	人們	rén men	2,5	N	人们	人們	people
L2-0464	2	人数	人數	rén shù	2,4	N	人数	人數	number of people
L2-0465	2	认为	認為	rèn wéi	4,2	V	认为	認為	to believe; to think; to consider; to feel
L2-0466	2	日报	日報	rì bào	4,4	N	日报	日報	daily newspaper
L2-0467	2	日子	日子	rì zi	4,5	N	日子	日子	day; a (calendar) date; days of one's life
L2-0468	2	如果	如果	rú guǒ	2,3	Conj	如果	如果	if; in case; in the event that
L2-0469	2	入口	入口	rù kǒu	4,3	N	入口	入口	entrance; to import
L2-0470	2	商量	商量	shāng liang	1,5	V	商量	商量	to consult; to talk over; to discuss
L2-0471	2	商人	商人	shāng rén	1,2	N	商人	商人	merchant; businessman
L2-0472	2	上周	上周	shàng zhōu	4,1		上周	上周	last week
L2-0473	2	少数	少數	shǎo shù	3,4	N	少数	少數	small number; few; minority
L2-0474	2	少年	少年	shào nián	4,2	N	少年	少年	early youth; youngster; (literary) youth; young man
L2-0475	2	身边	身邊	shēn biān	1,1	N	身边	身邊	at one's side; on hand
L2-0476	2	什么样	什麼樣	shén me yàng	2,5,4	Pron	什么样	什麼樣	what kind?; what sort?
L2-0477	2	生	生	shēng	1	V	生	生	to grow; to give birth; to produce; to be born; to arise; to occur; to light (a fire); to live; to be alive; life; raw; uncooked; unprocessed; unfamiliar; strange; (bound form) student; person engaged in a field; (bound form) male role in traditional opera; (bound form) life; lifetime; (bound form) means of livelihood; (bound form) very; intensely (as in 生疼[sheng1 teng2]); (bound form) in a forced manner (as in 生拉硬拽[sheng1 la1 ying4 zhuai4])
L2-0478	2	生词	生詞	shēng cí	1,2	N	生词	生詞	new word (in textbook); word that is unfamiliar or not yet studied; CL:組|组[zu3],個|个[ge4]
L2-0479	2	生活	生活	shēng huó	1,2	N/V	生活	生活	to live; life; livelihood
L2-0480	2	声音	聲音	shēng yīn	1,1	N	声音	聲音	sound; voice
L2-0481	2	省	省	shěng	3	N	省	省	to save; to economize; to be frugal; to omit; to delete; to leave out; province; provincial capital; a ministry (of the Japanese government)
L2-0482	2	省	省	shěng	3	V	省	省	to save; to economize; to be frugal; to omit; to delete; to leave out; province; provincial capital; a ministry (of the Japanese government)
L2-0483	2	十分	十分	shí fēn	2,1	Adv	十分	十分	very; completely; utterly; extremely; absolutely; hundred percent; to divide into ten equal parts
L2-0484	2	实际	實際	shí jì	2,4	N/Adj	实际	實際	reality; practice; practical; realistic; real; actual
L2-0485	2	实习	實習	shí xí	2,2	V/N	实习	實習	to practice; field work; to intern; internship
L2-0486	2	实现	實現	shí xiàn	2,4	V	实现	實現	to achieve; to implement; to realize; to bring about
L2-0487	2	实在	實在	shí zài	2,4	Adv	实在	實在	really; actually; indeed; true; real; honest; dependable; (philosophy) reality
L2-0488	2	实在	實在	shí zài	2,4	Adj	实在	實在	really; actually; indeed; true; real; honest; dependable; (philosophy) reality
L2-0489	2	食物	食物	shí wù	2,4	N	食物	食物	food
L2-0490	2	使用	使用	shǐ yòng	3,4	V	使用	使用	to use; to employ; to apply; to make use of
L2-0491	2	市	市	shì	4	N	市	市	market; city; municipality (administrative unit); (literary) to trade; to buy and sell goods
L2-0492	2	市长	市長	shì zhǎng	4,3	N	市长	市長	mayor
L2-0493	2	事情	事情	shì qing	4,5	N	事情	事情	affair; matter; thing; business; CL:件[jian4],樁|桩[zhuang1]
L2-0494	2	收	收	shōu	1	V	收	收	to receive; to accept; to collect; to put away; to restrain; to stop; in care of (used on address line after name)
L2-0495	2	收到	收到	shōu dào	1,4		收到	收到	to receive
L2-0496	2	收入	收入	shōu rù	1,4	V/N	收入	收入	to take in; income; revenue; CL:筆|笔[bi3],個|个[ge4]
L2-0497	2	手表	手錶	shǒu biǎo	3,3	N	手表	手錶	wristwatch; CL:塊|块[kuai4],隻|只[zhi1],個|个[ge4]
L2-0498	2	受到	受到	shòu dào	4,4		受到	受到	to receive (praise, an education, punishment etc); to be ...ed (praised, educated, punished etc)
L2-0499	2	舒服	舒服	shū fu	1,5	Adj	舒服	舒服	comfortable; feeling well
L2-0500	2	熟	熟	shú	2	Adj	熟	熟	ripe; mature; thoroughly cooked; done; familiar; acquainted; experienced; skilled; (of sleep etc) deep; profound; also pr. [shou2]
L2-0501	2	数	數	shǔ	3	V	数	數	to count; to count as; to regard as; to enumerate; to list
L2-0502	2	数字	數字	shù zì	4,4	N	数字	數字	numeral; digit; number; figure; amount; digital (electronics etc); CL:個|个[ge4]
L2-0503	2	水平	水平	shuǐ píng	3,2	N	水平	水平	horizontal; level; a standard; a level (of ability, development etc)
L2-0504	2	顺利	順利	shùn lì	4,4	Adj	顺利	順利	smoothly; without a hitch
L2-0505	2	说明	說明	shuō míng	1,2	V/N	说明	說明	to explain; to illustrate; to indicate; to show; to prove; explanation; directions; caption; CL:個|个[ge4]
L2-0506	2	司机	司機	sī jī	1,1	N	司机	司機	chauffeur; driver
L2-0507	2	送到	送到	sòngdào			送到	送到	to deliver or take to; to send as far as
L2-0508	2	送给	送給	sòng gěi	4,3		送给	送給	to send; to give as a present
L2-0509	2	算	算	suàn	4	V	算	算	to calculate; to figure out; to include; to count in; to count; to be valid; to carry weight; to regard as; to consider (to be ...)
L2-0510	2	虽然	雖然	suī rán	1,2	Conj	虽然	雖然	although; even though (often used correlatively with 可是[ke3 shi4] or 但是[dan4 shi4] etc)
L2-0511	2	随便	隨便	suí biàn	2,4	Adj	随便	隨便	as one wishes; as one pleases; at random; negligent; casual; wanton
L2-0512	2	随时	隨時	suí shí	2,2	Adv	随时	隨時	at any time; at all times; at the right time; whenever necessary
L2-0513	2	所以	所以	suǒ yǐ	3,3	Conj	所以	所以	therefore; as a result; so; the reason why
L2-0514	2	所有	所有	suǒ yǒu	3,3	Adj	所有	所有	all; to have; to possess; to own
L2-0515	2	它	它	tā	1	Pron	它	它	it
L2-0516	2	它们	它們	tā men	1,5	Pron	它们	它們	they; them
L2-0517	2	太太	太太	tài tai	4,5	N	太太	太太	married woman; Mrs.; Madam; wife; CL:個|个[ge4],位[wei4]
L2-0518	2	太阳	太陽	tài yang	4,5	N	太阳	太陽	sun; sunlight; sunshine; temple (on the side of the human head) (abbr. for 太陽穴|太阳穴[tai4 yang2 xue2])
L2-0519	2	态度	態度	tài du	4,5	N	态度	態度	manner; bearing; attitude; approach; CL:個|个[ge4]
L2-0520	2	讨论	討論	tǎo lùn	3,4	V	讨论	討論	to discuss; to talk over
L2-0521	2	套	套	tào	4	M	套	套	to cover; to encase; cover; sheath; to overlap; to interleave; to model after; to copy; formula; harness; loop of rope; (fig.) to fish for; to obtain slyly; classifier for sets, collections; bend (of a river or mountain range, in place names); tau (Greek letter Ττ)
L2-0522	2	特别	特別	tè bié	4,2	Adj/Adv	特别	特別	unusual; special; very; especially; particularly; expressly; for a specific purpose; (often followed by 是[shi4]) in particular
L2-0523	2	特点	特點	tè diǎn	4,3	N	特点	特點	characteristic; trait; feature
L2-0524	2	疼	疼	téng	2	V	疼	疼	(it) hurts; sore; to love dearly
L2-0525	2	提	提	tí	2	V	提	提	to carry (hanging down from the hand); to lift; to put forward; to mention; to raise (an issue); upwards character stroke; lifting brush stroke (in painting); scoop for measuring liquid
L2-0526	2	提出	提出	tí chū	2,1		提出	提出	to raise (an issue); to propose; to put forward; to suggest; to post (on a website); to withdraw (cash)
L2-0527	2	提到	提到	tí dào	2,4		提到	提到	to mention; to raise (a subject); to refer to
L2-0528	2	提高	提高	tí gāo	2,1		提高	提高	to raise; to increase; to improve
L2-0529	2	题	題	tí	2	N	题	題	topic; problem for discussion; exam question; subject; to inscribe; to mention; CL:個|个[ge4],道[dao4]
L2-0530	2	体育	體育	tǐ yù	3,4	N	体育	體育	sports; physical education
L2-0531	2	体育场	體育場	tǐ yù chǎng	3,4,3	N	体育场	體育場	stadium; CL:個|个[ge4],座[zuo4]
L2-0532	2	体育馆	體育館	tǐ yù guǎn	3,4,3	N	体育馆	體育館	gym; gymnasium; stadium; CL:個|个[ge4]
L2-0533	2	天上	天上	tiān shàng	1,4	N	天上	天上	the sky; the heavens
L2-0534	2	条	條	tiáo	2	M	条	條	strip; item; article; clause (of law or treaty); classifier for long thin things (ribbon, river, road, trousers etc)
L2-0535	2	条件	條件	tiáo jiàn	2,4	N	条件	條件	condition; circumstance; term; factor; requirement; prerequisite; qualification; situation; state; condition; CL:個|个[ge4]
L2-0536	2	听讲	聽講	tīng jiǎng	1,3		听讲	聽講	to attend a lecture; to listen to a talk
L2-0537	2	听说	聽說	tīng shuō	1,1	V	听说	聽說	to hear (sth said); one hears (that); hearsay; listening and speaking
L2-0538	2	停	停	tíng	2	V	停	停	to stop; to halt; to park (a car)
L2-0539	2	停车	停車	tíng chē	2,1		停车	停車	to pull up (stop one's vehicle); to park; (of a machine) to stop working; to stall
L2-0540	2	停车场	停車場	tíng chē chǎng	2,1,3	N	停车场	停車場	parking lot; car park
L2-0541	2	挺	挺	tǐng	3	Adv	挺	挺	straight; erect; to stick out (a part of the body); to (physically) straighten up; to support; to withstand; outstanding; (coll.) quite; very; classifier for machine guns
L2-0542	2	挺好	挺好	tǐng hǎo	3,3		挺好	挺好	very good
L2-0543	2	通	通	tōng	1	V/Adj	通	通	to go through; to know well; (suffix) expert; to connect; to communicate; open; to clear; classifier for letters, telegrams, phone calls etc
L2-0544	2	通过	通過	tōng guò	1,4	Prep/V	通过	通過	to pass through; to get through; to adopt (a resolution); to pass (legislation); to pass (a test); by means of; through; via
L2-0545	2	通知	通知	tōng zhī	1,1	V/N	通知	通知	to notify; to inform; notice; notification; CL:個|个[ge4]
L2-0546	2	同时	同時	tóng shí	2,2	Conj/N	同时	同時	at the same time; simultaneously
L2-0547	2	同事	同事	tóng shì	2,4	N	同事	同事	colleague; co-worker
L2-0548	2	同样	同樣	tóng yàng	2,4	Adj/Conj	同样	同樣	same; equal; similar; similarly; also; too
L2-0549	2	头	頭	tóu	2	N/M	头	頭	head; hair style; the top; end; beginning or end; a stub; remnant; chief; boss; side; aspect; first; leading; classifier for pigs or livestock; CL:個|个[ge4]
L2-0550	2	头	頭	tou	5	Suffix	头（里头）	頭（裡頭）	suffix for nouns
L2-0551	2	头发	頭髮	tóu fa	2,5	N	头发	頭髮	hair (on the head)
L2-0552	2	图片	圖片	tú piàn	2,4	N	图片	圖片	picture; photograph; CL:張|张[zhang1]
L2-0553	2	推	推	tuī	1	V	推	推	to push; to cut; to refuse; to reject; to decline; to shirk (responsibility); to put off; to delay; to push forward; to nominate; to elect; massage
L2-0554	2	腿	腿	tuǐ	3	N	腿	腿	leg; CL:條|条[tiao2]
L2-0555	2	外地	外地	wài dì	4,4	N	外地	外地	parts of the country other than where one is
L2-0556	2	外卖	外賣	wài mài	4,4	N/V	外卖	外賣	(of a restaurant) to provide a takeout or home delivery meal; takeout (business); takeout (meal)
L2-0557	2	完	完	wán	2	V	完	完	to finish; to be over; whole; complete; entire
L2-0558	2	完成	完成	wán chéng	2,2		完成	完成	to complete; to accomplish
L2-0559	2	完全	完全	wán quán	2,2	Adj/Adv	完全	完全	complete; whole; totally; entirely
L2-0560	2	晚安	晚安	wǎn ān	3,1	V	晚安	晚安	Good night!; Good evening!
L2-0561	2	晚报	晚報	wǎn bào	3,4	N	晚报	晚報	evening newspaper; (in a newspaper's name) Evening News
L2-0562	2	晚餐	晚餐	wǎn cān	3,1	N	晚餐	晚餐	evening meal; dinner; CL:份[fen4],頓|顿[dun4],次[ci4]
L2-0563	2	晚会	晚會	wǎn huì	3,4	N	晚会	晚會	evening party; CL:個|个[ge4]
L2-0564	2	碗	碗	wǎn	3	N	碗	碗	bowl; cup; CL:隻|只[zhi1],個|个[ge4]
L2-0565	2	万	萬	wàn	4	Num	万	萬	ten thousand; a great number
L2-0566	2	网	網	wǎng	3	N	网	網	net; web; network; to net; to catch with a net
L2-0567	2	网球	網球	wǎng qiú	3,2	N	网球	網球	tennis; tennis ball; CL:個|个[ge4]
L2-0568	2	网站	網站	wǎng zhàn	3,4	N	网站	網站	website
L2-0569	2	往	往	wǎng	3	V/Prep	往	往	to go (in a direction); to; towards; (of a train) bound for; past; previous
L2-0570	2	为	為	wèi	4	Prep	为	為	because of; for; to
L2-0571	2	为什么	為什麼	wèi shén me	4,2,5		为什么	為什麼	why?; for what reason?
L2-0572	2	位	位	wèi	4	M	位	位	position; location; place; seat; classifier for people (honorific); classifier for binary bits (e.g. 十六位 16-bit or 2 bytes); (physics) potential
L2-0573	2	味道	味道	wèi dao	4,5	N	味道	味道	flavor; taste; (fig.) feeling (of ...); sense (of ...); hint (of ...); (fig.) interest; delight; (dialect) smell; odor
L2-0574	2	喂	喂	wèi	4	Intj	喂	喂	hey; to feed (an animal, baby, invalid etc)
L2-0575	2	温度	溫度	wēn dù	1,4	N	温度	溫度	temperature; CL:個|个[ge4]
L2-0576	2	闻	聞	wén	2	V	闻	聞	to hear; news; well-known; famous; reputation; fame; to smell; to sniff at
L2-0577	2	问路	問路	wèn lù	4,4	V	问路	問路	to ask for directions; to ask the way (to some place)
L2-0578	2	问题	問題	wèn tí	4,2	N	问题	問題	question; problem; issue; topic; CL:個|个[ge4]
L2-0579	2	午餐	午餐	wǔ cān	3,1	N	午餐	午餐	lunch; luncheon; CL:份[fen4],頓|顿[dun4],次[ci4]
L2-0580	2	午睡	午睡	wǔ shuì	3,4	N/V	午睡	午睡	to take a nap in the afternoon
L2-0581	2	西北	西北	xī běi	1,3	N	西北	西北	northwest
L2-0582	2	西餐	西餐	xī cān	1,1	N	西餐	西餐	Western-style food; CL:份[fen4],頓|顿[dun4]
L2-0583	2	西方	西方	Xī fāng	1,1	N	西方	西方	the West; the Occident; Western countries
L2-0584	2	西南	西南	xī nán	1,2	N	西南	西南	southwest
L2-0585	2	西医	西醫	xī yī	1,1	N	西医	西醫	Western medicine; a doctor trained in Western medicine
L2-0586	2	习惯	習慣	xí guàn	2,4	N/V	习惯	習慣	habit; custom; usual practice; to be used to; CL:個|个[ge4]
L2-0587	2	洗衣机	洗衣機	xǐ yī jī	3,1,1	N	洗衣机	洗衣機	washing machine; washer; CL:臺|台[tai2]
L2-0588	2	洗澡	洗澡	xǐ zǎo	3,3		洗澡	洗澡	to bathe; to take a shower
L2-0589	2	下	下	xià	4	M	下	下	down; downwards; below; lower; later; next (week etc); second (of two parts); to decline; to go down; to arrive at (a decision, conclusion etc); measure word to show the frequency of an action
L2-0590	2	下雪	下雪	xià xuě	4,3		下雪	下雪	to snow
L2-0591	2	下周	下週	xià zhōu	4,1		下周	下週	next week
L2-0592	2	夏天	夏天	xià tiān	4,1	N	夏天	夏天	summer; CL:個|个[ge4]
L2-0593	2	相同	相同	xiāng tóng	1,2	Adj	相同	相同	identical; same
L2-0594	2	相信	相信	xiāng xìn	1,4	V	相信	相信	to believe; to be convinced; to accept as true
L2-0595	2	响	響	xiǎng	3	Adj	响	響	echo; sound; noise; to make a sound; to sound; to ring; loud; classifier for noises
L2-0596	2	想到	想到	xiǎng dào	3,4		想到	想到	to think of; to call to mind; to anticipate
L2-0597	2	想法	想法	xiǎng fǎ	3,3	N	想法	想法	way of thinking; opinion; notion; to think of a way (to do sth)
L2-0598	2	想起	想起	xiǎng qǐ	3,3		想起	想起	to recall; to think of; to call to mind
L2-0599	2	向	向	xiàng	4	Prep/V	向	向	towards; to face; to turn towards; direction; to support; to side with; shortly before; formerly; always; all along; (suffix) suitable for ...; oriented to ...
L2-0600	2	相机	相機	xiàng jī	4,1	N	相机	相機	camera (abbr. for 照相機|照相机[zhao4 xiang4 ji1]); at the opportune moment; as the circumstances allow
L2-0601	2	像	像	xiàng	4	V	像	像	to resemble; to be like; to look as if; such as; appearance; image; portrait; image under a mapping (math.)
L2-0602	2	小	小	xiǎo	3	Prefix	小（小王）	小（小王）	small; tiny; few; young
L2-0603	2	小声	小聲	xiǎo shēng	3,1		小声	小聲	in a low voice; (speak) in whispers
L2-0604	2	小时候	小時候	xiǎo shí hou	3,2,5	N	小时候	小時候	in one's childhood
L2-0605	2	小说	小說	xiǎo shuō	3,1	N	小说	小說	novel; fiction; CL:本[ben3],部[bu4]
L2-0606	2	小心	小心	xiǎo xīn	3,1	Adj/V	小心	小心	to be careful; to take care
L2-0607	2	小组	小組	xiǎo zǔ	3,3	N	小组	小組	group
L2-0608	2	校园	校園	xiào yuán	4,2	N	校园	校園	campus
L2-0609	2	校长	校長	xiào zhǎng	4,3	N	校长	校長	(college, university) president; headmaster; CL:個|个[ge4],位[wei4],名[ming2]
L2-0610	2	笑话	笑話	xiào hua	4,5	V	笑话	笑話	joke; jest; to laugh at; to mock; ridiculous; absurd
L2-0611	2	笑话儿	笑話兒	xiào hua r	4,5,5	N	笑话儿	笑話兒	erhua form of 笑話|笑话[xiao4 hua5]
L2-0612	2	鞋	鞋	xié	2	N	鞋	鞋	shoe; CL:雙|双[shuang1],隻|只[zhi1]
L2-0613	2	心里	心裡	xīn li	1,5	N	心里	心裡	chest; heart; mind
L2-0614	2	心情	心情	xīn qíng	1,2	N	心情	心情	mood; frame of mind
L2-0615	2	心中	心中	xīn zhōng	1,1	N	心中	心中	central point; in one's thoughts; in one's heart
L2-0616	2	新闻	新聞	xīn wén	1,2	N	新闻	新聞	news; CL:條|条[tiao2]
L2-0617	2	信	信	xìn	4	N	信	信	letter; mail; CL:封[feng1]; to trust; to believe; to profess faith in; truthful; confidence; trust; at will; at random
L2-0618	2	信号	信號	xìn hào	4,4	N	信号	信號	signal
L2-0619	2	信息	信息	xìn xī	4,1	N	信息	信息	information; news; message
L2-0620	2	信心	信心	xìn xīn	4,1	N	信心	信心	confidence; faith (in sb or sth); CL:個|个[ge4]
L2-0621	2	信用卡	信用卡	xìn yòng kǎ	4,4,3	N	信用卡	信用卡	credit card
L2-0622	2	星星	星星	xīng xing	1,5	N	星星	星星	(coll.) a star; the stars in the sky
L2-0623	2	行动	行動	xíng dòng	2,4	V/N	行动	行動	operation; action; CL:個|个[ge4]; to move about; mobile
L2-0624	2	行人	行人	xíng rén	2,2	N	行人	行人	pedestrian; traveler on foot; passer-by; official responsible for arranging audiences with the emperor
L2-0625	2	行为	行為	xíng wéi	2,2	N	行为	行為	action; conduct; behavior; activity
L2-0626	2	姓	姓	xìng	4	N/V	姓	姓	family name; surname; to be surnamed ...
L2-0627	2	姓名	姓名	xìng míng	4,2	N	姓名	姓名	surname and given name; full name
L2-0628	2	休假	休假	xiū jià	1,4		休假	休假	to go on vacation; to have a holiday; to take leave
L2-0629	2	许多	許多	xǔ duō	3,1	Num	许多	許多	many; a lot of; much
L2-0630	2	选	選	xuǎn	3	V	选	選	to choose; to pick; to select; to elect
L2-0631	2	学期	學期	xué qī	2,1	N	学期	學期	term; semester; CL:個|个[ge4]
L2-0632	2	雪	雪	xuě	3	N	雪	雪	snow; CL:場|场[chang2]; (literary) to wipe away (a humiliation etc)
L2-0633	2	颜色	顏色	yán sè	2,4	N	颜色	顏色	color; countenance; appearance; facial expression; pigment; dyestuff
L2-0634	2	眼	眼	yǎn	3	N/M	眼	眼	eye (CL:隻|只[zhi1],雙|双[shuang1]); (often used with 一[yi1]) a look; a glance; small hole; (bound form) salient point; classifier for wells, cave-dwellings etc
L2-0635	2	眼睛	眼睛	yǎn jing	3,5	N	眼睛	眼睛	eye; CL:隻|只[zhi1],雙|双[shuang1]
L2-0636	2	养	養	yǎng	3	V	养	養	to raise (animals); to bring up (children); to keep (pets); to support; to give birth
L2-0637	2	样子	樣子	yàng zi	4,5	N	样子	樣子	appearance; manner; pattern; model
L2-0638	2	要求	要求	yāo qiú	1,2	V/N	要求	要求	to request; to require; requirement; to stake a claim; to ask; to demand; CL:點|点[dian3]
L2-0639	2	药	藥	yào	4	N	药	藥	medicine; drug; substance used for a specific purpose (e.g. poisoning, explosion, fermenting); CL:種|种[zhong3],服[fu4],味[wei4]; to poison
L2-0640	2	药店	藥店	yào diàn	4,4	N	药店	藥店	pharmacy; drugstore
L2-0641	2	药片	藥片	yào piàn	4,4	N	药片	藥片	a (medicine) pill or tablet; CL:片[pian4]
L2-0642	2	药水	藥水	yào shuǐ	4,3	N	药水	藥水	medicine in liquid form; bottled medicine; lotion
L2-0643	2	也许	也許	yě xǔ	3,3	Adv	也许	也許	perhaps; maybe
L2-0644	2	夜	夜	yè	4	N	夜	夜	night
L2-0645	2	夜里	夜裡	yè li	4,5	N	夜里	夜裡	during the night; at night; nighttime
L2-0646	2	一部分	一部分	yī bù fen	1,4,5		一部分	一部分	portion; part of; subset
L2-0647	2	一定	一定	yī dìng	1,4	Adj/Adv	一定	一定	surely; certainly; definitely; fixed; settled; a certain ...; a given ...
L2-0648	2	一共	一共	yī gòng	1,4	Adv	一共	一共	in total; altogether
L2-0649	2	一会儿	一會兒	yī huì r	1,4,5	Adv	一会儿	一會兒	a moment; a while; in a moment; now...now...; also pr. [yi1 hui3 r5]
L2-0650	2	一路平安	一路平安	yī lù píng ān	1,4,2,1		一路平安	一路平安	to have a pleasant journey; Bon voyage!
L2-0651	2	一路顺风	一路順風	yī lù shùn fēng	1,4,4,1		一路顺风	一路順風	to have a pleasant journey (idiom)
L2-0652	2	已经	已經	yǐ jīng	3,1	Adv	已经	已經	already
L2-0653	2	以后	以後	yǐ hòu	3,4	N	以后	以後	after; later; afterwards; following; later on; in the future
L2-0654	2	以前	以前	yǐ qián	3,2	N	以前	以前	before; formerly; previous; ago
L2-0655	2	以上	以上	yǐ shàng	3,4	N	以上	以上	that level or higher; that amount or more; the above-mentioned; (used to indicate that one has completed one's remarks) That is all.
L2-0656	2	以外	以外	yǐ wài	3,4	N	以外	以外	apart from; other than; except for; external; outside of; on the other side of; beyond
L2-0657	2	以为	以為	yǐ wéi	3,2	V	以为	以為	to think; to believe (often with the implication that the belief is mistaken – unless referring to one's own current belief)
L2-0658	2	以下	以下	yǐ xià	3,4	N	以下	以下	that level or lower; that amount or less; the following
L2-0659	2	椅子	椅子	yǐ zi	3,5	N	椅子	椅子	chair; CL:把[ba3],張|张[zhang1]
L2-0660	2	一般	一般	yī bān	1,1	Adj	一般	一般	same; ordinary; so-so; common; general; generally; in general
L2-0661	2	一点点	一點點	yī diǎn diǎn	1,3,3		一点点	一點點	a little bit
L2-0662	2	一生	一生	yī shēng	1,1	N	一生	一生	all one's life; throughout one's life
L2-0663	2	一直	一直	yī zhí	1,2	Adv	一直	一直	straight (in a straight line); continuously; always; all the way through
L2-0664	2	亿	億	yì	4	Num	亿	億	100 million
L2-0665	2	意见	意見	yì jiàn	4,4	N	意见	意見	idea; opinion; suggestion; objection; complaint; CL:點|点[dian3],條|条[tiao2]
L2-0666	2	意思	意思	yì si	4,5	N	意思	意思	idea; opinion; meaning; wish; desire; interest; fun; token of appreciation, affection etc; CL:個|个[ge4]; to give as a small token; to do sth as a gesture of goodwill etc
L2-0667	2	因为	因為	yīn wèi	1,4	Conj/Prep	因为	因為	because; owing to; on account of
L2-0668	2	阴	陰	yīn	1	Adj	阴	陰	overcast (weather); cloudy; shady; Yin (the negative principle of Yin and Yang); negative (electric.); feminine; moon; implicit; hidden; genitalia
L2-0669	2	阴天	陰天	yīn tiān	1,1	N	阴天	陰天	cloudy day; overcast sky
L2-0670	2	音节	音節	yīn jié	1,2	N	音节	音節	syllable
L2-0671	2	音乐	音樂	yīn yuè	1,4	N	音乐	音樂	music; CL:張|张[zhang1],曲[qu3],段[duan4]
L2-0672	2	音乐会	音樂會	yīn yuè huì	1,4,4	N	音乐会	音樂會	concert; CL:場|场[chang3]
L2-0673	2	银行	銀行	yín háng	2,2	N	银行	銀行	bank; CL:家[jia1],個|个[ge4]
L2-0674	2	银行卡	銀行卡	yín háng kǎ	2,2,3	N	银行卡	銀行卡	bank card
L2-0675	2	应该	應該	yīng gāi	1,1	V	应该	應該	ought to; should; must
L2-0676	2	英文	英文	Yīng wén	1,2	N	英文	英文	English (language)
L2-0677	2	英语	英語	Yīng yǔ	1,3	N	英语	英語	English (language)
L2-0678	2	影片	影片	yǐng piàn	3,4	N	影片	影片	a copy of a film; film; motion picture; movie; (Tw) video; video clip; CL:部[bu4]
L2-0679	2	影响	影響	yǐng xiǎng	3,3	V/N	影响	影響	influence; effect; to influence; to affect (usually adversely); to disturb; CL:股[gu3]
L2-0680	2	永远	永遠	yǒng yuǎn	3,3	Adv	永远	永遠	forever; eternal
L2-0681	2	油	油	yóu	2	N	油	油	oil; fat; grease; petroleum; to apply tung oil, paint or varnish; oily; greasy; glib; cunning
L2-0682	2	游客	遊客	yóu kè	2,4	N	游客	遊客	traveler; tourist; (online gaming) guest player
L2-0683	2	友好	友好	yǒu hǎo	3,3	Adj	友好	友好	friendly; amicable; close friend
L2-0684	2	有空儿	有空兒	yǒu kòng r	3,4,5	V	有空儿	有空兒	erhua form of 有空[you3 kong4]
L2-0685	2	有人	有人	yǒu rén	3,2		有人	有人	someone; people; anyone; there is someone there; occupied (as in restroom)
L2-0686	2	有点儿	有點兒	yǒu diǎn r	3,3,5	Adv	有（一）点儿	有（一）點兒	slightly; a little; somewhat
L2-0687	2	有意思	有意思	yǒu yì si	3,4,5		有意思	有意思	interesting; meaningful; enjoyable; fun
L2-0688	2	又	又	yòu	4	Adv	又	又	(once) again; also; both... and...; and yet; (used for emphasis) anyway
L2-0689	2	鱼	魚	yú	2	N	鱼	魚	fish (CL:條|条[tiao2],尾[wei3]); used in the names of various aquatic animals that are not fish (including abalone 鮑魚|鲍鱼[bao4 yu2], alligators and crocodiles 鱷魚|鳄鱼[e4 yu2] and octopi 章魚|章鱼[zhang1 yu2])
L2-0690	2	语言	語言	yǔ yán	3,2	N	语言	語言	language; CL:門|门[men2],種|种[zhong3]
L2-0691	2	原来	原來	yuán lái	2,2	Adj/Adv	原来	原來	original; former; originally; formerly; at first; so, actually, as it turns out
L2-0692	2	原因	原因	yuán yīn	2,1	N	原因	原因	cause; origin; root cause; reason; CL:個|个[ge4]
L2-0693	2	院	院	yuàn	4	N	院	院	courtyard; institution; CL:個|个[ge4]
L2-0694	2	院长	院長	yuàn zhǎng	4,3	N	院长	院長	the head of an institution whose name ends in 院[yuan4]; chair of a board; university president; college dean; premier of the Republic of China
L2-0695	2	院子	院子	yuàn zi	4,5	N	院子	院子	courtyard; garden; yard; patio; CL:個|个[ge4]; (old) servant
L2-0696	2	愿意	願意	yuàn yì	4,4	V	愿意	願意	to wish; to want; ready; willing (to do sth)
L2-0697	2	月份	月份	yuè fèn	4,4	N	月份	月份	month
L2-0698	2	月亮	月亮	yuè liang	4,5	N	月亮	月亮	the moon
L2-0699	2	越	越	yuè	4	Adv	越	越	to exceed; to climb over; to surpass; the more... the more
L2-0700	2	越来越	越來越	yuè lái yuè	4,2,4		越来越	越來越	more and more
L2-0701	2	云	雲	yún	2	N	云	雲	cloud; CL:朵[duo3]
L2-0702	2	运动	運動	yùn dòng	4,4	V/N	运动	運動	to move; to exercise; sports; exercise; motion; movement; campaign; CL:場|场[chang3]
L2-0703	2	咱	咱	zán	2	Pron	咱	咱	I or me; we (including both the speaker and the person spoken to)
L2-0704	2	咱们	咱們	zán men	2,5	Pron	咱们	咱們	we or us (including both the speaker and the person(s) spoken to); (dialect) I or me; (dialect) (in a coaxing or familiar way) you; also pr. [za2 men5]
L2-0705	2	脏	髒	zāng	1	Adj	脏	髒	dirty; filthy; to get (sth) dirty
L2-0706	2	早餐	早餐	zǎo cān	3,1	N	早餐	早餐	breakfast; CL:份[fen4],頓|顿[dun4],次[ci4]
L2-0707	2	早晨	早晨	zǎo chén	3,2	N	早晨	早晨	early morning; also pr. [zao3chen5]
L2-0708	2	早就	早就	zǎo jiù	3,4		早就	早就	already at an earlier time
L2-0709	2	怎么办	怎麼辦	zěn me bàn	3,5,4		怎么办	怎麼辦	what's to be done
L2-0710	2	怎么样	怎麼樣	zěn me yàng	3,5,4	Pron	怎么样	怎麼樣	how?; how about?; how was it?; how are things?
L2-0711	2	怎样	怎樣	zěn yàng	3,4	Pron	怎样	怎樣	how; what kind
L2-0712	2	占	占	zhàn	4	V	占	占	to take possession of; to occupy; to take up
L2-0713	2	站	站	zhàn	4	V	站	站	station; to stand; to halt; to stop; branch of a company or organization; website
L2-0714	2	站住	站住	zhàn zhù	4,4		站住	站住	to come to a stop; to halt; to keep one's footing; to stay upright; (fig.) to hold one's ground; to gain a firm foothold; (of an assertion etc) to hold up; to be tenable
L2-0715	2	长	長	zhǎng	3	V	长	長	chief; head; elder; to grow; to develop; to increase; to enhance
L2-0716	2	长大	長大	zhǎng dà	3,4		长大	長大	to grow up
L2-0717	2	找出	找出	zhǎo chū	3,1		找出	找出	to find; to search out
L2-0718	2	照顾	照顧	zhào gu	4,5	V	照顾	照顧	to take care of; to show consideration; to attend to; to look after
L2-0719	2	照片	照片	zhào piàn	4,4	N	照片	照片	photograph; CL:張|张[zhang1],幅[fu2]
L2-0720	2	照相	照相	zhào xiàng	4,4		照相	照相	to take a photograph
L2-0721	2	这么	這麼	zhè me	4,5	Pron	这么	這麼	so much; this much; how much?; this way; like this
L2-0722	2	这时候	這時候	zhè shíhou			这时候|这时	這時候|這時	at this time; at this moment
L2-0723	2	这样	這樣	zhè yàng	4,4	Pron	这样	這樣	this way; like this; so; (before a noun) this kind of; such
L2-0724	2	真正	真正	zhēn zhèng	1,4	Adj	真正	真正	genuine; real; true; really; indeed
L2-0725	2	正常	正常	zhèng cháng	4,2	Adj	正常	正常	normal; regular
L2-0726	2	正好	正好	zhèng hǎo	4,3	Adj/Adv	正好	正好	just (in time); just right; just enough; to happen to; to chance to; by chance; it just so happens that
L2-0727	2	正确	正確	zhèng què	4,4	Adj	正确	正確	correct; sound; right; proper
L2-0728	2	正是	正是	zhèng shì	4,4	V	正是	正是	is precisely
L2-0729	2	直接	直接	zhí jiē	2,1	Adj	直接	直接	direct (opposite: indirect 間接|间接[jian4 jie1]); immediate; straightforward
L2-0730	2	只	只	zhǐ	3	Adv	只	只	only; merely; just
L2-0731	2	只能	只能	zhǐ néng	3,2		只能	只能	can only; obliged to do sth; to have no other choice
L2-0732	2	只要	只要	zhǐ yào	3,4	Conj	只要	只要	so long as; provided; if
L2-0733	2	纸	紙	zhǐ	3	N	纸	紙	paper (CL:張|张[zhang1],沓[da2]); classifier for documents, letters etc
L2-0734	2	中餐	中餐	zhōng cān	1,1	N	中餐	中餐	lunch; Chinese meal; Chinese food; CL:份[fen4],頓|顿[dun4]
L2-0735	2	中级	中級	zhōng jí	1,2	Adj	中级	中級	middle level (in a hierarchy)
L2-0736	2	中年	中年	zhōng nián	1,2	N	中年	中年	middle age
L2-0737	2	中小学	中小學	zhōng xiǎo xué	1,3,2		中小学	中小學	middle and elementary school
L2-0738	2	中心	中心	zhōng xīn	1,1	N	中心	中心	center; heart; core
L2-0739	2	中医	中醫	zhōng yī	1,1	N	中医	中醫	traditional Chinese medical science; a doctor trained in Chinese medicine
L2-0740	2	重点	重點	zhòng diǎn	4,3	N/Adv	重点	重點	important point; main point; focus; key (project etc); to focus on; to put the emphasis on
L2-0741	2	重视	重視	zhòng shì	4,4	V	重视	重視	to attach importance to sth; to value
L2-0742	2	周	週	zhōu	1	M	周	週	week; weekly; variant of 周[zhou1]
L2-0743	2	周末	週末	zhōu mò	1,4	N	周末	週末	weekend
L2-0744	2	周年	週年	zhōu nián	1,2	N	周年	週年	anniversary; annual
L2-0745	2	主人	主人	zhǔ rén	3,2	N	主人	主人	owner; host; master
L2-0746	2	主要	主要	zhǔ yào	3,4	Adj	主要	主要	main; principal; major; primary
L2-0747	2	住房	住房	zhù fáng	4,2	N	住房	住房	housing
L2-0748	2	住院	住院	zhù yuàn	4,4		住院	住院	to stay in hospital; to be hospitalized
L2-0749	2	装	裝	zhuāng	1	V	装	裝	adornment; to adorn; dress; clothing; costume (of an actor in a play); to play a role; to pretend; to install; to fix; to wrap (sth in a bag); to load; to pack
L2-0750	2	准确	準確	zhǔn què	3,4	Adj	准确	準確	accurate; exact; precise
L2-0751	2	自己	自己	zì jǐ	4,3	Pron	自己	自己	oneself; (attributive) one's own
L2-0752	2	自行车	自行車	zì xíng chē	4,2,1	N	自行车	自行車	bicycle; bike; CL:輛|辆[liang4]
L2-0753	2	自由	自由	zì yóu	4,2	N/Adj	自由	自由	freedom; liberty; free; unrestricted
L2-0754	2	字典	字典	zì diǎn	4,3	N	字典	字典	Chinese character dictionary (containing entries for single characters, contrasted with a 詞典|词典[ci2 dian3], which has entries for words of one or more characters); (coll.) dictionary; CL:本[ben3]
L2-0755	2	走过	走過	zǒu guò	3,4		走过	走過	to walk past; to pass by
L2-0756	2	走进	走進	zǒu jìn	3,4		走进	走進	to enter; to step into
L2-0757	2	走开	走開	zǒu kāi	3,1		走开	走開	to leave; to walk away; to beat it; to move aside
L2-0758	2	租	租	zū	1	V	租	租	to hire; to rent; to charter; to rent out; to lease out; rent; land tax
L2-0759	2	组	組	zǔ	3	V/N	组	組	to form; to organize; group; team; classifier for sets, series, groups of people, batteries
L2-0760	2	组成	組成	zǔ chéng	3,2	V	组成	組成	to form; to make up; to constitute
L2-0761	2	组长	組長	zǔ zhǎng	3,3	N	组长	組長	group leader
L2-0762	2	嘴	嘴	zuǐ	3	N	嘴	嘴	mouth; beak; nozzle; spout (of teapot etc); CL:張|张[zhang1],個|个[ge4]
L2-0763	2	最近	最近	zuì jìn	4,4	N	最近	最近	recently; soon; nearest
L2-0764	2	作家	作家	zuò jiā	4,1	N	作家	作家	author; CL:個|个[ge4],位[wei4]
L2-0765	2	作文	作文	zuò wén	4,2	N	作文	作文	to write an essay; composition (student essay); CL:篇[pian1]
L2-0766	2	作业	作業	zuò yè	4,4	N	作业	作業	school assignment; homework; work; task; operation; CL:個|个[ge4]; to operate
L2-0767	2	作用	作用	zuò yòng	4,4	N	作用	作用	to act on; to affect; action; function; activity; impact; result; effect; purpose; intent; (suffix) -ation, -tion etc, as in 抑制作用[yi4 zhi4 zuo4 yong4], inhibition
L2-0768	2	座	座	zuò	4	M	座	座	seat; base; stand; (bound form) constellation; (archaic) suffix used in a respectful form of address (e.g. 師座|师座[shi1 zuo4]); classifier for large immovable objects such as buildings, mountains, bridges etc
L2-0769	2	座位	座位	zuò wèi	4,4	N	座位	座位	seat; CL:個|个[ge4]
L2-0770	2	做到	做到	zuò dào	4,4		做到	做到	to accomplish; to achieve
L2-0771	2	做法	做法	zuò fǎ	4,3	N	做法	做法	way of handling sth; method for making; work method; recipe; practice; CL:個|个[ge4]
L2-0772	2	做饭	做飯	zuò fàn	4,4		做饭	做飯	to prepare a meal; to cook
L3-0001	3	爱心	愛心	ài xīn	4,1	N	爱心	愛心	compassion; kindness; care for others; love; CL:片[pian4]; charity (bazaar, golf day etc); heart (the symbol ♥)
L3-0002	3	安排	安排	ān pái	1,2	V/N	安排	安排	to arrange; to plan; to set up; arrangements; plans
L3-0003	3	安装	安裝	ān zhuāng	1,1	V	安装	安裝	to install; to erect; to fix; to mount; installation
L3-0004	3	按	按	àn	4	V/Prep	按	按	to press; to push; to leave aside or shelve; to control; to restrain; to keep one's hand on; to check or refer to; according to; in the light of; (of an editor or author) to make a comment
L3-0005	3	按照	按照	àn zhào	4,4	Prep	按照	按照	according to; in accordance with; on the basis of
L3-0006	3	把	把	bǎ	3	Prep	把	把	to hold; to grasp; to hold a baby in position to help it urinate or defecate; handlebar; classifier: handful, bundle, bunch; classifier for things with handles; (used to put the object before the verb: 把[ba3] + {noun} + {verb})
L3-0007	3	把	把	bǎ	3	M	把	把	to hold; to grasp; to hold a baby in position to help it urinate or defecate; handlebar; classifier: handful, bundle, bunch; classifier for things with handles; (used to put the object before the verb: 把[ba3] + {noun} + {verb})
L3-0008	3	把握	把握	bǎ wò	3,4	V/N	把握	把握	to grasp (also fig.); to seize; to hold; assurance; certainty; sure (of the outcome)
L3-0009	3	白	白	bái	2	Adv	白	白	white; in vain; free of charge; (bound form) (of facts, the truth, a situation) clear; evident (e.g. 真相大白[zhen1 xiang4 da4 bai2]); (bound form) plain; without additions (e.g. 白飯|白饭[bai2 fan4]); (bound form) to explain; to state (e.g. 辯白|辩白[bian4 bai2]); (bound form) to give a disdainful look (e.g. 白了他一眼[bai2 le5 ta1 yi1 yan3]); (bound form) vernacular (e.g. 白話|白话[bai2 hua4]); (bound form) spoken lines in opera (e.g. 念白[nian4 bai2]); (bound form) reactionary; anti-communist (e.g. 白區|白区[bai2 qu1])
L3-0010	3	白菜	白菜	bái cài	2,4	N	白菜	白菜	Chinese cabbage, esp. napa cabbage (Brassica rapa subsp. pekinensis); sometimes used to refer to bok choy (Brassica rapa subsp. chinensis); CL:棵[ke1]
L3-0011	3	班级	班級	bān jí	1,2	N	班级	班級	class (group of students); grade (in school)
L3-0012	3	搬	搬	bān	1	V	搬	搬	to move (i.e. relocate oneself); to move (sth relatively heavy or bulky); to shift; to copy indiscriminately
L3-0013	3	搬家	搬家	bān jiā	1,1		搬家	搬家	to move house; to relocate; to remove (sth)
L3-0014	3	板	板	bǎn	3	N	板	板	board; plank; plate; shutter; table tennis bat; clappers (music); CL:塊|块[kuai4]; accented beat in Chinese music; hard; stiff; to stop smiling or look serious
L3-0015	3	办理	辦理	bàn lǐ	4,3	V	办理	辦理	to handle; to transact; to conduct
L3-0016	3	保	保	bǎo	3	V	保	保	to defend; to protect; to keep; to guarantee; to ensure; (old) civil administration unit in the baojia 保甲[bao3 jia3] system
L3-0017	3	保安	保安	bǎo ān	3,1	N	保安	保安	to ensure public security; to ensure safety (for workers engaged in production); public security; security guard
L3-0018	3	保持	保持	bǎo chí	3,2	V	保持	保持	to keep; to maintain; to hold; to preserve
L3-0019	3	保存	保存	bǎo cún	3,2	V	保存	保存	to conserve; to preserve; to keep; to store; (computing) to save (a file etc)
L3-0020	3	保护	保護	bǎo hù	3,4	V	保护	保護	to protect; to defend; to safeguard; protection; CL:種|种[zhong3]
L3-0021	3	保留	保留	bǎo liú	3,2	V	保留	保留	to keep; to retain; to have reservations (about sth); to hold back (from saying sth); to put aside for later
L3-0022	3	保险	保險	bǎo xiǎn	3,3	Adj/N	保险	保險	insurance; to insure; safe; secure; be sure; be bound to; CL:份[fen4]
L3-0023	3	保证	保證	bǎo zhèng	3,4	V/N	保证	保證	guarantee; to guarantee; to ensure; to safeguard; to pledge; CL:個|个[ge4]
L3-0024	3	报	報	bào	4	N	报	報	to report; to inform; to announce; to respond; to reply; to sign up for; to register for (abbr. for 報名|报名[bao4 ming2]); to reward; to recompense; to take revenge; to retaliate; newspaper; periodical; journal; bulletin; telegram
L3-0025	3	报到	報到	bào dào	4,4		报到	報到	to report for duty; to check in; to register
L3-0026	3	报道	報道	bào dào	4,4	V/N	报道	報道	to report (news); report; CL:篇[pian1],份[fen4]
L3-0027	3	报告	報告	bào gào	4,4	V/N	报告	報告	to inform; to report; to make known; report; speech; talk; lecture; CL:篇[pian1],份[fen4],個|个[ge4],通[tong4]
L3-0028	3	背	背	bēi	1	V	背	背	to carry on one's back; (fig.) to bear; to shoulder (a burden, blame etc)
L3-0029	3	北部	北部	běi bù	3,4	N	北部	北部	northern part
L3-0030	3	背	背	bèi	4	N	背	背	the back of a body or object; to turn one's back; to hide something from; to learn by heart; to recite from memory; (slang) unlucky; hard of hearing
L3-0031	3	背后	背後	bèi hòu	4,4	N	背后	背後	behind; at the back; in the rear; behind sb's back
L3-0032	3	被	被	bèi	4	Prep	被	被	quilt; to cover (with); (literary) to suffer (a misfortune); used to indicate passive voice (placed before the doer of the action like "by" in English passive-voice sentences, or, if the doer is not mentioned, before the verb); (since c. 2009) (sarcastic or jocular) used to indicate that the following word should be regarded as being in air quotes (as in 被旅遊|被旅游[bei4 lu : 3 you2] to "go on a trip")
L3-0033	3	被子	被子	bèi zi	4,5	N	被子	被子	blanket; quilt; CL:條|条[tiao2],床[chuang2]
L3-0034	3	本来	本來	běn lái	3,2	Adj/Adv	本来	本來	original; originally; at first; it goes without saying; of course
L3-0035	3	本领	本領	běn lǐng	3,3	N	本领	本領	skill; ability; capability; CL:項|项[xiang4],個|个[ge4]
L3-0036	3	本事	本事	běn shi	3,5	N	本事	本事	ability; skill
L3-0037	3	比较	比較	bǐ jiào	3,4	Adv/V	比较	比較	to compare; to contrast; comparatively; relatively; quite; comparison
L3-0038	3	比例	比例	bǐ lì	3,4	N	比例	比例	proportion; scale
L3-0039	3	比赛	比賽	bǐ sài	3,4	V/N	比赛	比賽	competition (sports etc); match; CL:場|场[chang3],次[ci4]; to compete
L3-0040	3	必然	必然	bì rán	4,2	Adj	必然	必然	inevitable; certain; necessity
L3-0041	3	必要	必要	bì yào	4,4	Adj/N	必要	必要	necessary; essential; indispensable; required
L3-0042	3	变化	變化	biàn huà	4,4	V/N	变化	變化	(intransitive) to change; to vary; change; variation
L3-0043	3	变为	變為	biàn wéi	4,2		变为	變為	to change into
L3-0044	3	标题	標題	biāo tí	1,2	N	标题	標題	title; heading; headline; caption; subject
L3-0045	3	标准	標準	biāo zhǔn	1,3	N/Adj	标准	標準	standard; norm; criterion; (adjective) standard; good; correct; conforming to a standard
L3-0046	3	表达	表達	biǎo dá	3,2	V	表达	表達	to express; to convey
L3-0047	3	表格	表格	biǎo gé	3,2	N	表格	表格	form; table; CL:張|张[zhang1],份[fen4]
L3-0048	3	表面	表面	biǎo miàn	3,4	N	表面	表面	surface; face; outside; appearance
L3-0049	3	表明	表明	biǎo míng	3,2	V	表明	表明	to make clear; to make known; to state clearly; to indicate; known
L3-0050	3	表现	表現	biǎo xiàn	3,4	V/N	表现	表現	to show; to show off; to display; to manifest; expression; manifestation; show; display; performance (at work etc); behavior
L3-0051	3	表演	表演	biǎo yǎn	3,3	V/N	表演	表演	play; show; performance; exhibition; to perform; to act; to demonstrate; CL:場|场[chang3]
L3-0052	3	并	並	bìng	4	Adv/Conj	并	並	and; furthermore; also; together with; (not) at all; simultaneously; to combine; to join; to merge
L3-0053	3	并且	並且	bìng qiě	4,3	Conj	并且	並且	and; besides; moreover; furthermore; in addition
L3-0054	3	播出	播出	bō chū	1,1		播出	播出	to broadcast; to air (a TV program etc)
L3-0055	3	播放	播放	bō fàng	1,4	V	播放	播放	to broadcast; to transmit (by radio or TV)
L3-0056	3	不必	不必	bù bì	4,4	Adv	不必	不必	need not; does not have to; not necessarily
L3-0057	3	不断	不斷	bù duàn	4,4	V/Adv	不断	不斷	unceasing; uninterrupted; continuous; constant
L3-0058	3	不论	不論	bù lùn	4,4	Conj	不论	不論	whatever; no matter what (who, how etc); regardless of; not to discuss
L3-0059	3	补	補	bǔ	3	V	补	補	to repair; to patch; to mend; to make up for; to fill (a vacancy); to supplement
L3-0060	3	补充	補充	bǔ chōng	3,1	V/N	补充	補充	to replenish; to supplement; to complement; additional; supplementary; CL:個|个[ge4]
L3-0061	3	不安	不安	bù ān	4,1	Adj	不安	不安	unpeaceful; unstable; uneasy; disturbed; restless; worried
L3-0062	3	不得不	不得不	bù dé bù	4,2,4		不得不	不得不	have no choice or option but to; cannot but; have to; can't help it; can't avoid
L3-0063	3	不光	不光	bù guāng	4,1	Adv/Conj	不光	不光	not the only one; not only
L3-0064	3	不仅	不僅	bù jǐn	4,3	Conj	不仅	不僅	not just; not limited to; (as a correlative conjunction) not only (..., but also ...)
L3-0065	3	布	布	bù	4	N	布	布	cloth; to declare; to announce; to spread; to make known
L3-0066	3	步	步	bù	4	N/M	步	步	a step; a pace; walk; march; stages in a process; situation
L3-0067	3	部	部	bù	4	N/M	部	部	ministry; department; section; part; division; troops; board; classifier for works of literature, films, machines etc
L3-0068	3	部门	部門	bù mén	4,2	N	部门	部門	department; branch; section; division; CL:個|个[ge4]
L3-0069	3	部长	部長	bù zhǎng	4,3	N	部长	部長	head of a (government etc) department; section chief; section head; secretary; minister; CL:個|个[ge4],位[wei4],名[ming2]
L3-0070	3	才能	才能	cái néng	2,2	N	才能	才能	talent; ability; capacity
L3-0071	3	采取	採取	cǎi qǔ	3,3	V	采取	採取	to adopt or carry out (measures, policies, course of action); to take
L3-0072	3	采用	採用	cǎi yòng	3,4	V	采用	採用	to adopt; to employ; to use
L3-0073	3	彩色	彩色	cǎi sè	3,4	N	彩色	彩色	color; multicolored
L3-0074	3	曾经	曾經	céng jīng	2,1	Adv	曾经	曾經	once; already; former; previously; ever; (past tense marker used before verb or clause)
L3-0075	3	产生	產生	chǎn shēng	3,1	V	产生	產生	to arise; to come into being; to come about; to give rise to; to bring into being; to bring about; to produce; to engender; to generate
L3-0076	3	长城	長城	Cháng chéng	2,2	N	长城	長城	the Great Wall
L3-0077	3	长处	長處	cháng chù	2,4	N	长处	長處	good aspects; strong points
L3-0078	3	长期	長期	cháng qī	2,1	N	长期	長期	long-term; for a protracted period
L3-0079	3	厂	廠	chǎng	3	N	厂	廠	factory; yard; depot; workhouse; works; (industrial) plant
L3-0080	3	场合	場合	chǎng hé	3,2	N	场合	場合	situation; occasion; context; setting; location; venue
L3-0081	3	场所	場所	chǎng suǒ	3,3	N	场所	場所	location; place
L3-0082	3	超级	超級	chāo jí	1,2	Adj	超级	超級	super-; ultra-; hyper-
L3-0083	3	朝	朝	cháo	2	Prep/V	朝	朝	imperial or royal court; government; dynasty; reign of a sovereign or emperor; court or assembly held by a sovereign or emperor; to make a pilgrimage to; facing; towards
L3-0084	3	吵	吵	chǎo	3	Adj/V	吵	吵	to quarrel; to make a noise; noisy; to disturb by making a noise
L3-0085	3	吵架	吵架	chǎo jià	3,4		吵架	吵架	to quarrel; to have a row; quarrel; CL:頓|顿[dun4]
L3-0086	3	衬衫	襯衫	chèn shān	4,1	N	衬衫	襯衫	shirt; blouse; CL:件[jian4]
L3-0087	3	衬衣	襯衣	chèn yī	4,1	N	衬衣	襯衣	shirt; CL:件[jian4]
L3-0088	3	称为	稱為	chēng wéi	1,2		称为	稱為	to be called; to be known as; to call it "..."
L3-0089	3	成功	成功	chéng gōng	2,1	V/Adj	成功	成功	to succeed; success; successful; fruitful
L3-0090	3	成果	成果	chéng guǒ	2,3	N	成果	成果	result; achievement; gain; profit; CL:個|个[ge4]
L3-0091	3	成就	成就	chéng jiù	2,4	N/V	成就	成就	accomplishment; success; achievement; CL:個|个[ge4]; to achieve (a result); to create; to bring about
L3-0092	3	成立	成立	chéng lì	2,4	V	成立	成立	to establish; to set up; to be tenable; to hold water
L3-0093	3	成熟	成熟	chéng shú	2,2	Adj	成熟	成熟	mature; ripe; to mature; to ripen; Taiwan pr. [cheng2shou2]
L3-0094	3	成员	成員	chéng yuán	2,2	N	成员	成員	member
L3-0095	3	成长	成長	chéng zhǎng	2,3	V	成长	成長	to mature; to grow; growth
L3-0096	3	城	城	chéng	2	N	城	城	city walls; city; town; CL:座[zuo4],道[dao4],個|个[ge4]
L3-0097	3	城市	城市	chéng shì	2,4	N	城市	城市	city; town; CL:座[zuo4]
L3-0098	3	程度	程度	chéng dù	2,4	N	程度	程度	degree; level; extent
L3-0099	3	持续	持續	chí xù	2,4	V	持续	持續	to continue; to last; to persist
L3-0100	3	充满	充滿	chōng mǎn	1,3	V	充满	充滿	full of; brimming with; very full; permeated
L3-0101	3	重	重	chóng	2	Adv	重	重	to repeat; repetition; again; re-; classifier: layer
L3-0102	3	初	初	chū	1	Adv	初	初	(bound form) at first; initially; (bound form) first; early; (bound form) (in lunar calendar dates, before numerals 1–10) days 1 to 10 of a month, as in 初三[chu1 san1] "the third"
L3-0103	3	初	初	chū	1	Prefix	初（初一）	初（初一）	(bound form) at first; initially; (bound form) first; early; (bound form) (in lunar calendar dates, before numerals 1–10) days 1 to 10 of a month, as in 初三[chu1 san1] "the third"
L3-0104	3	初步	初步	chū bù	1,4	Adj	初步	初步	initial; preliminary; tentative
L3-0105	3	初级	初級	chū jí	1,2	Adj	初级	初級	junior; primary
L3-0106	3	初中	初中	chū zhōng	1,1	N	初中	初中	junior high school (abbr. for 初級中學|初级中学[chu1 ji2 zhong1 xue2])
L3-0107	3	除了	除了	chú le	2,5	Prep	除了	除了	apart from; besides; in addition to (used to exclude, as in 除了他，誰也沒來|除了他，谁也没来[chu2 le5 ta1 , shei2 ye3 mei2 lai2] "apart from him, nobody came", or to include, as in 除了英語，他也會法語|除了英语，他也会法语[chu2 le5 Ying1 yu3 , ta1 ye3 hui4 Fa3 yu3] "in addition to English, he also knows French"); (used to introduce one of two habitual alternatives in the pattern 除了[chu2 le5] + A + 就是[jiu4 shi4] + B, "either A or B")
L3-0108	3	处理	處理	chǔ lǐ	3,3	V/N	处理	處理	to handle; to deal with; to punish; to treat sth by a special process; to process; to sell at reduced prices
L3-0109	3	传	傳	chuán	2	V	传	傳	to pass on; to spread; to transmit; to infect; to transfer; to circulate; to conduct (electricity)
L3-0110	3	传播	傳播	chuán bō	2,1	V	传播	傳播	to disseminate; to propagate; to spread
L3-0111	3	传来	傳來	chuán lái	2,2		传来	傳來	(of a sound) to come through; to be heard; (of news) to arrive
L3-0112	3	传说	傳說	chuán shuō	2,1	V/N	传说	傳說	legend; folk tale; to repeat from mouth to mouth; they say that...
L3-0113	3	创新	創新	chuàng xīn	4,1	V/N	创新	創新	to bring forth new ideas; to blaze new trails; innovation
L3-0114	3	创业	創業	chuàng yè	4,4	V	创业	創業	to begin an undertaking; to start an enterprise; entrepreneurship
L3-0115	3	创造	創造	chuàng zào	4,4	V/N	创造	創造	to create; to bring about; to produce; to set (a record)
L3-0116	3	创作	創作	chuàng zuò	4,4	V/N	创作	創作	to create; to produce; to write; a creative work; a creation
L3-0117	3	从来	從來	cóng lái	2,2	Adv	从来	從來	always; at all times; never (if used in negative sentence)
L3-0118	3	从前	從前	cóng qián	2,2	N	从前	從前	previously; formerly; once upon a time
L3-0119	3	从事	從事	cóng shì	2,4	V	从事	從事	to go for; to engage in; to undertake; to deal with; to handle; to do
L3-0120	3	村	村	cūn	1	N	村	村	village; (dialect) to scold; rustic; boorish
L3-0121	3	存	存	cún	2	V	存	存	to exist; to deposit; to store; to keep; to survive
L3-0122	3	存在	存在	cún zài	2,4	V	存在	存在	to exist; to be; existence
L3-0123	3	错误	錯誤	cuò wù	4,4	Adj/N	错误	錯誤	mistaken; false; wrong; error; mistake; CL:個|个[ge4]
L3-0124	3	达到	達到	dá dào	2,4		达到	達到	to reach; to achieve; to attain
L3-0125	3	打破	打破	dǎ pò	3,4		打破	打破	to break; to smash
L3-0126	3	打听	打聽	dǎ ting	3,5	V	打听	打聽	to ask about; to make some inquiries; to ask around
L3-0127	3	大概	大概	dà gài	4,4	Adj/Adv	大概	大概	roughly; probably; rough; approximate; about; general idea
L3-0128	3	大使馆	大使館	dà shǐ guǎn	4,3,3	N	大使馆	大使館	embassy; CL:座[zuo4],個|个[ge4]
L3-0129	3	大约	大約	dà yuē	4,1	Adv	大约	大約	approximately; probably
L3-0130	3	大夫	大夫	dài fu	4,5	N	大夫	大夫	doctor; physician
L3-0131	3	代	代	dài	4	V/N	代	代	to be a substitute for; to act on behalf of; to replace; to substitute; generation; dynasty; age; period; (historical) era; (geological) eon
L3-0132	3	代表	代表	dài biǎo	4,3	N/V	代表	代表	representative; delegate; CL:位[wei4],個|个[ge4],名[ming2]; to represent; to stand for; on behalf of; in the name of
L3-0133	3	代表团	代表團	dài biǎo tuán	4,3,2	N	代表团	代表團	delegation; CL:個|个[ge4]
L3-0134	3	带动	帶動	dài dòng	4,4	V	带动	帶動	to spur; to provide impetus; to drive
L3-0135	3	带领	帶領	dài lǐng	4,3	V	带领	帶領	to guide; to lead
L3-0136	3	单元	單元	dān yuán	1,2	N	单元	單元	unit (forming an entity); element; (in a residential building) entrance or staircase
L3-0137	3	当初	當初	dāng chū	1,1	N	当初	當初	at that time; originally
L3-0138	3	当地	當地	dāng dì	1,4	N	当地	當地	local
L3-0139	3	当然	當然	dāng rán	1,2	Adj/Adv	当然	當然	only natural; as it should be; certainly; of course; without doubt
L3-0140	3	当中	當中	dāng zhōng	1,1	N	当中	當中	among; in the middle; in the center
L3-0141	3	刀	刀	dāo	1	N	刀	刀	knife; blade; single-edged sword; cutlass (CL:把[ba3]); (slang) (loanword) dollar; classifier for sets of one hundred sheets (of paper); classifier for knife cuts or stabs; (Internet slang) to bargain; to ask for a small discount (esp. on second-hand marketplaces); (Internet slang) to knife (sb) (often used hyperbolically, as in 想刀他[xiang3 dao1 ta1] "I could kill him!")
L3-0142	3	导演	導演	dǎo yǎn	3,3	V/N	导演	導演	to direct; director (film etc)
L3-0143	3	到达	到達	dào dá	4,2	V	到达	到達	to reach; to arrive
L3-0144	3	到底	到底	dào dǐ	4,3	Adv	到底	到底	finally; in the end; when all is said and done; after all; to the end; to the last
L3-0145	3	得分	得分	dé fēn	2,1	V/N	得分	得分	to score a point (in a competition, test etc); score; rating; grade
L3-0146	3	等待	等待	děng dài	3,4	V	等待	等待	to wait; to wait for
L3-0147	3	底下	底下	dǐ xia	3,5	N	底下	底下	the location below sth; afterwards
L3-0148	3	地区	地區	dì qū	4,1	N	地区	地區	region; area (informal or geographical term); prefecture (in China's administrative system)
L3-0149	3	电视剧	電視劇	diàn shì jù	4,4,4	N	电视剧	電視劇	TV series; TV drama; CL:部[bu4]
L3-0150	3	电视台	電視臺	diàn shì tái	4,4,2	N	电视台	電視臺	variant of 電視台|电视台[dian4 shi4 tai2]
L3-0151	3	电台	電臺	diàn tái	4,2	N	电台	電臺	transmitter-receiver; broadcasting station; radio station; CL:個|个[ge4],家[jia1]
L3-0152	3	电子邮件	電子郵件	diàn zǐ yóu jiàn	4,3,2,4		电子邮件	電子郵件	email; CL:封[feng1],份[fen4]
L3-0153	3	调	調	diào	4	V	调	調	to transfer; to move (troops or cadres); to investigate; to enquire into; accent; view; argument; key (in music); mode (music); tune; tone; melody
L3-0154	3	调查	調查	diào chá	4,2	V/N	调查	調查	investigation; inquiry; to investigate; to survey; survey; (opinion) poll; CL:項|项[xiang4],個|个[ge4]
L3-0155	3	订	訂	dìng	4	V	订	訂	to agree; to conclude; to draw up; to subscribe to (a newspaper etc); to order
L3-0156	3	定期	定期	dìng qī	4,1	V/Adj	定期	定期	at set dates; at regular intervals; periodic; limited to a fixed period of time; fixed term
L3-0157	3	东部	東部	dōng bù	1,4	N	东部	東部	the east; eastern part
L3-0158	3	动力	動力	dòng lì	4,4	N	动力	動力	motive power; (fig.) motivation; impetus
L3-0159	3	动人	動人	dòng rén	4,2	Adj	动人	動人	touching; moving
L3-0160	3	读者	讀者	dú zhě	2,3	N	读者	讀者	reader
L3-0161	3	短处	短處	duǎn chù	3,4	N	短处	短處	shortcoming; defect; fault; one's weak points
L3-0162	3	短裤	短褲	duǎn kù	3,4	N	短裤	短褲	short pants; shorts
L3-0163	3	短期	短期	duǎn qī	3,1	N	短期	短期	short-term
L3-0164	3	断	斷	duàn	4	V	断	斷	to break; to snap; to cut off; to give up or abstain from sth; to judge; (usu. used in the negative) absolutely; definitely; decidedly
L3-0165	3	队员	隊員	duì yuán	4,2	N	队员	隊員	team member
L3-0166	3	对待	對待	duì dài	4,4	V	对待	對待	to treat; treatment
L3-0167	3	对方	對方	duì fāng	4,1	N	对方	對方	the other person; the other side; the other party
L3-0168	3	对手	對手	duì shǒu	4,3	N	对手	對手	opponent; rival; competitor; (well-matched) adversary; match
L3-0169	3	对象	對象	duì xiàng	4,4	N	对象	對象	target; object; partner; boyfriend; girlfriend; CL:個|个[ge4]
L3-0170	3	顿	頓	dùn	4	M	顿	頓	to stop; to pause; to arrange; to lay out; to kowtow; to stamp (one's foot); at once; classifier for meals, beatings, scoldings etc: time, bout, spell, meal
L3-0171	3	发表	發表	fā biǎo	1,3	V	发表	發表	to issue; to publish
L3-0172	3	发出	發出	fā chū	1,1	V	发出	發出	to issue (an order, decree etc); to send out; to dispatch; to produce (a sound); to let out (a laugh)
L3-0173	3	发达	發達	fā dá	1,2	Adj	发达	發達	well-developed; flourishing; to develop; to promote; to expand; (literary) to achieve fame and fortune; to prosper
L3-0174	3	发动	發動	fā dòng	1,4	V	发动	發動	to start; to launch; to unleash; to mobilize; to arouse
L3-0175	3	发明	發明	fā míng	1,2	V/N	发明	發明	to invent; an invention; CL:個|个[ge4]
L3-0176	3	发生	發生	fā shēng	1,1	V	发生	發生	to happen; to occur; to take place; to break out
L3-0177	3	发送	發送	fā sòng	1,4	V	发送	發送	to transmit; to dispatch; to issue (an official document or credential)
L3-0178	3	发言	發言	fā yán	1,2	V/N	发言	發言	to make a speech; statement; utterance; CL:個|个[ge4]
L3-0179	3	发展	發展	fā zhǎn	1,3	V/N	发展	發展	development; growth; to develop; to grow; to expand
L3-0180	3	反对	反對	fǎn duì	3,4	V	反对	反對	to oppose; to be against; to object to
L3-0181	3	反复	反覆	fǎn fù	3,4	Adv/N	反复	反覆	repeatedly; over and over; to upend; unstable; to come and go; (of an illness) to return
L3-0182	3	反应	反應	fǎn yìng	3,4	V/N	反应	反應	to react; to respond; reaction; response; reply; chemical reaction; CL:個|个[ge4]
L3-0183	3	反正	反正	fǎn zhèng	3,4	Adv	反正	反正	anyway; in any case; to come over from the enemy's side
L3-0184	3	范围	範圍	fàn wéi	4,2	N	范围	範圍	range; scope; limit; extent; CL:個|个[ge4]
L3-0185	3	方式	方式	fāng shì	1,4	N	方式	方式	way; method; manner; mode; pattern (of behavior etc); CL:種|种[zhong3]
L3-0186	3	防	防	fáng	2	V	防	防	to protect; to defend; to guard against; to prevent
L3-0187	3	防止	防止	fáng zhǐ	2,3	V	防止	防止	to prevent; to guard against; to take precautions
L3-0188	3	房东	房東	fáng dōng	2,1	N	房东	房東	landlord
L3-0189	3	房屋	房屋	fáng wū	2,1	N	房屋	房屋	house; building; CL:所[suo3],套[tao4]
L3-0190	3	房租	房租	fáng zū	2,1	N	房租	房租	rent for a room or house
L3-0191	3	访问	訪問	fǎng wèn	3,4	V	访问	訪問	to visit; to call on (a person or place); (computing) to visit (a website); to access (a network resource etc); (Tw) to interview (e.g. for a report or feature story); CL:次[ci4]
L3-0192	3	放到	放到	fàngdào			放到	放到	to put or place at, in, or on
L3-0193	3	飞行	飛行	fēi xíng	1,2	V	飞行	飛行	(of planes etc) to fly; flying; flight; aviation
L3-0194	3	费	費	fèi	4	V/N	费	費	to cost; to spend; fee; wasteful; expenses
L3-0195	3	费用	費用	fèi yòng	4,4	N	费用	費用	cost; expenditure; expense; CL:筆|笔[bi3],個|个[ge4]
L3-0196	3	分别	分別	fēn bié	1,2	V/Adv	分别	分別	to part; to leave each other; to distinguish; to tell apart; difference; distinction; in different ways; differently; separately; individually; respectively
L3-0197	3	分配	分配	fēn pèi	1,4	V	分配	分配	to distribute; to assign; to allocate; to partition (a hard drive)
L3-0198	3	分组	分組	fēn zǔ	1,3		分组	分組	to divide into groups; group (formed from a larger group); subgroup; (computer networking) packet
L3-0199	3	丰富	豐富	fēng fù	1,4	Adj	丰富	豐富	to enrich; rich; plentiful; abundant
L3-0200	3	风险	風險	fēng xiǎn	1,3	N	风险	風險	risk; hazard
L3-0201	3	否定	否定	fǒu dìng	3,4	V/Adj	否定	否定	to negate; to deny; to reject; negative (answer); negation
L3-0202	3	否认	否認	fǒu rèn	3,4	V	否认	否認	to declare to be untrue; to deny
L3-0203	3	服装	服裝	fú zhuāng	2,1	N	服装	服裝	dress; clothing; costume; clothes; CL:身[shen1]
L3-0204	3	福	福	fú	2	N	福	福	good fortune; happiness; luck
L3-0205	3	父母	父母	fù mǔ	4,3	N	父母	父母	father and mother; parents
L3-0206	3	父亲	父親	fù qīn	4,1	N	父亲	父親	father; also pr. [fu4 qin5]; CL:個|个[ge4]
L3-0207	3	付	付	fù	4	V	付	付	to pay; to hand over to; classifier for pairs or sets of things
L3-0208	3	负责	負責	fù zé	4,2	V/Adj	负责	負責	to be responsible for; to be in charge of; to bear responsibility for; conscientious
L3-0209	3	复印	複印	fù yìn	4,4	V	复印	複印	to photocopy; to duplicate a document
L3-0210	3	复杂	複雜	fù zá	4,2	Adj	复杂	複雜	complicated; complex
L3-0211	3	富	富	fù	4	Adj	富	富	rich; abundant; wealthy
L3-0212	3	改进	改進	gǎi jìn	3,4	V	改进	改進	to improve; to make better; improvement
L3-0213	3	改造	改造	gǎi zào	3,4	V	改造	改造	to transform; to reform; to remodel; to remold
L3-0214	3	概念	概念	gài niàn	4,4	N	概念	概念	concept; idea; CL:個|个[ge4]
L3-0215	3	赶	趕	gǎn	3	V	赶	趕	to overtake; to catch up with; to hurry; to rush; to try to catch (the bus etc); to drive (cattle etc) forward; to drive (sb) away; to avail oneself of (an opportunity); until; by (a certain time)
L3-0216	3	赶到	趕到	gǎn dào	3,4		赶到	趕到	to hurry (to some place)
L3-0217	3	赶紧	趕緊	gǎn jǐn	3,3	Adv	赶紧	趕緊	hurriedly; without delay
L3-0218	3	赶快	趕快	gǎn kuài	3,4	Adv	赶快	趕快	quickly; at once
L3-0219	3	敢	敢	gǎn	3	V	敢	敢	to dare; daring; (polite) may I venture
L3-0220	3	感冒	感冒	gǎn mào	3,4	N/V	感冒	感冒	to catch cold; (common) cold; CL:場|场[chang2],次[ci4]; (coll.) to be interested in (often used in the negative); (Tw) to detest; can't stand
L3-0221	3	感情	感情	gǎn qíng	3,2	N	感情	感情	emotion; sentiment; affection; feelings between two persons
L3-0222	3	感受	感受	gǎn shòu	3,4	N/V	感受	感受	to sense; perception; to feel (through the senses); to experience; a feeling; an impression; an experience
L3-0223	3	干吗	幹嗎	gàn má	4,2	Pron	干吗	幹嗎	variant of 幹嘛|干嘛[gan4 ma2]
L3-0224	3	高速	高速	gāo sù	1,4	Adj	高速	高速	high speed; expressway (abbr. for 高速公路[gao1 su4 gong1 lu4])
L3-0225	3	高速公路	高速公路	gāo sù gōng lù	1,4,1,4		高速公路	高速公路	expressway; highway; freeway
L3-0226	3	告别	告別	gào bié	4,2		告别	告別	to leave; to part from; to bid farewell to; to say goodbye to
L3-0227	3	歌迷	歌迷	gē mí	1,2	N	歌迷	歌迷	fan of a singer
L3-0228	3	歌声	歌聲	gē shēng	1,1	N	歌声	歌聲	singing voice; fig. original voice of a poet
L3-0229	3	歌手	歌手	gē shǒu	1,3	N	歌手	歌手	singer
L3-0230	3	个人	個人	gè rén	4,2	N	个人	個人	an individual; oneself; (attributive) personal; one's own
L3-0231	3	个性	個性	gè xìng	4,4	N	个性	個性	individuality; personality
L3-0232	3	各	各	gè	4	Pron/Adv	各	各	each; every
L3-0233	3	各地	各地	gè dì	4,4	N	各地	各地	in all parts of (a country); various regions
L3-0234	3	各位	各位	gè wèi	4,4	Pron	各位	各位	everybody; all (guests, colleagues etc); all of you
L3-0235	3	各种	各種	gè zhǒng	4,3	Pron	各种	各種	every kind of; all kinds of; various
L3-0236	3	各自	各自	gè zì	4,4	Pron	各自	各自	each; respective; apiece
L3-0237	3	根本	根本	gēn běn	1,3	Adv/Adj/N	根本	根本	fundamental; basic; root; simply; absolutely (not); (not) at all; CL:個|个[ge4]
L3-0238	3	更加	更加	gèng jiā	4,1	Adv	更加	更加	more (than sth else); even more
L3-0239	3	工厂	工廠	gōng chǎng	1,3	N	工厂	工廠	factory; CL:家[jia1],座[zuo4]
L3-0240	3	工程师	工程師	gōng chéng shī	1,2,1	N	工程师	工程師	engineer
L3-0241	3	工夫	工夫	gōng fu	1,5	N	工夫	工夫	period of time (may be months, or mere seconds); spare time; skill; labor; effort
L3-0242	3	工具	工具	gōng jù	1,4	N	工具	工具	tool; instrument; utensil; means (to achieve a goal etc)
L3-0243	3	工业	工業	gōng yè	1,4	N	工业	工業	industry
L3-0244	3	工资	工資	gōng zī	1,1	N	工资	工資	wages; pay; CL:份[fen4]
L3-0245	3	公布	公佈	gōng bù	1,4	V	公布	公佈	variant of 公布[gong1 bu4]
L3-0246	3	公共	公共	gōng gòng	1,4	Adj	公共	公共	public; common; communal
L3-0247	3	公开	公開	gōng kāi	1,1	Adj/V	公开	公開	open; overt; public; to make public; to release
L3-0248	3	公民	公民	gōng mín	1,2	N	公民	公民	citizen
L3-0249	3	公务员	公務員	gōng wù yuán	1,4,2	N	公务员	公務員	civil servant; public servant
L3-0250	3	功夫	功夫	gōng fu	1,5	N	功夫	功夫	skill; art; kung fu; labor; effort
L3-0251	3	功课	功課	gōng kè	1,4	N	功课	功課	homework; assignment; task; classwork; lesson; study; CL:門|门[men2]
L3-0252	3	功能	功能	gōng néng	1,2	N	功能	功能	function; capability
L3-0253	3	共同	共同	gòng tóng	4,2	Adj	共同	共同	common; joint; jointly; together; collaborative
L3-0254	3	共有	共有	gòng yǒu	4,3	V	共有	共有	in total there are ...; to own jointly
L3-0255	3	姑娘	姑娘	gū niang	1,5	N	姑娘	姑娘	girl; young woman; young lady; daughter; paternal aunt (old); CL:個|个[ge4]
L3-0256	3	古	古	gǔ	3	Adj	古	古	ancient; old; paleo-
L3-0257	3	古代	古代	gǔ dài	3,4	N	古代	古代	ancient times
L3-0258	3	故乡	故鄉	gù xiāng	4,1	N	故乡	故鄉	home; homeland; native place; CL:個|个[ge4]
L3-0259	3	挂	掛	guà	4	V	挂	掛	to hang; to suspend (from a hook etc); to hang up (the phone); (of a line) to be dead; to be worried; to be concerned; (dialect) to make a phone call; to register (at a hospital); to make an appointment (with a doctor); (slang) to kill; to die; to be finished; to fail (an exam); classifier for sets or clusters of objects
L3-0260	3	关系	關係	guān xi	1,5	N/V	关系	關係	relation; relationship; to concern; to affect; to have to do with; guanxi; CL:個|个[ge4]
L3-0261	3	关注	關注	guān zhù	1,4	V	关注	關注	to pay attention to; to follow sth closely; to follow (on social media); concern; interest; attention
L3-0262	3	观察	觀察	guān chá	1,2	V	观察	觀察	to observe; to watch; to survey
L3-0263	3	观看	觀看	guān kàn	1,4	V	观看	觀看	to watch; to view
L3-0264	3	观念	觀念	guān niàn	1,4	N	观念	觀念	notion; thought; concept; sense; views; ideology; general impressions
L3-0265	3	观众	觀眾	guān zhòng	1,4	N	观众	觀眾	spectators; audience; visitors (to an exhibition etc)
L3-0266	3	管	管	guǎn	3	V	管	管	to take care (of); to control; to manage; to be in charge of; to look after; to run; to care about; tube; pipe; woodwind; classifier for tube-shaped objects; particle similar to 把[ba3] in 管...叫 constructions; writing brush; (coll.) to; towards
L3-0267	3	管理	管理	guǎn lǐ	3,3	V	管理	管理	to supervise; to manage; to administer; management; administration; CL:個|个[ge4]
L3-0268	3	光	光	guāng	1	Adv/N/Adj	光	光	light; ray (CL:道[dao4]); bright; shiny; only; merely; used up; finished; to leave (a part of the body) uncovered
L3-0269	3	光明	光明	guāng míng	1,2	Adj/N	光明	光明	light; radiance; (fig.) bright (prospects etc); openhearted
L3-0270	3	广播	廣播	guǎng bō	3,1	V/N	广播	廣播	broadcast; CL:個|个[ge4]; broadcasting; to broadcast; (formal) to propagate; to publicize
L3-0271	3	广大	廣大	guǎng dà	3,4	Adj	广大	廣大	(of an area) vast or extensive; large-scale; widespread; (of people) numerous
L3-0272	3	规定	規定	guī dìng	1,4	V/N	规定	規定	to stipulate; to specify; to prescribe; to fix (a price); to set (a quota); regulations; rules; provisions; stipulations
L3-0273	3	规范	規範	guī fàn	1,4	Adj/N/V	规范	規範	norm; standard; specification; regulation; rule; within the rules; to fix rules; to regulate; to specify
L3-0274	3	国内	國內	guó nèi	2,4		国内	國內	domestic; internal (to a country); civil
L3-0275	3	国庆	國慶	Guó qìng	2,4	N	国庆	國慶	National Day
L3-0276	3	果然	果然	guǒ rán	3,2	Adv	果然	果然	really; sure enough; as expected; if indeed
L3-0277	3	果汁	果汁	guǒ zhī	3,1	N	果汁	果汁	fruit juice
L3-0278	3	过程	過程	guò chéng	4,2	N	过程	過程	course of events; process
L3-0279	3	过去	過去	guò qù	4,4	N	过去	過去	(in the) past; former; previous; to go over; to pass by
L3-0280	3	哈哈	哈哈	hā hā	1,1	Phonetic	哈哈	哈哈	(onom.) laughing out loud
L3-0281	3	海关	海關	hǎi guān	3,1	N	海关	海關	customs (i.e. border crossing inspection); CL:個|个[ge4]
L3-0282	3	害怕	害怕	hài pà	4,4		害怕	害怕	to be afraid; to be scared
L3-0283	3	行	行	háng	2	M	行	行	(bound form) row; line; (bound form) line of business; trade; profession; (bound form) commercial firm; (bound form) to rank (first, second etc) among one's siblings (by age); (in data tables) row; (Tw) column; classifier for rows or lines
L3-0284	3	好好	好好	hǎo hǎo	3,3	Adj/Adv	好好	好好	well; carefully; nicely; properly
L3-0285	3	好奇	好奇	hào qí	4,2	Adj	好奇	好奇	inquisitive; curious; inquisitiveness; curiosity
L3-0286	3	合	合	hé	2	V	合	合	to close; to join; to fit; to be equal to; whole; together; round (in battle); conjunction (astronomy); 1st note of pentatonic scale; old variant of 盒[he2]
L3-0287	3	合法	合法	hé fǎ	2,3	Adj	合法	合法	lawful; legitimate; legal
L3-0288	3	合格	合格	hé gé	2,2	Adj	合格	合格	to meet the standard required; qualified; eligible (voter etc)
L3-0289	3	合理	合理	hé lǐ	2,3	Adj	合理	合理	rational; reasonable; sensible; fair
L3-0290	3	合作	合作	hé zuò	2,4	V	合作	合作	to cooperate; to collaborate; to work together
L3-0291	3	和平	和平	hé píng	2,2	N	和平	和平	peace; peaceful
L3-0292	3	红茶	紅茶	hóng chá	2,2	N	红茶	紅茶	black tea; CL:杯[bei1],壺|壶[hu2]
L3-0293	3	红酒	紅酒	hóng jiǔ	2,3	N	红酒	紅酒	red wine
L3-0294	3	后果	後果	hòu guǒ	4,3	N	后果	後果	consequences; aftermath
L3-0295	3	后面	後面	hòu mian	4,5	N	后面	後面	the back; the rear; the last bit; behind; near the end; at the back; later; afterwards
L3-0296	3	后年	後年	hòu nián	4,2	N	后年	後年	the year after next
L3-0297	3	互联网	互聯網	Hù lián wǎng	4,2,3	N	互联网	互聯網	Internet
L3-0298	3	互相	互相	hù xiāng	4,1	Adv	互相	互相	each other; mutually; mutual
L3-0299	3	划船	划船	huá chuán	2,2	V	划船	划船	to row a boat; rowing; boating; small boat
L3-0300	3	华人	華人	Huá rén	2,2	N	华人	華人	ethnic Chinese person or people
L3-0301	3	化	化	huà	4	Suffix	化（现代化）	化（現代化）	to make into; to change into; -ization; to ... -ize; to transform; abbr. for 化學|化学[hua4 xue2]
L3-0302	3	话剧	話劇	huà jù	4,4	N	话剧	話劇	stage play; modern drama; CL:臺|台[tai2],部[bu4]
L3-0303	3	话题	話題	huà tí	4,2	N	话题	話題	subject (of a talk or conversation); topic
L3-0304	3	欢乐	歡樂	huān lè	1,4	Adj	欢乐	歡樂	gaiety; gladness; glee; merriment; pleasure; happy; joyous; gay
L3-0305	3	环	環	huán	2	N	环	環	ring; hoop; loop; (chain) link; classifier for scores in archery etc; to surround; to encircle; to hem in
L3-0306	3	环保	環保	huán bǎo	2,3	N/Adj	环保	環保	environmental protection; environmentally friendly; abbr. for 環境保護|环境保护[huan2 jing4 bao3 hu4]
L3-0307	3	环境	環境	huán jìng	2,4	N	环境	環境	environment; circumstances; surroundings; CL:個|个[ge4]; ambient
L3-0308	3	会议	會議	huì yì	4,4	N	会议	會議	meeting; conference; CL:場|场[chang3],屆|届[jie4]
L3-0309	3	会员	會員	huì yuán	4,2	N	会员	會員	member
L3-0310	3	活	活	huó	2	Adj/V	活	活	to live; alive; living; work; workmanship
L3-0311	3	火	火	huǒ	3	N	火	火	fire; urgent; ammunition; fiery or flaming; internal heat (Chinese medicine); hot (popular); classifier for military units (old); Kangxi radical 86
L3-0312	3	机器	機器	jī qì	1,4	N	机器	機器	machine; CL:臺|台[tai2],部[bu4],個|个[ge4]
L3-0313	3	积极	積極	jī jí	1,2	Adj	积极	積極	active; energetic; vigorous; positive (outlook); proactive
L3-0314	3	基本	基本	jī běn	1,3	Adj	基本	基本	basic; fundamental; main; elementary
L3-0315	3	基本上	基本上	jī běn shang	1,3,5	Adv	基本上	基本上	basically; on the whole
L3-0316	3	基础	基礎	jī chǔ	1,3	N	基础	基礎	base; foundation; basis; basic; fundamental
L3-0317	3	及时	及時	jí shí	2,2	Adj	及时	及時	timely; at the right time; promptly; without delay
L3-0318	3	极了	極了	jí le	2,5		…极了	…極了	extremely; exceedingly
L3-0319	3	集体	集體	jí tǐ	2,3	N	集体	集體	collective (decision); joint (effort); a group; a team; en masse; as a group
L3-0320	3	集中	集中	jí zhōng	2,1	V/Adj	集中	集中	to concentrate; to centralize; to focus; centralized; concentrated; to put together
L3-0321	3	计算	計算	jì suàn	4,4	V	计算	計算	to calculate; to compute; to consider; to think over; to plot; to scheme
L3-0322	3	记录	記錄	jì lù	4,4	N/V	记录	記錄	to record; record (written account); note-taker; record (in sports etc); CL:個|个[ge4]
L3-0323	3	记者	記者	jì zhě	4,3	N	记者	記者	reporter; journalist; CL:個|个[ge4]
L3-0324	3	纪录	紀錄	jì lù	4,4	N	纪录	紀錄	variant of 記錄|记录[ji4 lu4] (but in Taiwan, not for the verb sense "to record")
L3-0325	3	纪念	紀念	jì niàn	4,4	V/N	纪念	紀念	to commemorate; to honor the memory of; memento; keepsake; souvenir
L3-0326	3	技术	技術	jì shù	4,4	N	技术	技術	technology; technique; skill; CL:門|门[men2],種|种[zhong3],項|项[xiang4]
L3-0327	3	继续	繼續	jì xù	4,4	V	继续	繼續	to continue; to proceed with; to go on with
L3-0328	3	加工	加工	jiā gōng	1,1		加工	加工	to process; processing; working (of machinery)
L3-0329	3	加快	加快	jiā kuài	1,4	V	加快	加快	to accelerate; to speed up; to hasten
L3-0330	3	加强	加強	jiā qiáng	1,2	V	加强	加強	to reinforce; to strengthen; to enhance
L3-0331	3	家具	家具	jiā jù	1,4	N	家具	家具	furniture; CL:件[jian4],套[tao4]
L3-0332	3	家属	家屬	jiā shǔ	1,3	N	家属	家屬	family member; (family) dependent
L3-0333	3	家乡	家鄉	jiā xiāng	1,1	N	家乡	家鄉	hometown; native place; CL:個|个[ge4]
L3-0334	3	价格	價格	jià gé	4,2	N	价格	價格	price
L3-0335	3	价钱	價錢	jià qian	4,5	N	价钱	價錢	price
L3-0336	3	价值	價值	jià zhí	4,2	N	价值	價值	value; worth; (ethical, cultural etc) values
L3-0337	3	架	架	jià	4	M/N/V	架	架	to support; frame; rack; framework; classifier for planes, large vehicles, radios etc
L3-0338	3	坚持	堅持	jiān chí	1,2	V	坚持	堅持	to persevere with; to persist in; to insist on
L3-0339	3	坚决	堅決	jiān jué	1,2	Adj	坚决	堅決	firm; resolute; determined
L3-0340	3	坚强	堅強	jiān qiáng	1,2	Adj	坚强	堅強	staunch; strong
L3-0341	3	简单	簡單	jiǎn dān	3,1	Adj	简单	簡單	simple; not complicated
L3-0342	3	简直	簡直	jiǎn zhí	3,2	Adv	简直	簡直	simply; really
L3-0343	3	建	建	jiàn	4	V	建	建	to establish; to found; to set up; to build; to construct
L3-0344	3	建成	建成	jiàn chéng	4,2		建成	建成	to establish; to build
L3-0345	3	建立	建立	jiàn lì	4,4	V	建立	建立	to establish; to set up; to found
L3-0346	3	建设	建設	jiàn shè	4,4	V/N	建设	建設	to build; to construct; to establish; to develop; to institute
L3-0347	3	建议	建議	jiàn yì	4,4	V/N	建议	建議	to propose; to suggest; to recommend; proposal; suggestion; recommendation (CL:點|点[dian3])
L3-0348	3	将近	將近	jiāng jìn	1,4	Adv	将近	將近	almost; nearly; close to
L3-0349	3	将来	將來	jiāng lái	1,2	N	将来	將來	in the future; future; the future; CL:個|个[ge4]
L3-0350	3	交费	交費	jiāo fèi	1,4	V	交费	交費	to pay a fee
L3-0351	3	交警	交警	jiāo jǐng	1,3	N	交警	交警	traffic police (abbr. for 交通警察[jiao1 tong1 jing3 cha2])
L3-0352	3	交流	交流	jiāo liú	1,2	V/N	交流	交流	to exchange; exchange; communication; interaction; to have social contact (with sb)
L3-0353	3	交往	交往	jiāo wǎng	1,3	V	交往	交往	to associate (with); to have contact (with); to hang out (with); to date; (interpersonal) relationship; association; contact
L3-0354	3	交易	交易	jiāo yì	1,4	N	交易	交易	to deal; to trade; to transact; transaction; deal; CL:筆|笔[bi3]
L3-0355	3	叫	叫	jiào	4	Prep	叫	叫	to shout; to call; to order; to ask; to be called; by (indicates agent in the passive mood)
L3-0356	3	较	較	jiào	4	Adv	较	較	(bound form) to compare; (literary) to dispute; compared to; (before an adjective) relatively; comparatively; rather; also pr. [jiao3]
L3-0357	3	教材	教材	jiào cái	4,2	N	教材	教材	teaching material; CL:本[ben3]
L3-0358	3	教练	教練	jiào liàn	4,4	N	教练	教練	to coach; to train; instructor; sports coach; trainer (CL:位[wei4],名[ming2])
L3-0359	3	结实	結實	jiē shi	1,5	Adj	结实	結實	rugged; sturdy; strong; durable; buff (physique)
L3-0360	3	接待	接待	jiē dài	1,4	V	接待	接待	to receive; to entertain; to host (guests, visitors or clients)
L3-0361	3	接近	接近	jiē jìn	1,4	V	接近	接近	to approach; to get close to
L3-0362	3	节约	節約	jié yuē	2,1	V	节约	節約	to economize; to conserve (resources); economy; frugal
L3-0363	3	结合	結合	jié hé	2,2	V	结合	結合	to combine; to link; to integrate; binding; CL:次[ci4]
L3-0364	3	结婚	結婚	jié hūn	2,1		结婚	結婚	to marry; to get married
L3-0365	3	结束	結束	jié shù	2,4	V	结束	結束	to end; to finish; to conclude
L3-0366	3	解决	解決	jiě jué	3,2	V	解决	解決	to solve; to resolve; to settle (a problem); to eliminate; to wipe out (an enemy, bandits etc)
L3-0367	3	解开	解開	jiě kāi	3,1		解开	解開	to untie; to undo; to solve (a mystery)
L3-0368	3	金	金	jīn	1	N	金	金	gold; chemical element Au; generic term for lustrous and ductile metals; money; golden; highly respected; one of the eight categories of ancient musical instruments 八音[ba1 yin1]
L3-0369	3	金牌	金牌	jīn pái	1,2	N	金牌	金牌	gold medal; CL:枚[mei2]
L3-0370	3	仅	僅	jǐn	3	Adv	仅	僅	barely; only; merely
L3-0371	3	仅仅	僅僅	jǐn jǐn	3,3	Adv	仅仅	僅僅	barely; only; merely; only (this and nothing more)
L3-0372	3	尽量	儘量	jǐn liàng	3,4	Adv	尽量	儘量	as much as possible; to the greatest extent
L3-0373	3	紧	緊	jǐn	3	Adj	紧	緊	tight; strict; close at hand; near; urgent; tense; hard up; short of money; to tighten
L3-0374	3	紧急	緊急	jǐn jí	3,2	Adj	紧急	緊急	urgent; emergency
L3-0375	3	紧张	緊張	jǐn zhāng	3,1	Adj	紧张	緊張	nervous; keyed up; intense; tense; strained; in short supply; scarce; CL:陣|阵[zhen4]
L3-0376	3	进步	進步	jìn bù	4,4	V/Adj	进步	進步	progress; improvement; to improve; to progress
L3-0377	3	进一步	進一步	jìn yī bù	4,1,4	Adv	进一步	進一步	to go a step further; (develop, understand, improve etc) more; further
L3-0378	3	进展	進展	jìn zhǎn	4,3	V	进展	進展	to make headway; to make progress
L3-0379	3	近期	近期	jìn qī	4,1	N	近期	近期	near in time; in the near future; very soon; recent
L3-0380	3	京剧	京劇	Jīng jù	1,4	N	京剧	京劇	Beijing opera; CL:場|场[chang3],齣|出[chu1]
L3-0381	3	经济	經濟	jīng jì	1,4	N/Adj	经济	經濟	economy; economic
L3-0382	3	经历	經歷	jīng lì	1,4	V/N	经历	經歷	to experience; to go through; experience (CL:段[duan4],次[ci4])
L3-0383	3	经验	經驗	jīng yàn	1,4	N	经验	經驗	experience; to go through; to experience
L3-0384	3	经营	經營	jīng yíng	1,2	V	经营	經營	to engage in (business etc); to run; to operate
L3-0385	3	精彩	精彩	jīng cǎi	1,3	Adj	精彩	精彩	wonderful; marvelous; brilliant
L3-0386	3	精神	精神	jīng shén	1,2	N	精神	精神	spirit; mind; consciousness; thought; mental; psychological; essence; gist; CL:個|个[ge4]
L3-0387	3	精神	精神	jīng shen	1,5	Adj/N	精神	精神	vigor; vitality; spirited; good-looking
L3-0388	3	景色	景色	jǐng sè	3,4	N	景色	景色	scenery; landscape; view
L3-0389	3	警察	警察	jǐng chá	3,2	N	警察	警察	police; police officer
L3-0390	3	静	靜	jìng	4	Adj/V	静	靜	still; calm; quiet; not moving
L3-0391	3	久	久	jiǔ	3	Adj	久	久	(of a period of time) long
L3-0392	3	旧	舊	jiù	4	Adj	旧	舊	old; opposite: new 新; former; worn (with age)
L3-0393	3	救	救	jiù	4	V	救	救	to save; to assist; to rescue
L3-0394	3	就是	就是	jiù shì	4,4	Conj	就是	就是	exactly; precisely; only; simply; just; (used correlatively with 也[ye3]) even; even if
L3-0395	3	就业	就業	jiù yè	4,4		就业	就業	to get a job; employment
L3-0396	3	举办	舉辦	jǔ bàn	3,4	V	举办	舉辦	to conduct; to hold (an event)
L3-0397	3	具体	具體	jù tǐ	4,3	Adj	具体	具體	concrete; specific; detailed
L3-0398	3	具有	具有	jù yǒu	4,3	V	具有	具有	to have; to possess
L3-0399	3	剧场	劇場	jù chǎng	4,3	N	剧场	劇場	theater; CL:座[zuo4]
L3-0400	3	据说	據說	jù shuō	4,1	V	据说	據說	it is said that; reportedly
L3-0401	3	决定	決定	jué dìng	2,4	V/N	决定	決定	to decide; to determine; to make up one's mind; decision (CL:個|个[ge4],項|项[xiang4])
L3-0402	3	决赛	決賽	jué sài	2,4	V/N	决赛	決賽	finals (of a competition)
L3-0403	3	决心	決心	jué xīn	2,1	N/V	决心	決心	determination; resolution; determined; firm and resolute; to make up one's mind; CL:個|个[ge4]
L3-0404	3	绝对	絕對	jué duì	2,4	Adv	绝对	絕對	absolute; unconditional
L3-0405	3	咖啡	咖啡	kā fēi	1,1	N	咖啡	咖啡	(loanword) coffee; CL:杯[bei1]
L3-0406	3	开发	開發	kāi fā	1,1	V	开发	開發	to exploit (a resource); to open up (for development); to develop
L3-0407	3	开放	開放	kāi fàng	1,4	V	开放	開放	to bloom; to open; to be open (to the public); to open up (to the outside); to be open-minded; unrestrained by convention; unconstrained in one's sexuality
L3-0408	3	开始	開始	kāi shǐ	1,3	V/N	开始	開始	to begin; to start; beginning; start
L3-0409	3	开业	開業	kāi yè	1,4		开业	開業	to open a business; to open a practice; open (for business)
L3-0410	3	开展	開展	kāi zhǎn	1,3	V	开展	開展	to launch; to develop; to unfold; (of an exhibition etc) to open
L3-0411	3	看起来	看起來	kàn qǐ lai	4,3,5		看起来	看起來	seemingly; apparently; looks as if; appears to be; gives the impression that; seems on the face of it to be
L3-0412	3	看上去	看上去	kàn shang qu	4,5,5		看上去	看上去	it would appear; it seems (that)
L3-0413	3	考验	考驗	kǎo yàn	3,4	V	考验	考驗	to test; to put to the test; trial; ordeal
L3-0414	3	科技	科技	kē jì	1,4	N	科技	科技	science and technology
L3-0415	3	可靠	可靠	kě kào	3,4	Adj	可靠	可靠	reliable
L3-0416	3	可乐	可樂	kě lè	3,4	N	可乐	可樂	amusing; entertaining; (loanword) cola
L3-0417	3	克服	克服	kè fú	4,2	V	克服	克服	(try to) overcome (hardships etc); to conquer; to put up with; to endure
L3-0418	3	客观	客觀	kè guān	4,1	Adj	客观	客觀	objective; impartial
L3-0419	3	课程	課程	kè chéng	4,2	N	课程	課程	course; academic program; CL:堂[tang2],節|节[jie2],門|门[men2]
L3-0420	3	空	空	kōng	1	Adj/Adv	空	空	empty; air; sky; in vain
L3-0421	3	空调	空調	kōng tiáo	1,2	N	空调	空調	air conditioning; air conditioner (including units that have a heating mode); CL:臺|台[tai2]
L3-0422	3	恐怕	恐怕	kǒng pà	3,4	Adv	恐怕	恐怕	fear; to dread; I'm afraid that...; perhaps; maybe
L3-0423	3	空儿	空兒	kòng r	4,5	N	空儿	空兒	spare time; free time
L3-0424	3	裤子	褲子	kù zi	4,5	N	裤子	褲子	trousers; pants; CL:條|条[tiao2]
L3-0425	3	快速	快速	kuài sù	4,4	Adj	快速	快速	fast; high-speed; rapid
L3-0426	3	困	困	kùn	4	Adj/V	困	困	to trap; to surround; hard-pressed; stranded; destitute
L3-0427	3	困难	困難	kùn nan	4,5	N/Adj	困难	困難	difficult; challenging; straitened circumstances; difficult situation
L3-0428	3	浪费	浪費	làng fèi	4,4	V	浪费	浪費	to waste; to squander
L3-0429	3	老百姓	老百姓	lǎo bǎi xìng	3,3,4	N	老百姓	老百姓	ordinary people; the "person in the street"; CL:個|个[ge4]
L3-0430	3	老板	老闆	lǎo bǎn	3,3	N	老板	老闆	boss; business proprietor; CL:個|个[ge4]
L3-0431	3	老太太	老太太	lǎo tài tai	3,4,5	N	老太太	老太太	elderly lady (respectful); esteemed mother; CL:位[wei4]
L3-0432	3	老头儿	老頭兒	lǎo tóu r	3,2,5	N	老头儿	老頭兒	see 老頭子|老头子[lao3 tou2 zi5]
L3-0433	3	乐	樂	lè	4	V	乐	樂	happy; cheerful; to laugh
L3-0434	3	乐观	樂觀	lè guān	4,1	Adj	乐观	樂觀	optimistic; hopeful
L3-0435	3	类	類	lèi	4	N/M	类	類	kind; type; class; category; (classifier) kind; type; (bound form) to resemble; to be similar to
L3-0436	3	类似	類似	lèi sì	4,4	V/Adj	类似	類似	similar; analogous
L3-0437	3	离婚	離婚	lí hūn	2,1		离婚	離婚	to divorce
L3-0438	3	里面	裡面	lǐ miàn	3,4	N	里面	裡面	inside; interior; also pr. [li3 mian5]
L3-0439	3	理发	理髮	lǐ fà	3,4		理发	理髮	to get a haircut; to have one's hair done; to cut (sb's) hair; to give (sb) a haircut
L3-0440	3	理解	理解	lǐ jiě	3,3	V	理解	理解	to comprehend; to understand
L3-0441	3	理论	理論	lǐ lùn	3,4	N	理论	理論	theory; CL:個|个[ge4]; to argue; to take notice of
L3-0442	3	理由	理由	lǐ yóu	3,2	N	理由	理由	reason; grounds; justification; CL:個|个[ge4]
L3-0443	3	力	力	lì	4	N	力	力	power; force; strength; ability; strenuously
L3-0444	3	力量	力量	lì liang	4,5	N	力量	力量	power; force; strength
L3-0445	3	立刻	立刻	lì kè	4,4	Adv	立刻	立刻	immediately; at once; right away
L3-0446	3	利用	利用	lì yòng	4,4	V	利用	利用	to exploit; to make use of; to use; to take advantage of; to utilize
L3-0447	3	连	連	lián	2	V/Adv	连	連	to link; to join; to connect; continuously; in succession; including; (used with 也[ye3], 都[dou1] etc) even; company (military)
L3-0448	3	连忙	連忙	lián máng	2,2	Adv	连忙	連忙	promptly; at once
L3-0449	3	连续	連續	lián xù	2,4	V	连续	連續	continuous; in a row; serial; consecutive
L3-0450	3	连续剧	連續劇	lián xù jù	2,4,4	N	连续剧	連續劇	serialized drama; dramatic series; show in parts
L3-0451	3	联合	聯合	lián hé	2,2	V	联合	聯合	to combine; to join; unite; alliance
L3-0452	3	联合国	聯合國	Lián hé guó	2,2,2	N	联合国	聯合國	United Nations
L3-0453	3	联系	聯繫	lián xì	2,4	V/N	联系	聯繫	connection; contact; relation; to get in touch with; to integrate; to link; to touch
L3-0454	3	凉水	涼水	liáng shuǐ	2,3	N	凉水	涼水	cool water; unboiled water
L3-0455	3	了	了	liǎo	3	V	了	了	to finish; (used with 得[de2] or 不[bu4] after a verb to express (im)possibility, as in 忘不了[wang4 bu5 liao3] "cannot forget"); (literary) (usually followed by a negative such as 無|无[wu2] or 不[bu4]) completely (not); entirely (not); (not) in the least; to understand clearly (variant of 瞭|了[liao3])
L3-0456	3	领	領	lǐng	3	V	领	領	neck; collar; to lead; to receive; classifier for clothes, mats, screens etc
L3-0457	3	领导	領導	lǐng dǎo	3,3	V/N	领导	領導	lead; leading; to lead; leadership; leader; CL:位[wei4],個|个[ge4]
L3-0458	3	领先	領先	lǐng xiān	3,1		领先	領先	to lead; to be in front
L3-0459	3	另外	另外	lìng wài	4,4	Pron/Adv/Conj	另外	另外	additional; in addition; besides; separate; other; moreover; furthermore
L3-0460	3	另一方面	另一方面	lìng yī fāng miàn	4,1,1,4		另一方面	另一方面	on the other hand; another aspect
L3-0461	3	留学	留學	liú xué	2,2		留学	留學	to study abroad
L3-0462	3	龙	龍	lóng	2	N	龙	龍	Chinese dragon; loong; (fig.) emperor; dragon; (bound form) dinosaur
L3-0463	3	录	錄	lù	4	V	录	錄	diary; record; to hit; to copy
L3-0464	3	录音	錄音	lù yīn	4,1	V/N	录音	錄音	to record sound; an audio recording (CL:段[duan4])
L3-0465	3	路线	路線	lù xiàn	4,4	N	路线	路線	itinerary; route; political line (e.g. right revisionist road); CL:條|条[tiao2]
L3-0466	3	旅馆	旅館	lǚ guǎn	3,3	N	旅馆	旅館	hotel; CL:家[jia1]
L3-0467	3	旅行社	旅行社	lǚ xíng shè	3,2,4	N	旅行社	旅行社	travel agency
L3-0468	3	绿茶	綠茶	lǜ chá	4,2	N	绿茶	綠茶	green tea; (slang) (of a girl) seemingly innocent and charming but actually calculating and manipulative; a girl who has these qualities
L3-0469	3	乱	亂	luàn	4	Adj	乱	亂	in confusion or disorder; in a confused state of mind; disorder; upheaval; riot; illicit sexual relations; to throw into disorder; to mix up; indiscriminate; random; arbitrary
L3-0470	3	落后	落後	luò hòu	4,4		落后	落後	to fall behind; to lag (in technology etc); backward; to retrogress
L3-0471	3	麻烦	麻煩	má fan	2,5	V/Adj	麻烦	麻煩	trouble; inconvenience; inconvenient; troublesome; annoying; to bother sb; to put sb to trouble
L3-0472	3	马	馬	mǎ	3	N	马	馬	horse; CL:匹[pi3]; horse or cavalry piece in Chinese chess; knight in Western chess
L3-0473	3	满足	滿足	mǎn zú	3,2	V	满足	滿足	to satisfy; to meet (the needs of); satisfied; content
L3-0474	3	慢慢	慢慢	màn màn	4,4		慢慢	慢慢	slowly; gradually
L3-0475	3	毛	毛	máo	2	N	毛	毛	hair; feather; down; wool; mildew; mold; coarse or semifinished; young; raw; careless; unthinking; nervous; scared; (of currency) to devalue or depreciate; classifier for Chinese fractional monetary unit ( = 角[jiao3] , = one-tenth of a yuan or 10 fen 分[fen1])
L3-0476	3	毛病	毛病	máo bìng	2,4	N	毛病	毛病	fault; defect; shortcomings; ailment; CL:個|个[ge4]
L3-0477	3	没用	沒用	méi yòng	2,4	V	没用	沒用	useless
L3-0478	3	媒体	媒體	méi tǐ	2,3	N	媒体	媒體	media, esp. news media
L3-0479	3	每	每	měi	3	Pron/Adv	每	每	each; every
L3-0480	3	美	美	měi	3	Adj	美	美	beautiful; very satisfactory; good; to beautify; to be pleased with oneself
L3-0481	3	美好	美好	měi hǎo	3,3	Adj	美好	美好	beautiful; fine
L3-0482	3	美丽	美麗	měi lì	3,4	Adj	美丽	美麗	beautiful
L3-0483	3	美食	美食	měi shí	3,2	N	美食	美食	culinary delicacy; fine food; gourmet food
L3-0484	3	美术	美術	měi shù	3,4	N	美术	美術	art; fine arts; painting; CL:種|种[zhong3]
L3-0485	3	美元	美元	měi yuán	3,2	N	美元	美元	American dollar; US dollar
L3-0486	3	迷	迷	mí	2	V	迷	迷	to bewilder; crazy about; fan; enthusiast; lost; confused
L3-0487	3	米	米	mǐ	3	N	米	米	uncooked rice; meter (unit of length); (slang) Chinese yuan
L3-0488	3	面对	面對	miàn duì	4,4	V	面对	面對	to face; to confront
L3-0489	3	面积	面積	miàn jī	4,1	N	面积	面積	area (of a floor, piece of land etc); surface area; tract of land
L3-0490	3	民间	民間	mín jiān	2,1	N	民间	民間	among the people; popular; folk; non-governmental; involving people rather than governments
L3-0491	3	民族	民族	mín zú	2,2	N	民族	民族	nationality; ethnic group
L3-0492	3	明确	明確	míng què	2,4	Adj/V	明确	明確	clear-cut; definite; explicit; to clarify; to specify; to make definite
L3-0493	3	明显	明顯	míng xiǎn	2,3	Adj	明显	明顯	clear; distinct; obvious
L3-0494	3	命运	命運	mìng yùn	4,4	N	命运	命運	fate; destiny
L3-0495	3	某	某	mǒu	3	Pron	某	某	some; a certain; sb or sth indefinite; such-and-such
L3-0496	3	母亲	母親	mǔ qīn	3,1	N	母亲	母親	mother
L3-0497	3	木头	木頭	mù tou	4,5	N	木头	木頭	wood; log (CL:塊|块[kuai4],根[gen1]); (fig.) blockhead; dolt
L3-0498	3	目标	目標	mù biāo	4,1	N	目标	目標	target; goal; objective; CL:個|个[ge4]
L3-0499	3	目前	目前	mù qián	4,2	N	目前	目前	at the present time; currently
L3-0500	3	奶茶	奶茶	nǎi chá	3,2	N	奶茶	奶茶	milk tea
L3-0501	3	男子	男子	nán zǐ	2,3	N	男子	男子	a man; a male
L3-0502	3	南部	南部	nán bù	2,4	N	南部	南部	southern part
L3-0503	3	难道	難道	nán dào	2,4	Adv	难道	難道	don't tell me ...; could it be that...?
L3-0504	3	难度	難度	nán dù	2,4	N	难度	難度	degree of difficulty
L3-0505	3	内	內	nèi	4	N	内	內	inside; inner; internal; within; interior
L3-0506	3	内容	內容	nèi róng	4,2	N	内容	內容	content; substance; details; CL:項|项[xiang4]
L3-0507	3	内心	內心	nèi xīn	4,1	N	内心	內心	heart; innermost being; (math.) incenter
L3-0508	3	能不能	能不能	néng bu néng			能不能	能不能	can or cannot; whether one can
L3-0509	3	能力	能力	néng lì	2,4	N	能力	能力	capability; ability; CL:個|个[ge4]
L3-0510	3	年初	年初	nián chū	2,1	N	年初	年初	beginning of the year
L3-0511	3	年代	年代	nián dài	2,4	N	年代	年代	a decade of a century (e.g. the Sixties); age; era; period; CL:個|个[ge4]
L3-0512	3	年底	年底	nián dǐ	2,3	N	年底	年底	the end of the year; year-end
L3-0513	3	年纪	年紀	nián jì	2,4	N	年纪	年紀	age; CL:把[ba3],個|个[ge4]
L3-0514	3	念	念	niàn	4	V	念	念	to read; to study (a subject); to attend (a school); to read aloud; to give (sb) a tongue-lashing (CL:頓|顿[dun4]); to miss (sb); idea; remembrance; twenty (banker's anti-fraud numeral corresponding to 廿[nian4])
L3-0515	3	牛	牛	niú	2	N	牛	牛	ox; cow; bull; CL:條|条[tiao2],頭|头[tou2]; newton (abbr. for 牛頓|牛顿[niu2 dun4]); (slang) awesome
L3-0516	3	农村	農村	nóng cūn	2,1	N	农村	農村	rural area; village; CL:個|个[ge4]
L3-0517	3	农民	農民	nóng mín	2,2	N	农民	農民	peasant; farmer
L3-0518	3	农业	農業	nóng yè	2,4	N	农业	農業	agriculture; farming
L3-0519	3	女子	女子	nǚ zǐ	3,3	N	女子	女子	woman; female
L3-0520	3	暖和	暖和	nuǎn huo	3,5	Adj	暖和	暖和	warm; nice and warm
L3-0521	3	怕	怕	pà	4	Adv	怕	怕	to be afraid; to fear; to dread; to be unable to endure; perhaps
L3-0522	3	拍	拍	pāi	1	V	拍	拍	to pat; to clap; to slap; to swat; to take (a photo); to shoot (a film); racket (sports); beat (music)
L3-0523	3	排	排	pái	2	V	排	排	to arrange in order; to line up; to exclude; to eliminate; to repel; to expel; to discharge; (literary) to push aside; to force open; to rehearse; row; line; platoon; (bound form) steak; chop; (bound form) raft; classifier for rows or lines (of people or things)
L3-0524	3	排名	排名	pái míng	2,2		排名	排名	to rank (1st, 2nd etc); ranking
L3-0525	3	牌子	牌子	pái zi	2,5	N	牌子	牌子	sign; trademark; brand
L3-0526	3	派	派	pài	4	V/N	派	派	(literary) tributary; branch of a river; clique; school; group; faction; (bound form) style; manner; to send (a person or resource); to dispatch; to allocate (a resource or task); to appoint (sb); classifier for factions, groups etc; (preceded by 一[yi1]) classifier used in characterizing a scene, atmosphere, demeanor, sound, remark etc; (loanword) pi (Greek letter Π, π); the circular ratio 𝜋 = 3.14159...; (loanword) pie
L3-0527	3	判断	判斷	pàn duàn	4,4	V/N	判断	判斷	to judge; to determine; judgment
L3-0528	3	胖	胖	pàng	4	Adj	胖	胖	fat; plump
L3-0529	3	跑步	跑步	pǎo bù	3,4		跑步	跑步	to run; to jog; (military) to march at the double
L3-0530	3	配	配	pèi	4	V	配	配	to join; to fit; to mate; to mix; to match; to deserve; to make up (a prescription); to allocate
L3-0531	3	配合	配合	pèi hé	4,2	V	配合	配合	matching; fitting in with; compatible with; to correspond; to fit; to conform to; rapport; to coordinate with; to act in concert with; to cooperate; to become man and wife; to combine parts of machine
L3-0532	3	批评	批評	pī píng	1,2	V	批评	批評	to criticize; criticism; CL:次[ci4],番[fan1]
L3-0533	3	批准	批准	pī zhǔn	1,3	V	批准	批准	to approve; to ratify
L3-0534	3	皮	皮	pí	2	N	皮	皮	skin; peel; rind; outer layer; leather; hide; fur; cover; wrapping; outer covering; (of food) no longer crisp; soggy; (coll.) naughty; mischievous; pico- (10⁻¹²)
L3-0535	3	皮包	皮包	pí bāo	2,1	N	皮包	皮包	handbag; briefcase
L3-0536	3	啤酒	啤酒	pí jiǔ	2,3	N	啤酒	啤酒	beer (loanword); CL:杯[bei1],瓶[ping2],罐[guan4],桶[tong3],缸[gang1]
L3-0537	3	票价	票價	piào jià	4,4	N	票价	票價	ticket price; fare; admission fee
L3-0538	3	评价	評價	píng jià	2,4	V/N	评价	評價	to evaluate; to assess
L3-0539	3	苹果	蘋果	píng guǒ	2,3	N	苹果	蘋果	apple; CL:個|个[ge4],顆|颗[ke1]
L3-0540	3	破	破	pò	4	Adj/V	破	破	broken; damaged; worn out; lousy; rotten; to break, split or cleave; to get rid of; to destroy; to break with; to defeat; to capture (a city etc); to expose the truth of
L3-0541	3	破坏	破壞	pò huài	4,4	V	破坏	破壞	destruction; damage; to wreck; to break; to destroy
L3-0542	3	普遍	普遍	pǔ biàn	3,4	Adj	普遍	普遍	universal; general; widespread; common
L3-0543	3	普及	普及	pǔ jí	3,2	V/Adj	普及	普及	to spread extensively; to generalize; widespread; popular; universal; ubiquitous; pervasive
L3-0544	3	期	期	qī	1	M	期	期	a period of time; phase; stage; classifier for issues of a periodical, courses of study; time; term; period; to hope; Taiwan pr. [qi2]
L3-0545	3	齐	齊	qí	2	Adj/V	齐	齊	neat; even; level with; identical; simultaneous; all together; to even sth out
L3-0546	3	其次	其次	qí cì	2,4	Pron	其次	其次	next; secondly
L3-0547	3	其实	其實	qí shí	2,2	Adv	其实	其實	actually; in fact; really
L3-0548	3	奇怪	奇怪	qí guài	2,4	Adj	奇怪	奇怪	strange; odd; to marvel; to be baffled
L3-0549	3	气候	氣候	qì hòu	4,4	N	气候	氣候	(meteorology) climate; (fig.) climate; prevailing conditions (in human affairs)
L3-0550	3	千万	千萬	qiān wàn	1,4	Adv	千万	千萬	ten million; countless; many; one must by all means
L3-0551	3	前后	前後	qián hòu	2,4	N	前后	前後	around; from beginning to end; all around; front and rear
L3-0552	3	前进	前進	qián jìn	2,4	V	前进	前進	to go forward; to forge ahead; to advance; onward
L3-0553	3	前面	前面	qián miàn	2,4	N	前面	前面	ahead; in front; preceding; above; also pr. [qian2 mian5]
L3-0554	3	前往	前往	qián wǎng	2,3	V	前往	前往	to leave for; to proceed towards; to go to
L3-0555	3	强	強	qiáng	2	Adj	强	強	strong; powerful; better; slightly more than; vigorous; violent; best in their category, e.g. see 百強|百强[bai3 qiang2]
L3-0556	3	强大	強大	qiáng dà	2,4	Adj	强大	強大	big and strong; formidable; powerful
L3-0557	3	强调	強調	qiáng diào	2,4	V	强调	強調	to emphasize (a statement); to stress
L3-0558	3	强烈	強烈	qiáng liè	2,4	Adj	强烈	強烈	strong; intense
L3-0559	3	桥	橋	qiáo	2	N	桥	橋	bridge; CL:座[zuo4]
L3-0560	3	巧	巧	qiǎo	3	Adj	巧	巧	opportunely; coincidentally; as it happens; skillful; timely
L3-0561	3	亲	親	qīn	1	Adj	亲	親	parent; one's own (flesh and blood); relative; related; marriage; bride; close; intimate; in person; first-hand; in favor of; pro-; to kiss; (Internet slang) dear
L3-0562	3	亲切	親切	qīn qiè	1,4	Adj	亲切	親切	amiable; cordial; close and dear; familiar
L3-0563	3	亲人	親人	qīn rén	1,2	N	亲人	親人	one's close relatives
L3-0564	3	亲自	親自	qīn zì	1,4	Adv	亲自	親自	personally; in person; oneself
L3-0565	3	情感	情感	qíng gǎn	2,3	N	情感	情感	feeling; emotion; to move (emotionally)
L3-0566	3	情况	情況	qíng kuàng	2,4	N	情况	情況	circumstances; state of affairs; situation; CL:種|种[zhong3]
L3-0567	3	请教	請教	qǐng jiào	3,4	V	请教	請教	to ask for guidance; to consult
L3-0568	3	庆祝	慶祝	qìng zhù	4,4	V	庆祝	慶祝	to celebrate
L3-0569	3	球迷	球迷	qiú mí	2,2	N	球迷	球迷	fan (ball sports); CL:個|个[ge4]
L3-0570	3	区	區	qū	1	N	区	區	area; region; district; small; distinguish; CL:個|个[ge4]
L3-0571	3	区别	區別	qū bié	1,2	N/V	区别	區別	difference; to distinguish; to discriminate; to make a distinction; CL:個|个[ge4]
L3-0572	3	取消	取消	qǔ xiāo	3,1	V	取消	取消	to cancel; to call off; to revoke; to rescind
L3-0573	3	去世	去世	qù shì	4,4	V	去世	去世	to pass away; to die
L3-0574	3	全场	全場	quán chǎng	2,3	N	全场	全場	everyone present; the whole audience; across-the-board; unanimously; whole duration (of a competition or match)
L3-0575	3	全面	全面	quán miàn	2,4	Adj	全面	全面	all-around; comprehensive; total; overall
L3-0576	3	全球	全球	quán qiú	2,2	N	全球	全球	the whole world; worldwide; global
L3-0577	3	缺	缺	quē	1	V	缺	缺	deficiency; lack; scarce; vacant post; to run short of
L3-0578	3	缺点	缺點	quē diǎn	1,3	N	缺点	缺點	weak point; fault; shortcoming; disadvantage; CL:個|个[ge4]
L3-0579	3	缺少	缺少	quē shǎo	1,3	V	缺少	缺少	lack; shortage of; shortfall; to be short (of); to lack
L3-0580	3	确保	確保	què bǎo	4,3	V	确保	確保	to ensure; to guarantee
L3-0581	3	确定	確定	què dìng	4,4	Adj/V	确定	確定	definite; certain; fixed; to fix (on sth); to determine; to be sure; to ensure; to make certain; to ascertain; to clinch; to recognize; to confirm; OK (on computer dialog box)
L3-0582	3	确实	確實	què shí	4,2	Adj/Adv	确实	確實	indeed; really; reliable; real; true
L3-0583	3	裙子	裙子	qún zi	2,5	N	裙子	裙子	skirt; CL:條|条[tiao2]
L3-0584	3	群	群	qún	2	M	群	群	group; crowd; flock, herd, pack etc
L3-0585	3	热爱	熱愛	rè ài	4,4	V	热爱	熱愛	to love ardently; to adore
L3-0586	3	热烈	熱烈	rè liè	4,4	Adj	热烈	熱烈	enthusiastic; ardent; warm
L3-0587	3	人才	人才	rén cái	2,2	N	人才	人才	talent; talented person; looks; attractive looks
L3-0588	3	人工	人工	rén gōng	2,1	N/Adj	人工	人工	artificial; manpower; manual work
L3-0589	3	人类	人類	rén lèi	2,4	N	人类	人類	humanity; human race; mankind
L3-0590	3	人民	人民	rén mín	2,2	N	人民	人民	the people
L3-0591	3	人民币	人民幣	rén mín bì	2,2,4	N	人民币	人民幣	Renminbi, the official currency of the PRC (currency codes: RMB or CNY)
L3-0592	3	人群	人群	rén qún	2,2	N	人群	人群	crowd
L3-0593	3	人生	人生	rén shēng	2,1	N	人生	人生	life (one's time on earth)
L3-0594	3	人员	人員	rén yuán	2,2	N	人员	人員	staff; crew; personnel; CL:個|个[ge4]
L3-0595	3	认出	認出	rèn chū	4,1		认出	認出	recognition; to recognize
L3-0596	3	认得	認得	rèn de	4,5	V	认得	認得	to recognize; to remember sth (or sb) on seeing it; to know
L3-0597	3	认可	認可	rèn kě	4,3	V	认可	認可	to approve; approval; acknowledgment; OK
L3-0598	3	任	任	rèn	4	V	任	任	to assign; to appoint; to take up a post; office; responsibility; to let; to allow; to give free rein to; no matter (how, what etc); classifier for terms served in office, or for spouses, girlfriends etc (as in 前任男友)
L3-0599	3	任	任	rèn	4	Conj	任	任	to assign; to appoint; to take up a post; office; responsibility; to let; to allow; to give free rein to; no matter (how, what etc); classifier for terms served in office, or for spouses, girlfriends etc (as in 前任男友)
L3-0600	3	任何	任何	rèn hé	4,2	Pron	任何	任何	any; whatever; whichever
L3-0601	3	任务	任務	rèn wu	4,5	N	任务	任務	mission; assignment; task; duty; role; CL:項|项[xiang4]
L3-0602	3	仍	仍	réng	2	Adv	仍	仍	still; yet; to remain; (literary) frequently; often
L3-0603	3	仍然	仍然	réng rán	2,2	Adv	仍然	仍然	still; as before; yet
L3-0604	3	日常	日常	rì cháng	4,2	Adj	日常	日常	day-to-day; daily; everyday
L3-0605	3	容易	容易	róng yì	2,4	Adj	容易	容易	easy; straightforward; likely; liable to; apt to
L3-0606	3	如何	如何	rú hé	2,2	Pron	如何	如何	how; what way; what
L3-0607	3	散步	散步	sàn bù	4,4		散步	散步	to take a walk; to go for a walk
L3-0608	3	沙发	沙發	shā fā	1,1	N	沙发	沙發	(loanword) sofa (CL:條|条[tiao2],張|张[zhang1]); (Internet slang) first reply to a forum post
L3-0609	3	沙子	沙子	shā zi	1,5	N	沙子	沙子	sand; grit; CL:粒[li4],把[ba3]
L3-0610	3	伤	傷	shāng	1	V/N	伤	傷	to injure; injury; wound
L3-0611	3	伤心	傷心	shāng xīn	1,1		伤心	傷心	to grieve; to be broken-hearted; to feel deeply hurt
L3-0612	3	商品	商品	shāng pǐn	1,3	N	商品	商品	commodity; goods; merchandise; CL:件[jian4]
L3-0613	3	商业	商業	shāng yè	1,4	N	商业	商業	business; trade; commerce
L3-0614	3	上来	上來	shàng lái	4,2		上来	上來	to come up; to approach; (verb complement indicating success)
L3-0615	3	上面	上面	shàng miàn	4,4	N	上面	上面	on top of; above-mentioned; also pr. [shang4 mian5]
L3-0616	3	上去	上去	shàng qù	4,4		上去	上去	to go up
L3-0617	3	上升	上升	shàng shēng	4,1	V	上升	上升	to rise; to go up; to ascend
L3-0618	3	上衣	上衣	shàng yī	4,1	N	上衣	上衣	jacket; upper outer garment; CL:件[jian4]
L3-0619	3	设备	設備	shè bèi	4,4	N	设备	設備	equipment; facilities; installations
L3-0620	3	设计	設計	shè jì	4,4	V/N	设计	設計	to design; to plan; design; plan
L3-0621	3	设立	設立	shè lì	4,4	V	设立	設立	to set up; to establish
L3-0622	3	社会	社會	shè huì	4,4	N	社会	社會	society
L3-0623	3	身份证	身份證	shēn fèn zhèng	1,4,4	N	身份证	身份證	identity card; ID
L3-0624	3	深	深	shēn	1	Adj	深	深	(lit. and fig.) deep
L3-0625	3	深刻	深刻	shēn kè	1,4	Adj	深刻	深刻	profound; deep; deep-going
L3-0626	3	深入	深入	shēn rù	1,4	V/Adj	深入	深入	to penetrate deeply; thorough
L3-0627	3	升	升	shēng	1	V	升	升	to ascend; to rise; to promote; to elevate; liter; unit of dry measure for grain (= one liter or one-tenth dou 斗[dou3])
L3-0628	3	生	生	shēng	1	Adj	生	生	to grow; to give birth; to produce; to be born; to arise; to occur; to light (a fire); to live; to be alive; life; raw; uncooked; unprocessed; unfamiliar; strange; (bound form) student; person engaged in a field; (bound form) male role in traditional opera; (bound form) life; lifetime; (bound form) means of livelihood; (bound form) very; intensely (as in 生疼[sheng1 teng2]); (bound form) in a forced manner (as in 生拉硬拽[sheng1 la1 ying4 zhuai4])
L3-0629	3	生产	生產	shēng chǎn	1,3	V	生产	生產	to produce; to manufacture; to give birth to a child
L3-0630	3	生存	生存	shēng cún	1,2	V	生存	生存	to exist; to survive
L3-0631	3	生动	生動	shēng dòng	1,4	Adj	生动	生動	(of descriptions, writing etc) vivid; lively
L3-0632	3	生命	生命	shēng mìng	1,4	N	生命	生命	life (as the characteristic of living beings); living being; creature (CL:條|条[tiao2])
L3-0633	3	生意	生意	shēng yi	1,5	N	生意	生意	business; CL:筆|笔[bi3]
L3-0634	3	生长	生長	shēng zhǎng	1,3	V	生长	生長	to grow; to grow up; to be brought up
L3-0635	3	声明	聲明	shēng míng	1,2	V/N	声明	聲明	to state; to declare; statement; declaration; CL:項|项[xiang4],份[fen4]
L3-0636	3	胜	勝	shèng	4	V	胜	勝	victory; success; to beat; to defeat; to surpass; victorious; superior to; to get the better of; better than; surpassing; superb (of vista); beautiful (scenery); wonderful (view); (Taiwan pr. [sheng1]) able to bear; equal to (a task)
L3-0637	3	胜利	勝利	shèng lì	4,4	V/N	胜利	勝利	victory; CL:個|个[ge4]
L3-0638	3	失去	失去	shī qù	1,4	V	失去	失去	to lose
L3-0639	3	石头	石頭	shí tou	2,5	N	石头	石頭	stone; CL:塊|块[kuai4]
L3-0640	3	石油	石油	shí yóu	2,2	N	石油	石油	oil; petroleum
L3-0641	3	时	時	shí	2	N	时	時	o'clock; time; when; hour; season; period
L3-0642	3	时代	時代	shí dài	2,4	N	时代	時代	age; era; epoch; period (in one's life); CL:個|个[ge4]
L3-0643	3	时刻	時刻	shí kè	2,4	N/Adv	时刻	時刻	time; juncture; moment; period of time; CL:個|个[ge4],段[duan4]; constantly; always
L3-0644	3	实际上	實際上	shí jì shàng	2,4,4	Adv	实际上	實際上	in fact; in reality; as a matter of fact; in practice
L3-0645	3	实力	實力	shí lì	2,4	N	实力	實力	strength
L3-0646	3	实行	實行	shí xíng	2,2	V	实行	實行	to implement; to carry out; to put into practice
L3-0647	3	实验	實驗	shí yàn	2,4	V/N	实验	實驗	experiment; test; CL:個|个[ge4],次[ci4]; experimental; to experiment
L3-0648	3	实验室	實驗室	shí yàn shì	2,4,4	N	实验室	實驗室	laboratory; CL:間|间[jian1]
L3-0649	3	食品	食品	shí pǐn	2,3	N	食品	食品	foodstuff; food; provisions
L3-0650	3	使	使	shǐ	3	V	使	使	to make; to cause; to enable; to use; to employ; to send; to instruct sb to do sth; envoy; messenger
L3-0651	3	始终	始終	shǐ zhōng	3,1	Adv	始终	始終	from beginning to end; all along
L3-0652	3	世纪	世紀	shì jì	4,4	N	世纪	世紀	century
L3-0653	3	世界	世界	shì jiè	4,4	N	世界	世界	world
L3-0654	3	世界杯	世界杯	Shì jiè bēi	4,4,1	N	世界杯	世界杯	World Cup
L3-0655	3	市场	市場	shì chǎng	4,3	N	市场	市場	marketplace; market; bazaar; (economics) market
L3-0656	3	事故	事故	shì gù	4,4	N	事故	事故	accident; CL:樁|桩[zhuang1],起[qi3],次[ci4]
L3-0657	3	事件	事件	shì jiàn	4,4	N	事件	事件	incident; event
L3-0658	3	事实	事實	shì shí	4,2	N	事实	事實	fact; CL:個|个[ge4]
L3-0659	3	事实上	事實上	shì shí shàng	4,2,4		事实上	事實上	in fact; in reality; actually; as a matter of fact; de facto; ipso facto
L3-0660	3	事业	事業	shì yè	4,4	N	事业	事業	undertaking; project; activity; (charitable, political or revolutionary) cause; publicly funded institution, enterprise or foundation; career; occupation; CL:個|个[ge4]
L3-0661	3	试题	試題	shì tí	4,2	N	试题	試題	exam question; test topic
L3-0662	3	试验	試驗	shì yàn	4,4	V	试验	試驗	experiment; test; CL:次[ci4],個|个[ge4]; to experiment; experimental
L3-0663	3	适合	適合	shì hé	4,2	V	适合	適合	to fit; to suit
L3-0664	3	适应	適應	shì yìng	4,4	V	适应	適應	to adapt; to fit; to suit
L3-0665	3	适用	適用	shì yòng	4,4	Adj	适用	適用	to be applicable
L3-0666	3	室	室	shì	4	N	室	室	room; work unit; grave; scabbard; family or clan; one of the 28 constellations of Chinese astronomy
L3-0667	3	收费	收費	shōu fèi	1,4	V	收费	收費	to charge a fee
L3-0668	3	收看	收看	shōu kàn	1,4	V	收看	收看	to watch (a TV program)
L3-0669	3	收听	收聽	shōu tīng	1,1	V	收听	收聽	to listen to (a radio broadcast)
L3-0670	3	收音机	收音機	shōu yīn jī	1,1,1	N	收音机	收音機	radio; CL:臺|台[tai2]
L3-0671	3	手续	手續	shǒu xù	3,4	N	手续	手續	procedure; CL:道[dao4],個|个[ge4]; formalities
L3-0672	3	手指	手指	shǒu zhǐ	3,3	N	手指	手指	finger; CL:個|个[ge4],隻|只[zhi1]
L3-0673	3	首都	首都	shǒu dū	3,1	N	首都	首都	capital (city); CL:個|个[ge4]
L3-0674	3	首先	首先	shǒu xiān	3,1	Adv	首先	首先	first of all; in the first place
L3-0675	3	受	受	shòu	4	V	受	受	to receive; to accept; to suffer; subjected to; to bear; to stand; pleasant; (passive marker); (LGBT) bottom
L3-0676	3	受伤	受傷	shòu shāng	4,1		受伤	受傷	to sustain injuries; wounded (in an accident etc); harmed
L3-0677	3	书架	書架	shū jià	1,4	N	书架	書架	bookshelf; CL:個|个[ge4]
L3-0678	3	输	輸	shū	1	V	输	輸	to lose; to be beaten; (bound form) to transport; (literary) to donate; to contribute; (coll.) to enter (a password)
L3-0679	3	输入	輸入	shū rù	1,4	V	输入	輸入	to import; to input
L3-0680	3	熟人	熟人	shú rén	2,2	N	熟人	熟人	acquaintance; friend
L3-0681	3	属	屬	shǔ	3	V	属	屬	category; genus (taxonomy); family members; dependents; to belong to; subordinate to; affiliated with; be born in the year of (one of the 12 animals); to be; to prove to be; to constitute
L3-0682	3	属于	屬於	shǔ yú	3,2	V	属于	屬於	to belong to; to fall under (a category)
L3-0683	3	束	束	shù	4	M	束	束	to bind; bunch; bundle; classifier for bunches, bundles, beams of light etc; to control
L3-0684	3	数量	數量	shù liàng	4,4	N	数量	數量	amount; quantity; quantitative; (math.) scalar quantity
L3-0685	3	双	雙	shuāng	1	M/Adj	双	雙	two; double; pair; both; even (number)
L3-0686	3	双方	雙方	shuāng fāng	1,1	N	双方	雙方	bilateral; both sides; both parties involved
L3-0687	3	思想	思想	sī xiǎng	1,3	N	思想	思想	thought; thinking; idea; ideology; CL:個|个[ge4]
L3-0688	3	死	死	sǐ	3	V/Adj	死	死	to die; impassable; uncrossable; inflexible; rigid; extremely; damned
L3-0689	3	速度	速度	sù dù	4,4	N	速度	速度	speed; rate; velocity; (music) tempo
L3-0690	3	随	隨	suí	2	V	随	隨	to follow; to comply with; varying according to...; to allow; subsequently
L3-0691	3	所	所	suǒ	3	N/M	所	所	actually; place; classifier for houses, small buildings, institutions etc; that which; particle introducing a relative clause or passive; CL:個|个[ge4]
L3-0692	3	所长	所長	suǒ zhǎng	3,3	N	所长	所長	director; head of an institute, office or station
L3-0693	3	台	台	tái	2	N/M	台	台|臺	platform; stage; terrace; stand; support; station; broadcasting station; classifier for vehicles or machines
L3-0694	3	谈	談	tán	2	V	谈	談	to speak; to talk; to converse; to chat; to discuss
L3-0695	3	谈话	談話	tán huà	2,4		谈话	談話	to talk (with sb); to have a conversation; talk; conversation; CL:次[ci4]
L3-0696	3	谈判	談判	tán pàn	2,4	V/N	谈判	談判	to negotiate; negotiation; talks; conference; CL:個|个[ge4]
L3-0697	3	汤	湯	tāng	1	N	汤	湯	soup; hot or boiling water; decoction of medicinal herbs; water in which sth has been boiled
L3-0698	3	糖	糖	táng	2	N	糖	糖	sugar; sweets; candy; CL:顆|颗[ke1],塊|块[kuai4]
L3-0699	3	特色	特色	tè sè	4,4	N	特色	特色	a characteristic; a distinctive feature or quality
L3-0700	3	提前	提前	tí qián	2,2	V	提前	提前	to shift to an earlier date; to do sth ahead of time; in advance
L3-0701	3	提问	提問	tí wèn	2,4	V	提问	提問	to question; to quiz; to grill
L3-0702	3	题目	題目	tí mù	2,4	N	题目	題目	subject; title; topic; exercise or exam question (CL:道[dao4])
L3-0703	3	体会	體會	tǐ huì	3,4	V/N	体会	體會	to know from experience; to learn through experience; to realize; understanding; experience
L3-0704	3	体现	體現	tǐ xiàn	3,4	V	体现	體現	to embody; to reflect; to incarnate
L3-0705	3	体验	體驗	tǐ yàn	3,4	V	体验	體驗	to experience for oneself
L3-0706	3	天空	天空	tiān kōng	1,1	N	天空	天空	sky
L3-0707	3	甜	甜	tián	2	Adj	甜	甜	sweet; (fig.) pleasant; endearing; lovely
L3-0708	3	调	調	tiáo	2	V	调	調	to harmonize; to reconcile; to blend; to suit well; to adjust; to regulate; to season (food); to provoke; to incite
L3-0709	3	调整	調整	tiáo zhěng	2,3	V	调整	調整	to adjust; to revise; to reorganize
L3-0710	3	跳	跳	tiào	4	V	跳	跳	to jump; to hop; to skip over; to bounce; to palpitate
L3-0711	3	跳高	跳高	tiào gāo	4,1	V	跳高	跳高	(athletics) high jump
L3-0712	3	跳舞	跳舞	tiào wǔ	4,3		跳舞	跳舞	to dance
L3-0713	3	跳远	跳遠	tiào yuǎn	4,3	V	跳远	跳遠	long jump (athletics)
L3-0714	3	铁	鐵	tiě	3	N	铁	鐵	iron (metal); arms; weapons; hard; strong; violent; unshakeable; determined; close; tight (slang)
L3-0715	3	铁路	鐵路	tiě lù	3,4	N	铁路	鐵路	railroad; railway; CL:條|条[tiao2]
L3-0716	3	听力	聽力	tīng lì	1,4	N	听力	聽力	hearing; listening ability
L3-0717	3	听众	聽眾	tīng zhòng	1,4	N	听众	聽眾	audience; listeners
L3-0718	3	停止	停止	tíng zhǐ	2,3	V	停止	停止	to stop; to halt; to cease
L3-0719	3	通常	通常	tōng cháng	1,2	Adj	通常	通常	regular; usual; normal; usually; normally
L3-0720	3	通信	通信	tōng xìn	1,4		通信	通信	to correspond (by letter, email etc); to send or receive messages through telecommunications
L3-0721	3	同意	同意	tóng yì	2,4	V	同意	同意	to agree; to consent; to approve
L3-0722	3	痛	痛	tòng	4	Adj	痛	痛	ache; pain; sorrow; deeply; thoroughly
L3-0723	3	痛苦	痛苦	tòng kǔ	4,3	Adj	痛苦	痛苦	pain; suffering; painful; CL:個|个[ge4]
L3-0724	3	头	頭	tóu	2	Adj	头	頭	head; hair style; the top; end; beginning or end; a stub; remnant; chief; boss; side; aspect; first; leading; classifier for pigs or livestock; CL:個|个[ge4]
L3-0725	3	头脑	頭腦	tóu nǎo	2,3	N	头脑	頭腦	brains; mind; skull; (fig.) gist (of a matter); leader; boss
L3-0726	3	突出	突出	tū chū	1,1	Adj/V	突出	突出	prominent; outstanding; to give prominence to; to protrude; to project
L3-0727	3	突然	突然	tū rán	1,2	Adj	突然	突然	sudden; abrupt; unexpected
L3-0728	3	图	圖	tú	2	N	图	圖	diagram; picture; drawing; chart; map; CL:張|张[zhang1]; to plan; to scheme; to attempt; to pursue; to seek
L3-0729	3	图画	圖畫	tú huà	2,4	N	图画	圖畫	drawing; picture
L3-0730	3	土	土	tǔ	3	N	土	土	earth; dust; clay; local; indigenous; crude opium; unsophisticated; one of the eight categories of ancient musical instruments 八音[ba1 yin1]
L3-0731	3	团	團	tuán	2	N/M	团	團	round; lump; ball; to roll into a ball; to gather; regiment; group; society; classifier for a lump or a soft mass: wad (of paper), ball (of wool), cloud (of smoke)
L3-0732	3	团结	團結	tuán jié	2,2	V	团结	團結	to unite; unity; solidarity; united
L3-0733	3	团体	團體	tuán tǐ	2,3	N	团体	團體	group; organization; team; CL:個|个[ge4]
L3-0734	3	推动	推動	tuī dòng	1,4		推动	推動	to push (e.g. for acceptance of a plan); to promote; to give impetus to
L3-0735	3	推广	推廣	tuī guǎng	1,3	V	推广	推廣	to extend; to spread; to popularize; generalization; promotion (of a product etc)
L3-0736	3	推进	推進	tuī jìn	1,4	V	推进	推進	to impel; to carry forward; to push on; to advance; to drive forward
L3-0737	3	推开	推開	tuī kāi	1,1		推开	推開	to push open (a gate etc); to push away; to reject; to decline
L3-0738	3	退	退	tuì	4	V	退	退	to retreat; to withdraw; to reject; to return (sth); to decline
L3-0739	3	退出	退出	tuì chū	4,1	V	退出	退出	to withdraw; to abort; to quit; to log out (computing)
L3-0740	3	退休	退休	tuì xiū	4,1		退休	退休	to retire (from the workforce); to go into retirement
L3-0741	3	外交	外交	wài jiāo	4,1	N	外交	外交	diplomacy; diplomatic; foreign affairs; CL:個|个[ge4]
L3-0742	3	外面	外面	wài miàn	4,4	N	外面	外面	outside (also pr. [wai4 mian5] for this sense); surface; exterior; external appearance
L3-0743	3	外文	外文	wài wén	4,2	N	外文	外文	foreign language (written)
L3-0744	3	完美	完美	wán měi	2,3	Adj	完美	完美	perfect
L3-0745	3	完善	完善	wán shàn	2,4	Adj/V	完善	完善	(of systems, facilities etc) comprehensive; well-developed; excellent; to refine; to improve
L3-0746	3	完整	完整	wán zhěng	2,3	Adj	完整	完整	complete; intact
L3-0747	3	玩具	玩具	wán jù	2,4	N	玩具	玩具	plaything; toy
L3-0748	3	往往	往往	wǎng wǎng	3,3	Adv	往往	往往	usually; in many cases; more often than not
L3-0749	3	危害	危害	wēi hài	1,4	V/N	危害	危害	to harm; to jeopardize; to endanger; harmful effect; damage
L3-0750	3	危险	危險	wēi xiǎn	1,3	Adj/N	危险	危險	danger; dangerous
L3-0751	3	为	為	wéi	2	V	为	為	as (in the capacity of); to take sth as; to act as; to serve as; to behave as; to become; to be; to do; by (in the passive voice)
L3-0752	3	为	為	wéi	2	Prep	为	為	as (in the capacity of); to take sth as; to act as; to serve as; to behave as; to become; to be; to do; by (in the passive voice)
L3-0753	3	围	圍	wéi	2	V	围	圍	to encircle; to surround; all around; to wear by wrapping around (scarf, shawl)
L3-0754	3	伟大	偉大	wěi dà	3,4	Adj	伟大	偉大	huge; great; grand; worthy of the greatest admiration; important (contribution etc)
L3-0755	3	卫生	衛生	wèi shēng	4,1	Adj/N	卫生	衛生	hygienic; sanitary; hygiene; sanitation
L3-0756	3	卫生间	衛生間	wèi shēng jiān	4,1,1	N	卫生间	衛生間	bathroom; toilet; WC; CL:間|间[jian1]
L3-0757	3	为了	為了	wèi le	4,5	Prep	为了	為了	for; for the purpose of; in order to
L3-0758	3	温暖	溫暖	wēn nuǎn	1,3	Adj/V	温暖	溫暖	warm
L3-0759	3	文化	文化	wén huà	2,4	N	文化	文化	culture; civilization; cultural; CL:個|个[ge4],種|种[zhong3]
L3-0760	3	文件	文件	wén jiàn	2,4	N	文件	文件	document; file; CL:份[fen4]
L3-0761	3	文明	文明	wén míng	2,2	N/Adj	文明	文明	civilized; civilization; culture; CL:個|个[ge4]
L3-0762	3	文学	文學	wén xué	2,2	N	文学	文學	literature
L3-0763	3	文章	文章	wén zhāng	2,1	N	文章	文章	article; essay; literary works; writings; hidden meaning; CL:篇[pian1],段[duan4],頁|页[ye4]
L3-0764	3	文字	文字	wén zì	2,4	N	文字	文字	character; script; writing; written language; writing style; phraseology; CL:個|个[ge4]
L3-0765	3	握手	握手	wò shǒu	4,3		握手	握手	to shake hands
L3-0766	3	屋子	屋子	wū zi	1,5	N	屋子	屋子	house; room; CL:間|间[jian1]
L3-0767	3	武器	武器	wǔ qì	3,4	N	武器	武器	weapon; arms; CL:種|种[zhong3]
L3-0768	3	武术	武術	wǔ shù	3,4	N	武术	武術	military skill or technique (in former times); all kinds of martial art sports (some claiming spiritual development); self-defense; tradition of choreographed fights from opera and film (recent usage); also called kungfu 功夫; CL:種|种[zhong3]
L3-0769	3	舞台	舞臺	wǔ tái	3,2	N	舞台	舞臺	(lit. and fig.) stage; arena
L3-0770	3	西部	西部	xī bù	1,4	N	西部	西部	western part
L3-0771	3	希望	希望	xī wàng	1,4	V/N	希望	希望	to hope; a hope; a wish
L3-0772	3	系	系	xì	4	N	系	系	system; department; faculty
L3-0773	3	下来	下來	xià lai	4,5		下来	下來	to come down; (completed action marker); (after verb of motion, indicates motion down and towards us, also fig.); (indicates continuation from the past towards us); to be harvested (of crops); to be over (of a period of time); to go among the masses (said of leaders)
L3-0774	3	下面	下面	xià miàn	4,4	N	下面	下面	below; under; next; the following; also pr. [xia4 mian5]
L3-0775	3	下去	下去	xià qù	4,4		下去	下去	to go down; to descend; to go on; to continue; (of a servant) to withdraw
L3-0776	3	先进	先進	xiān jìn	1,4	Adj/N	先进	先進	sophisticated; advanced (technology etc); meritorious; exemplary (deeds etc)
L3-0777	3	显得	顯得	xiǎn de	3,5	V	显得	顯得	to seem; to look; to appear
L3-0778	3	显然	顯然	xiǎn rán	3,2	Adj	显然	顯然	clearly; evidently; obviously
L3-0779	3	显示	顯示	xiǎn shì	3,4	V	显示	顯示	to show; to illustrate; to display; to demonstrate
L3-0780	3	现场	現場	xiàn chǎng	4,3	N	现场	現場	the scene (of a crime, accident etc); (on) the spot; (at) the site
L3-0781	3	现代	現代	xiàn dài	4,4	N	现代	現代	modern times; modern age; modern era
L3-0782	3	现金	現金	xiàn jīn	4,1	N	现金	現金	cash
L3-0783	3	现实	現實	xiàn shí	4,2	N	现实	現實	reality; actuality; real; actual; realistic; pragmatic; materialistic; self-interested
L3-0784	3	现象	現象	xiàn xiàng	4,4	N	现象	現象	phenomenon; CL:個|个[ge4],種|种[zhong3]; appearance
L3-0785	3	线	線	xiàn	4	N	线	線	thread; string; wire; line; CL:條|条[tiao2],股[gu3],根[gen1]; (after a number) tier (unofficial ranking of a Chinese city)
L3-0786	3	相比	相比	xiāng bǐ	1,3	V	相比	相比	to compare
L3-0787	3	相当	相當	xiāng dāng	1,1	Adv/V	相当	相當	equivalent to; appropriate; considerably; to a certain extent; fairly; quite
L3-0788	3	相关	相關	xiāng guān	1,1	V	相关	相關	related; relevant; pertinent; to be interrelated; (statistics) correlation
L3-0789	3	相互	相互	xiāng hù	1,4	Adv	相互	相互	each other; mutual
L3-0790	3	相似	相似	xiāng sì	1,4	Adj	相似	相似	similar; alike
L3-0791	3	香	香	xiāng	1	Adj	香	香	fragrant; sweet smelling; aromatic; savory or appetizing; (to eat) with relish; (of sleep) sound; perfume or spice; joss or incense stick; CL:根[gen1]
L3-0792	3	香蕉	香蕉	xiāng jiāo	1,1	N	香蕉	香蕉	banana; CL:根[gen1],把[ba3]
L3-0793	3	消费	消費	xiāo fèi	1,4	V	消费	消費	to consume (goods and services, resources etc)
L3-0794	3	消失	消失	xiāo shī	1,1	V	消失	消失	to disappear; to fade away
L3-0795	3	消息	消息	xiāo xi	1,5	N	消息	消息	(piece of) news; information; message; CL:條|条[tiao2]
L3-0796	3	效果	效果	xiào guǒ	4,3	N	效果	效果	result; effect; efficacy; (theater) sound or visual effects
L3-0797	3	写作	寫作	xiě zuò	3,4	V	写作	寫作	to write; to compose; writing; written works
L3-0798	3	血	血	xuè	4	N	血	血	blood; colloquial pr. [xie3]; CL:滴[di1],片[pian4]
L3-0799	3	心	心	xīn	1	N	心	心	heart; mind; intention; center; core; CL:顆|颗[ke1],個|个[ge4]
L3-0800	3	信	信	xìn	4	V	信	信	letter; mail; CL:封[feng1]; to trust; to believe; to profess faith in; truthful; confidence; trust; at will; at random
L3-0801	3	信封	信封	xìn fēng	4,1	N	信封	信封	envelope
L3-0802	3	信任	信任	xìn rèn	4,4	V	信任	信任	to trust; to have confidence in
L3-0803	3	行李	行李	xíng li	2,5	N	行李	行李	luggage; CL:件[jian4]
L3-0804	3	形成	形成	xíng chéng	2,2	V	形成	形成	to form; to take shape
L3-0805	3	形式	形式	xíng shì	2,4	N	形式	形式	outer appearance; form; shape; formality; CL:個|个[ge4]
L3-0806	3	形象	形象	xíng xiàng	2,4	N/Adj	形象	形象	image; form; figure; CL:個|个[ge4]; visualization; vivid
L3-0807	3	形状	形狀	xíng zhuàng	2,4	N	形状	形狀	form; shape
L3-0808	3	幸福	幸福	xìng fú	4,2	Adj/N	幸福	幸福	happiness; happy; blessed
L3-0809	3	幸运	幸運	xìng yùn	4,4	Adj	幸运	幸運	fortunate; lucky; good fortune; luck
L3-0810	3	性	性	xìng	4	Suffix	性（积极性）	性（積極性）	nature; character; property; quality; attribute; sexuality; sex; gender; suffix forming adjective from verb; suffix forming noun from adjective, corresponding to -ness or -ity; essence; CL:個|个[ge4]
L3-0811	3	性别	性別	xìng bié	4,2	N	性别	性別	sex; gender
L3-0812	3	性格	性格	xìng gé	4,2	N	性格	性格	nature; disposition; temperament; character; CL:個|个[ge4]
L3-0813	3	修	修	xiū	1	V	修	修	to decorate; to embellish; to repair; to build; to write; to cultivate; to study; to take (a class)
L3-0814	3	修改	修改	xiū gǎi	1,3	V	修改	修改	to amend; to alter; to modify
L3-0815	3	需求	需求	xū qiú	1,2	N	需求	需求	requirement; to require; (economics) demand
L3-0816	3	需要	需要	xū yào	1,4	V/N	需要	需要	to need; to want; to demand; to require; needs
L3-0817	3	宣布	宣布	xuān bù	1,4	V	宣布	宣布	to declare; to announce; to proclaim
L3-0818	3	宣传	宣傳	xuān chuán	1,2	V/N	宣传	宣傳	to disseminate; to give publicity to; propaganda; CL:個|个[ge4]
L3-0819	3	选手	選手	xuǎn shǒu	3,3	N	选手	選手	athlete; contestant
L3-0820	3	学费	學費	xué fèi	2,4	N	学费	學費	tuition fee; tuition; CL:個|个[ge4]
L3-0821	3	训练	訓練	xùn liàn	4,4	V/N	训练	訓練	to train; to drill; training; CL:個|个[ge4]
L3-0822	3	压	壓	yā	1	V	压	壓	to press; to push down; to keep under (control); pressure
L3-0823	3	压力	壓力	yā lì	1,4	N	压力	壓力	pressure
L3-0824	3	烟	煙	yān	1	N	烟	煙	cigarette or pipe tobacco; CL:根[gen1]; smoke; mist; vapour; CL:縷|缕[lu:3]; tobacco plant; (of the eyes) to be irritated by smoke
L3-0825	3	眼前	眼前	yǎn qián	3,2	N	眼前	眼前	before one's eyes; now; at present
L3-0826	3	演	演	yǎn	3	V	演	演	to perform (a play etc); to stage (a show); (bound form) to develop; to play out; to carry out (a task)
L3-0827	3	演唱	演唱	yǎn chàng	3,4	V	演唱	演唱	to sing (for an audience); vocal performance
L3-0828	3	演唱会	演唱會	yǎn chàng huì	3,4,4	N	演唱会	演唱會	vocal recital or concert
L3-0829	3	演出	演出	yǎn chū	3,1	V/N	演出	演出	to act (in a play); to perform; to put on (a performance); performance; concert; show; CL:場|场[chang3],次[ci4]
L3-0830	3	演员	演員	yǎn yuán	3,2	N	演员	演員	actor; actress; performer
L3-0831	3	羊	羊	yáng	2	N	羊	羊	sheep; goat; CL:頭|头[tou2],隻|只[zhi1]
L3-0832	3	阳光	陽光	yáng guāng	2,1	N	阳光	陽光	sunshine; (of personality) upbeat; energetic; transparent (open to public scrutiny)
L3-0833	3	要是	要是	yào shi	4,5	Conj	要是	要是	(coll.) if
L3-0834	3	衣架	衣架	yī jià	1,4	N	衣架	衣架	clothes hanger; clothes rack
L3-0835	3	一切	一切	yī qiè	1,4	Pron	一切	一切	everything; every; all
L3-0836	3	已	已	yǐ	3	Adv	已	已	already; to stop; then; afterwards
L3-0837	3	以来	以來	yǐ lái	3,2	N	以来	以來	since (used after a specified time or event)
L3-0838	3	一方面	一方面	yī fāng miàn	1,1,4	N	一方面	一方面	on the one hand
L3-0839	3	艺术	藝術	yì shù	4,4	N	艺术	藝術	art
L3-0840	3	意外	意外	yì wài	4,4	Adj/N	意外	意外	unexpected; accident; mishap; CL:個|个[ge4]
L3-0841	3	意义	意義	yì yì	4,4	N	意义	意義	sense; meaning; significance; importance; CL:個|个[ge4]
L3-0842	3	因此	因此	yīn cǐ	1,3	Conj	因此	因此	thus; consequently; as a result
L3-0843	3	银	銀	yín	2	N	银	銀	silver; silver-colored; relating to money or currency
L3-0844	3	银牌	銀牌	yín pái	2,2	N	银牌	銀牌	silver medal; CL:枚[mei2]
L3-0845	3	印象	印象	yìn xiàng	4,4	N	印象	印象	impression (sth that stays in one's mind); a memory
L3-0846	3	应当	應當	yīng dāng	1,1	V	应当	應當	should; ought to
L3-0847	3	迎接	迎接	yíng jiē	2,1	V	迎接	迎接	to welcome; to greet
L3-0848	3	营养	營養	yíng yǎng	2,3	N	营养	營養	nutrition; nourishment; CL:種|种[zhong3]
L3-0849	3	赢	贏	yíng	2	V	赢	贏	to beat; to win; to profit
L3-0850	3	影视	影視	yǐng shì	3,4	N	影视	影視	movies and television
L3-0851	3	应用	應用	yìng yòng	4,4	V	应用	應用	to put to use; to apply; practical; applied (science, linguistics etc); application; practical use; (computing) app
L3-0852	3	优点	優點	yōu diǎn	1,3	N	优点	優點	merit; benefit; strong point; advantage; CL:個|个[ge4],項|项[xiang4]
L3-0853	3	优势	優勢	yōu shì	1,4	N	优势	優勢	superiority; dominance; advantage
L3-0854	3	由	由	yóu	2	Prep	由	由	to follow; from; because of; due to; by; via; through; (before a noun and a verb) it is for ... to ...
L3-0855	3	由于	由於	yóu yú	2,2	Prep/Conj	由于	由於	due to; as a result of; thanks to; owing to; since; because
L3-0856	3	邮件	郵件	yóu jiàn	2,4	N	邮件	郵件	mail; post; email
L3-0857	3	邮票	郵票	yóu piào	2,4	N	邮票	郵票	(postage) stamp; CL:枚[mei2],張|张[zhang1]
L3-0858	3	邮箱	郵箱	yóu xiāng	2,1	N	邮箱	郵箱	mailbox; post office box; email; email inbox
L3-0859	3	游	游	yóu	2	V	游	游	to swim; variant of 遊|游[you2]
L3-0860	3	游戏	遊戲	yóu xì	2,4	N	游戏	遊戲	game (CL:場|场[chang3]); to play
L3-0861	3	游泳	游泳	yóu yǒng	2,3	N/V	游泳	游泳	swimming; to swim
L3-0862	3	有的是	有的是	yǒu de shì	3,5,4		有的是	有的是	have plenty of; there's no lack of
L3-0863	3	有利	有利	yǒu lì	3,4	Adj	有利	有利	advantageous; favorable
L3-0864	3	有效	有效	yǒu xiào	3,4	V	有效	有效	effective; in effect; valid
L3-0865	3	预报	預報	yù bào	4,4	V/N	预报	預報	forecast
L3-0866	3	预防	預防	yù fáng	4,2	V	预防	預防	to prevent; to take precautions against; to protect; to guard against; precautionary; prophylactic
L3-0867	3	预计	預計	yù jì	4,4	V	预计	預計	to forecast; to predict; to estimate
L3-0868	3	预习	預習	yù xí	4,2	V	预习	預習	to prepare a lesson
L3-0869	3	员	員	yuán	2	Suffix	员（服务员）	員（服務員）	(bound form) person engaged in a certain field of activity; (bound form) member; classifier for military generals
L3-0870	3	员工	員工	yuán gōng	2,1	N	员工	員工	staff; personnel; employee
L3-0871	3	愿望	願望	yuàn wàng	4,4	N	愿望	願望	desire; wish
L3-0872	3	约	約	yuē	1	V	约	約	to make an appointment; to invite; approximately; pact; treaty; to economize; to restrict; to reduce (a fraction); concise
L3-0873	3	乐队	樂隊	yuè duì	4,4	N	乐队	樂隊	band; pop group; CL:支[zhi1]
L3-0874	3	运输	運輸	yùn shū	4,1	V	运输	運輸	to transport; to carry; transportation
L3-0875	3	杂志	雜誌	zá zhì	2,4	N	杂志	雜誌	magazine; CL:本[ben3],份[fen4],期[qi1]
L3-0876	3	早已	早已	zǎo yǐ	3,3	Adv	早已	早已	for a long time; long since; (dialect) in the past
L3-0877	3	造	造	zào	4	V	造	造	to make; to build; to manufacture; to invent; to fabricate; to go to; party (in a lawsuit or legal agreement); crop; classifier for crops
L3-0878	3	造成	造成	zào chéng	4,2	V	造成	造成	to bring about; to create; to cause
L3-0879	3	责任	責任	zé rèn	2,4	N	责任	責任	responsibility; duty; liability
L3-0880	3	增加	增加	zēng jiā	1,1	V	增加	增加	to raise; to increase
L3-0881	3	增长	增長	zēng zhǎng	1,3	V	增长	增長	to grow; to increase
L3-0882	3	展开	展開	zhǎn kāi	3,1		展开	展開	to unfold; to spread out; to open up; to launch; to carry out
L3-0883	3	张	張	zhāng	1	M/V	张	張	to open up; to spread; sheet of paper; classifier for flat objects, sheet; classifier for votes
L3-0884	3	照	照	zhào	4	V/Prep	照	照	according to; in accordance with; to shine; to illuminate; to reflect; to look at (one's reflection); to take (a photo); photo; as requested; as before
L3-0885	3	者	者	zhě	3	Suffix	者（志愿者）	者（志願者）	(after a verb or adjective) one who (is) ...; (after a noun) person involved in ...; -er; -ist; (used after a number or 後|后[hou4] or 前[qian2] to refer to sth mentioned previously); (used after a term, to mark a pause before defining the term); (old) (used at the end of a command); (old) this
L3-0886	3	真实	真實	zhēn shí	1,2	Adj	真实	真實	true; real
L3-0887	3	争	爭	zhēng	1	V	争	爭	to strive for; to vie for; to argue or debate; deficient or lacking (dialect); how or what (literary)
L3-0888	3	争取	爭取	zhēng qǔ	1,3	V	争取	爭取	to fight for; to strive for; to win over
L3-0889	3	整	整	zhěng	3	Adj/V	整	整	(bound form) whole; complete; entire; (before a measure word) whole; (before or after number + measure word) exactly; (bound form) in good order; tidy; neat; (bound form) to put in order; to straighten; (bound form) to repair; to mend; to renovate; (coll.) to fix sb; to give sb a hard time; to mess with sb; (dialect) to tinker with; to do sth to
L3-0890	3	整个	整個	zhěng gè	3,4	Adj	整个	整個	whole; entire; total
L3-0891	3	整理	整理	zhěng lǐ	3,3	V	整理	整理	to arrange; to tidy up; to sort out; to straighten out; to list systematically; to collate (data, files); to pack (luggage)
L3-0892	3	整齐	整齊	zhěng qí	3,2	Adj	整齐	整齊	orderly; neat; even; tidy
L3-0893	3	整体	整體	zhěng tǐ	3,3	N	整体	整體	whole; entirety; overall; whole; general; on the whole; overall
L3-0894	3	整天	整天	zhěng tiān	3,1	N	整天	整天	all day long; whole day
L3-0895	3	整整	整整	zhěng zhěng	3,3	Adv	整整	整整	whole; full
L3-0896	3	正	正	zhèng	4	Adj	正	正	straight; upright; proper; main; principal; to correct; to rectify; exactly; just (at that time); right (in that place); (math.) positive
L3-0897	3	正式	正式	zhèng shì	4,4	Adj	正式	正式	formal; official
L3-0898	3	证	證	zhèng	4	N	证	證	certificate; proof; to prove; to demonstrate; to confirm; variant of 症[zheng4]
L3-0899	3	证件	證件	zhèng jiàn	4,4	N	证件	證件	certificate; papers; credentials; document; ID
L3-0900	3	证据	證據	zhèng jù	4,4	N	证据	證據	evidence; proof; testimony
L3-0901	3	证明	證明	zhèng míng	4,2	V/N	证明	證明	proof; certificate; identification; testimonial; CL:個|个[ge4]; to prove; to testify; to confirm the truth of
L3-0902	3	支	支	zhī	1	M	支	支	to support; to sustain; to erect; to raise; branch; division; to draw money; classifier for rods such as pens and guns, for army divisions and for songs or compositions
L3-0903	3	支持	支持	zhī chí	1,2	V	支持	支持	to be in favor of; to support; to back; support; backing; to stand by; CL:個|个[ge4]
L3-0904	3	支付	支付	zhī fù	1,4	V	支付	支付	to pay (money)
L3-0905	3	只	隻	zhī	1	M	只	隻	classifier for birds and certain animals, one of a pair, some utensils, vessels etc
L3-0906	3	直	直	zhí	2	Adj/V/Adv	直	直	straight; to straighten; fair and reasonable; frank; straightforward; (indicates continuing motion or action); vertical; vertical downward stroke in Chinese characters
L3-0907	3	直播	直播	zhí bō	2,1	V	直播	直播	(TV, radio) to broadcast live; live broadcast; (Internet) to livestream; (agriculture) direct seeding
L3-0908	3	直到	直到	zhí dào	2,4	V	直到	直到	until
L3-0909	3	值	值	zhí	2	V	值	值	value; (to be) worth; to happen to; to be on duty
L3-0910	3	值得	值得	zhí de	2,5		值得	值得	worth the money; to merit; to deserve; to be worth (doing sth)
L3-0911	3	职工	職工	zhí gōng	2,1	N	职工	職工	employee; staff member; worker
L3-0912	3	职业	職業	zhí yè	2,4	N	职业	職業	occupation; profession; vocation; professional
L3-0913	3	只好	只好	zhǐ hǎo	3,3	Adv	只好	只好	to have no other option but to ...; to have to; to be forced to
L3-0914	3	只是	只是	zhǐ shì	3,4	Adv/Conj	只是	只是	merely; only; just; nothing but; simply; but; however
L3-0915	3	只有	只有	zhǐ yǒu	3,3	Conj	只有	只有	only have ...; there is only ...; (used in combination with 才[cai2]) it is only if ... (that one can ...) (as in 只有通過治療才能痊愈|只有通过治疗才能痊愈[zhi3 you3 tong1 guo4 zhi4 liao2 cai2 neng2 quan2 yu4] "the only way to cure it is with therapy"); it is only (someone) who ... (as in 只有男性才有此需要[zhi3 you3 nan2 xing4 cai2 you3 ci3 xu1 yao4] "only men would have such a requirement"); (used to express lack of alternatives) can only; have no choice but to (as in 只有屈服[zhi3 you3 qu1 fu2] "the only thing you can do is give in")
L3-0916	3	指	指	zhǐ	3	V	指	指	finger; to point at or to; to indicate or refer to; to depend on; to count on; (of hair) to stand on end
L3-0917	3	指出	指出	zhǐ chū	3,1		指出	指出	to indicate; to point out
L3-0918	3	指导	指導	zhǐ dǎo	3,3	V	指导	指導	to guide; to direct; to instruct; coach; trainer
L3-0919	3	至今	至今	zhì jīn	4,1	Adv	至今	至今	so far; to this day; until now
L3-0920	3	至少	至少	zhì shǎo	4,3	Adv	至少	至少	at least; (to say the) least
L3-0921	3	志愿	志願	zhì yuàn	4,4	N	志愿	志願	aspiration; ambition; to volunteer
L3-0922	3	志愿者	志願者	zhì yuàn zhě	4,4,3	N	志愿者	志願者	volunteer
L3-0923	3	制定	制定	zhì dìng	4,4	V	制定	制定	to draw up; to formulate
L3-0924	3	制度	制度	zhì dù	4,4	N	制度	制度	system (e.g. political, adminstrative etc); institution; CL:個|个[ge4]
L3-0925	3	制造	製造	zhì zào	4,4	V	制造	製造	to manufacture; to make
L3-0926	3	制作	製作	zhì zuò	4,4	V	制作	製作	to make; to manufacture
L3-0927	3	中部	中部	zhōng bù	1,4	N	中部	中部	middle part; central section; central region
L3-0928	3	中华民族	中華民族	Zhōng huá mín zú	1,2,2,2		中华民族	中華民族	the Chinese nation; the Chinese people (collective reference to all the ethnic groups in China)
L3-0929	3	终于	終於	zhōng yú	1,2	Adv	终于	終於	at last; in the end; finally; eventually
L3-0930	3	钟	鐘	zhōng	1	N	钟	鐘	a (large) bell (CL:架[jia4]); clock (CL:座[zuo4]); amount of time; o'clock (CL:點|点[dian3],分[fen1],秒[miao3]) (as in 三點鐘|三点钟[san1 dian3 zhong1] "three o'clock" or "three hours" or 五分鐘|五分钟[wu3 fen1 zhong1] "five minutes" etc)
L3-0931	3	种	種	zhǒng	3	M	种	種	seed; species; kind; type; classifier for types, kinds, sorts
L3-0932	3	种子	種子	zhǒng zi	3,5	N	种子	種子	seed; CL:顆|颗[ke1],粒[li4]
L3-0933	3	重大	重大	zhòng dà	4,4	Adj	重大	重大	great; important; major; significant
L3-0934	3	周围	周圍	zhōu wéi	1,2	N	周围	周圍	environs; surroundings; periphery
L3-0935	3	猪	豬	zhū	1	N	猪	豬	hog; pig; swine; CL:口[kou3],頭|头[tou2]
L3-0936	3	主持	主持	zhǔ chí	3,2	V	主持	主持	to take charge of; to manage or direct; to preside over; to uphold; to stand for (justice etc); to host (a TV or radio program etc); (TV) anchor
L3-0937	3	主动	主動	zhǔ dòng	3,4	Adj	主动	主動	to take the initiative; to do sth of one's own accord; spontaneous; active; opposite: passive 被動|被动[bei4 dong4]; drive (of gears and shafts etc)
L3-0938	3	主任	主任	zhǔ rèn	3,4	N	主任	主任	director; head; CL:個|个[ge4]
L3-0939	3	主意	主意	zhǔ yi	3,5	N	主意	主意	plan; idea; decision; CL:個|个[ge4]; Beijing pr. [zhu2 yi5]
L3-0940	3	主张	主張	zhǔ zhāng	3,1	V/N	主张	主張	to advocate; to stand for; view; position; stand; proposition; viewpoint; assertion; CL:個|个[ge4]
L3-0941	3	注意	注意	zhù yì	4,4		注意	注意	to take note of; to pay attention to
L3-0942	3	祝	祝	zhù	4	V	祝	祝	to pray for; to wish (sb bon voyage, happy birthday etc); person who invokes the spirits during sacrificial ceremonies
L3-0943	3	抓	抓	zhuā	1	V	抓	抓	to grab; to catch; to arrest; to snatch; to scratch
L3-0944	3	抓住	抓住	zhuā zhù	1,4		抓住	抓住	to grab hold of; to capture
L3-0945	3	专家	專家	zhuān jiā	1,1	N	专家	專家	expert; specialist
L3-0946	3	专门	專門	zhuān mén	1,2	Adv	专门	專門	specialized; dedicated (to a particular field or purpose); specially; specifically (for a particular purpose); (of institutions, personnel etc) designated or assigned for a specific task; special
L3-0947	3	专题	專題	zhuān tí	1,2	N	专题	專題	specific topic (addressed by a book, lecture, TV program etc); article, report or program etc on a specific topic
L3-0948	3	专业	專業	zhuān yè	1,4	N	专业	專業	specialty; specialized field; main field of study (at university); major; CL:門|门[men2],個|个[ge4]; professional
L3-0949	3	转	轉	zhuǎn	3	V	转	轉	to turn; to change direction; to transfer; to forward (mail); (Internet) to share (sb else's content)
L3-0950	3	转变	轉變	zhuǎn biàn	3,4	V	转变	轉變	to change; to transform; shift; transformation; CL:個|个[ge4]
L3-0951	3	状况	狀況	zhuàng kuàng	4,4	N	状况	狀況	condition; state; situation
L3-0952	3	状态	狀態	zhuàng tài	4,4	N	状态	狀態	condition; state; state of affairs
L3-0953	3	追	追	zhuī	1	V	追	追	to chase; to pursue; to look into; to investigate; to reminisce; to recall; to court (one's beloved); to binge-watch (a TV drama); retroactively; posthumously
L3-0954	3	准	準	zhǔn	3	Adj/Adv	准	準	accurate; standard; definitely; certainly; about to become (bride, son-in-law etc); quasi-; para-
L3-0955	3	资格	資格	zī gé	1,2	N	资格	資格	qualifications; seniority
L3-0956	3	资金	資金	zī jīn	1,1	N	资金	資金	funds; capital
L3-0957	3	子女	子女	zǐ nǚ	3,3	N	子女	子女	children; sons and daughters
L3-0958	3	自从	自從	zì cóng	4,2	Prep	自从	自從	since (a time); ever since
L3-0959	3	自动	自動	zì dòng	4,4	Adj/Adv	自动	自動	automatic; voluntarily
L3-0960	3	自觉	自覺	zì jué	4,2	Adj	自觉	自覺	to realize; to be aware of; to feel that; to be conscious of (sth relating to oneself); responsible; predisposed to do the right thing; considerate of others
L3-0961	3	自然	自然	zì rán	4,2	N/Adj/Adv	自然	自然	nature; natural; naturally
L3-0962	3	自身	自身	zì shēn	4,1	N	自身	自身	itself; oneself; one's own
L3-0963	3	自主	自主	zì zhǔ	4,3	V	自主	自主	to act independently; to be autonomous; to be in control of one's own affairs
L3-0964	3	总	總	zǒng	3	Adv	总	總	(bound form) general; overall; to sum up; in every case; always; invariably; anyway; after all; eventually; sooner or later; surely; (after a person's name) abbr. for 總經理|总经理[zong3 jing1 li3] or 總編|总编[zong3 bian1] etc
L3-0965	3	总结	總結	zǒng jié	3,2	V/N	总结	總結	to sum up; to conclude; summary; résumé; CL:個|个[ge4]
L3-0966	3	总是	總是	zǒng shì	3,4	Adv	总是	總是	always
L3-0967	3	足够	足夠	zú gòu	2,4	V	足够	足夠	enough; sufficient
L3-0968	3	足球	足球	zú qiú	2,2	N	足球	足球	soccer; football; a soccer ball; a football
L3-0969	3	组合	組合	zǔ hé	3,2	V	组合	組合	to assemble; to combine; to compose; combination; association; set; compilation; (math.) combinatorial
L3-0970	3	左右	左右	zuǒ yòu	3,4	N/V	左右	左右	left and right; nearby; approximately; attendant; to control; to influence
L3-0971	3	作品	作品	zuò pǐn	4,3	N	作品	作品	work (of art); opus; CL:部[bu4],篇[pian1]
L3-0972	3	作者	作者	zuò zhě	4,3	N	作者	作者	author; writer
L3-0973	3	做客	做客	zuò kè	4,4		做客	做客	to be a guest or visitor
L4-0001	4	阿姨	阿姨	ā yí	1,2	N	阿姨	阿姨	maternal aunt; step-mother; childcare worker; nursemaid; woman of similar age to one's parents (term of address used by child); CL:個|个[ge4]
L4-0002	4	啊	啊	ā	1	Intj	啊	啊	interjection of surprise; Ah!; Oh!
L4-0003	4	矮	矮	ǎi	3	Adj	矮	矮	(of a person) short; (of a wall etc) low; (of rank) inferior (to); lower (than)
L4-0004	4	矮小	矮小	ǎi xiǎo	3,3	Adj	矮小	矮小	short and small; low and small; undersized
L4-0005	4	爱国	愛國	ài guó	4,2		爱国	愛國	to love one's country; patriotic
L4-0006	4	爱护	愛護	ài hù	4,4	V	爱护	愛護	to cherish; to treasure; to take care of; to love and protect
L4-0007	4	安	安	ān	1	V/Adj	安	安	(bound form) calm; peaceful; to calm; to set at ease; safe; secure; in good health; content; satisfied (as in 安於|安于[an1 yu2]); to place (sb) in a suitable position (job); to install; to fix; to fit; to bring (a charge against sb); to harbor (certain intentions); ampere (abbr. for 安培[an1 pei2])
L4-0008	4	安置	安置	ān zhì	1,4	V	安置	安置	to find a place for; to help settle down; to arrange for; to get into bed; placement
L4-0009	4	按时	按時	àn shí	4,2	Adv	按时	按時	on time; before deadline; on schedule
L4-0010	4	暗	暗	àn	4	Adj	暗	暗	dark; to turn dark; secret; hidden; (literary) confused; ignorant
L4-0011	4	暗示	暗示	àn shì	4,4	V	暗示	暗示	to hint; to suggest; hint; suggestion
L4-0012	4	巴士	巴士	bā shì	1,4	N	巴士	巴士	bus (loanword); motor coach
L4-0013	4	百货	百貨	bǎi huò	3,4	N	百货	百貨	general merchandise
L4-0014	4	摆	擺	bǎi	3	V	摆	擺	to arrange; to exhibit; to move to and fro; a pendulum
L4-0015	4	摆动	擺動	bǎi dòng	3,4	V	摆动	擺動	to sway; to swing; to move back and forth; to oscillate
L4-0016	4	摆脱	擺脫	bǎi tuō	3,1	V	摆脱	擺脫	to break away from; to cast off (old ideas etc); to get rid of; to break away (from); to break out (of); to free oneself from; to extricate oneself
L4-0017	4	败	敗	bài	4	V	败	敗	to defeat; to damage; to lose (to an opponent); to fail; to wither
L4-0018	4	办事	辦事	bàn shì	4,4		办事	辦事	to handle (affairs); to work
L4-0019	4	包裹	包裹	bāo guǒ	1,3	N/V	包裹	包裹	to wrap up; to bind up; bundle; parcel; package; CL:個|个[ge4]
L4-0020	4	包含	包含	bāo hán	1,2	V	包含	包含	to contain; to embody; to include
L4-0021	4	包括	包括	bāo kuò	1,4	V	包括	包括	to comprise; to include; to involve; to incorporate; to consist of
L4-0022	4	薄	薄	báo	2	Adj	薄	薄	thin; cold in manner; indifferent; weak; light; infertile
L4-0023	4	宝	寶	bǎo	3	N	宝	寶	jewel; gem; treasure; precious
L4-0024	4	宝宝	寶寶	bǎo bao	3,5	N	宝宝	寶寶	darling; baby
L4-0025	4	宝贝	寶貝	bǎo bèi	3,4	N	宝贝	寶貝	treasured object; treasure; darling; baby; cowry; good-for-nothing or queer character
L4-0026	4	宝贵	寶貴	bǎo guì	3,4	Adj	宝贵	寶貴	valuable; precious; to value; to treasure; to set store by
L4-0027	4	宝石	寶石	bǎo shí	3,2	N	宝石	寶石	precious stone; gem; CL:枚[mei2],顆|颗[ke1]
L4-0028	4	保密	保密	bǎo mì	3,4		保密	保密	to keep sth confidential; to maintain secrecy
L4-0029	4	保守	保守	bǎo shǒu	3,3	V/Adj	保守	保守	conservative; to guard; to keep
L4-0030	4	抱	抱	bào	4	V	抱	抱	to hold; to carry (in one's arms); to hug; to embrace; to surround; to cherish; (coll.) (of clothes) to fit nicely
L4-0031	4	背景	背景	bèi jǐng	4,3	N	背景	背景	background; backdrop; context; (fig.) powerful backer
L4-0032	4	倍	倍	bèi	4	M	倍	倍	(two, three etc) -fold; times (multiplier); double; to increase or multiply
L4-0033	4	被迫	被迫	bèi pò	4,4	V	被迫	被迫	to be compelled; to be forced
L4-0034	4	本科	本科	běn kē	3,1	N	本科	本科	undergraduate course; undergraduate (attributive)
L4-0035	4	笨	笨	bèn	4	Adj	笨	笨	stupid; foolish; silly; slow-witted; clumsy
L4-0036	4	比分	比分	bǐ fēn	3,1	N	比分	比分	score (of a game or competition)
L4-0037	4	毕业	畢業	bì yè	4,4		毕业	畢業	graduation; to graduate; to finish school
L4-0038	4	毕业生	畢業生	bì yè shēng	4,4,1	N	毕业生	畢業生	graduate
L4-0039	4	避	避	bì	4	V	避	避	to avoid; to shun; to flee; to escape; to keep away from; to leave; to hide from
L4-0040	4	避免	避免	bì miǎn	4,3	V	避免	避免	to avert; to prevent; to avoid; to refrain from
L4-0041	4	编	編	biān	1	V	编	編	to weave; to plait; to organize; to group; to arrange; to edit; to compile; to write; to compose; to fabricate; to make up
L4-0042	4	辩论	辯論	biàn lùn	4,4	V/N	辩论	辯論	debate; argument; to argue over; CL:場|场[chang3],次[ci4]
L4-0043	4	标志	標誌	biāo zhì	1,4	V/N	标志	標誌	sign; mark; symbol; logo; to symbolize; to indicate; to mark
L4-0044	4	表情	表情	biǎo qíng	3,2	N	表情	表情	(facial) expression; to express one's feelings
L4-0045	4	表扬	表揚	biǎo yáng	3,2	V	表扬	表揚	to praise; to commend
L4-0046	4	别	別	bié	2	V	别	別	to leave; to part (from); (literary) to differentiate; to distinguish; (dialect) to turn away; to turn aside; to avert (one's face, gaze etc); (bound form) other; another; different; don't ...!; to fasten with a pin or clip; to stick in; to insert (in order to hinder movement); (noun suffix) category (as in 性別|性别[xing4 bie2], 派別|派别[pai4 bie2])
L4-0047	4	冰	冰	bīng	1	N	冰	冰	ice; CL:塊|块[kuai4]; to chill sth; (of an object or substance) to feel cold; (of a person) cold; unfriendly; (slang) methamphetamine
L4-0048	4	冰箱	冰箱	bīng xiāng	1,1	N	冰箱	冰箱	refrigerator; (old) icebox
L4-0049	4	冰雪	冰雪	bīng xuě	1,3	N/Adj	冰雪	冰雪	ice and snow
L4-0050	4	兵	兵	bīng	1	N	兵	兵	soldiers; a force; an army; weapons; arms; military; warlike; CL:個|个[ge4]
L4-0051	4	并	並	bìng	4	V	并	並	and; furthermore; also; together with; (not) at all; simultaneously; to combine; to join; to merge
L4-0052	4	不要紧	不要緊	bù yào jǐn	4,4,3	Adj	不要紧	不要緊	unimportant; not serious; it doesn't matter; never mind; it looks all right, but
L4-0053	4	不在乎	不在乎	bù zài hu	4,4,5	V	不在乎	不在乎	not to care
L4-0054	4	不管	不管	bù guǎn	4,3	Conj	不管	不管	not to be concerned; regardless of; no matter
L4-0055	4	不然	不然	bù rán	4,2	Conj	不然	不然	not so; no; or else; otherwise; if not; How about ...?
L4-0056	4	布置	佈置	bù zhì	4,4	V	布置	佈置	to arrange; to set up; to lay out; to assign (tasks, homework etc)
L4-0057	4	步行	步行	bù xíng	4,2	V	步行	步行	to go on foot; to walk
L4-0058	4	擦	擦	cā	1	V	擦	擦	to rub; to scratch; to wipe; to polish; to apply (lipstick, lotion etc); to brush (past); to shred (a vegetable etc)
L4-0059	4	才	才	cái	2	N	才	才	ability; talent; sb of a certain type; a capable individual; then and only then; just now; (before an expression of quantity) only; (emphatic, esp. in contrast or correction) really; actually
L4-0060	4	材料	材料	cái liào	2,4	N	材料	材料	(raw) material; data; (fig.) person who has the potential to do the job
L4-0061	4	财产	財產	cái chǎn	2,3	N	财产	財產	property; assets; estate; CL:筆|笔[bi3]
L4-0062	4	财富	財富	cái fù	2,4	N	财富	財富	wealth; riches
L4-0063	4	采访	採訪	cǎi fǎng	3,3	V/N	采访	採訪	to interview; to gather news; to hunt for and collect; to cover
L4-0064	4	参考	參考	cān kǎo	1,3	V	参考	參考	consultation; reference; to consult; to refer
L4-0065	4	参与	參與	cān yù	1,4	V	参与	參與	to participate (in sth)
L4-0066	4	操场	操場	cāo chǎng	1,3	N	操场	操場	playground; sports field; drill ground; CL:個|个[ge4]
L4-0067	4	操作	操作	cāo zuò	1,4	V	操作	操作	to work; to operate; to manipulate
L4-0068	4	测	測	cè	4	V	测	測	to survey; to measure; to conjecture
L4-0069	4	测量	測量	cè liáng	4,2	V	测量	測量	survey; to measure; to gauge; to determine
L4-0070	4	测试	測試	cè shì	4,4	V/N	测试	測試	to test (machinery etc); to test (a person's skill in a particular area); a test; (computing) beta (version of software)
L4-0071	4	曾	曾	céng	2	Adv	曾	曾	once; already; ever (in the past); former; previously; (past tense marker used before verb or clause)
L4-0072	4	茶叶	茶葉	chá yè	2,4	N	茶叶	茶葉	tea; tea leaves; CL:盒[he2],罐[guan4],包[bao1],片[pian4]
L4-0073	4	产品	產品	chǎn pǐn	3,3	N	产品	產品	goods; merchandise; product; CL:個|个[ge4]
L4-0074	4	长途	長途	cháng tú	2,2	Adj/N	长途	長途	long distance; long-distance phone call (abbr. for 長途電話|长途电话[chang2 tu2 dian4 hua4]); long-distance coach (abbr. for 長途汽車|长途汽车[chang2 tu2 qi4 che1])
L4-0075	4	常识	常識	cháng shí	2,2	N	常识	常識	common sense; general knowledge
L4-0076	4	唱片	唱片	chàng piàn	4,4	N	唱片	唱片	gramophone record; LP; music CD; musical album; CL:張|张[zhang1]
L4-0077	4	抄	抄	chāo	1	V	抄	抄	to make a copy; to plagiarize; to search and seize; to raid; to grab; to go off with; to take a shortcut; to make a turning move; to fold one's arms
L4-0078	4	抄写	抄寫	chāo xiě	1,3	V	抄写	抄寫	to copy; to transcribe
L4-0079	4	潮	潮	cháo	2	N/Adj	潮	潮	tide; damp; moist; humid; fashionable; trendy; (coll.) inferior; substandard
L4-0080	4	潮流	潮流	cháo liú	2,2	N	潮流	潮流	tide; current; trend
L4-0081	4	潮湿	潮濕	cháo shī	2,1	Adj	潮湿	潮濕	damp; moist
L4-0082	4	彻底	徹底	chè dǐ	4,3	Adj	彻底	徹底	thorough; thoroughly; complete
L4-0083	4	沉	沉	chén	2	V/Adj	沉	沉	to submerge; to immerse; to sink; to keep down; to lower; to drop; deep; profound; heavy
L4-0084	4	沉默	沉默	chén mò	2,4	Adj/V	沉默	沉默	taciturn; uncommunicative; silent
L4-0085	4	沉重	沉重	chén zhòng	2,4	Adj	沉重	沉重	heavy; hard; serious; critical
L4-0086	4	称赞	稱讚	chēng zàn	1,4	V	称赞	稱讚	to praise; to commend; to compliment
L4-0087	4	成人	成人	chéng rén	2,2	N	成人	成人	to reach adulthood; an adult
L4-0088	4	诚实	誠實	chéng shí	2,2	Adj	诚实	誠實	honest
L4-0089	4	诚信	誠信	chéng xìn	2,4	Adj	诚信	誠信	honesty; trustworthiness; good faith
L4-0090	4	承担	承擔	chéng dān	2,1	V	承担	承擔	to undertake; to assume (responsibility etc)
L4-0091	4	承认	承認	chéng rèn	2,4	V	承认	承認	to admit; to concede; to recognize; recognition (diplomatic, artistic etc); to acknowledge
L4-0092	4	承受	承受	chéng shòu	2,4	V	承受	承受	to bear; to support; to inherit
L4-0093	4	程序	程序	chéng xù	2,4	N	程序	程序	procedures; sequence; order; computer program
L4-0094	4	吃惊	吃驚	chī jīng	1,1		吃惊	吃驚	to be startled; to be shocked; to be amazed
L4-0095	4	迟到	遲到	chí dào	2,4	V	迟到	遲到	to arrive late
L4-0096	4	尺	尺	chǐ	3	N/M	尺	尺	a Chinese foot; one-third of a meter; a ruler; a tape-measure; one of the three acupoints for measuring pulse in Chinese medicine; CL:支[zhi1],把[ba3]
L4-0097	4	尺寸	尺寸	chǐ cun	3,5	N	尺寸	尺寸	size; dimensions; measurements (esp. of clothes); (coll.) propriety
L4-0098	4	尺子	尺子	chǐ zi	3,5	N	尺子	尺子	ruler (measuring instrument); CL:把[ba3]
L4-0099	4	冲	衝	chōng	1	V	冲	衝|沖	(of water) to dash against; to mix with water; to infuse; to rinse; to flush; to develop (a film); to rise in the air; to clash; to collide with
L4-0100	4	充电	充電	chōng diàn	1,4		充电	充電	to recharge (a battery); (fig.) to recharge one's batteries (through leisure); to update one's skills and knowledge
L4-0101	4	充电器	充電器	chōng diàn qì	1,4,4	N	充电器	充電器	battery charger
L4-0102	4	充分	充分	chōng fèn	1,4	Adj	充分	充分	ample; sufficient; adequate; full; fully; to the full
L4-0103	4	虫子	蟲子	chóng zi	2,5	N	虫子	蟲子	insect; bug; worm; CL:條|条[tiao2],隻|只[zhi1]
L4-0104	4	抽	抽	chōu	1	V	抽	抽	to draw out; to pull out from in between; to remove part of the whole; to inhale (esp. smoke); (of fabric etc) to shrink; (of certain plants) to sprout; to bud; to whip; to thrash; classifier for sheets (of tissues, wet wipes etc)
L4-0105	4	抽奖	抽獎	chōu jiǎng	1,3		抽奖	抽獎	to draw a prize; a lottery; a raffle
L4-0106	4	抽烟	抽煙	chōu yān	1,1	V	抽烟	抽煙	variant of 抽菸|抽烟[chou1 yan1]
L4-0107	4	出口	出口	chū kǒu	1,3		出口	出口	an exit; CL:個|个[ge4]; to speak; to export; (of a ship) to leave port
L4-0108	4	出色	出色	chū sè	1,4	Adj	出色	出色	remarkable; outstanding
L4-0109	4	出售	出售	chū shòu	1,4	V	出售	出售	to sell; to offer for sale; to put on the market
L4-0110	4	出席	出席	chū xí	1,2	V	出席	出席	to attend; to participate; present
L4-0111	4	处于	處於	chǔ yú	3,2	V	处于	處於	to be in (some state, position, or condition)
L4-0112	4	处	處	chù	4	N	处	處	(bound form) place; locality; (bound form) part; aspect; (bound form) office; department; bureau; classifier for locations: spot, point
L4-0113	4	穿上	穿上	chuān shang	1,5		穿上	穿上	to put on (clothes etc)
L4-0114	4	传统	傳統	chuán tǒng	2,3	N/Adj	传统	傳統	tradition; traditional
L4-0115	4	窗户	窗戶	chuāng hu	1,5	N	窗户	窗戶	window; CL:個|个[ge4],扇[shan4]
L4-0116	4	窗台	窗臺	chuāng tái	1,2	N	窗台	窗臺	windowsill; window ledge
L4-0117	4	窗子	窗子	chuāng zi	1,5	N	窗子	窗子	window
L4-0118	4	春季	春季	chūn jì	1,4	N	春季	春季	springtime
L4-0119	4	纯	純	chún	2	Adj	纯	純	pure; simple; unmixed; genuine
L4-0120	4	纯净水	純淨水	chún jìng shuǐ	2,4,3	N	纯净水	純淨水	purified water
L4-0121	4	词汇	詞彙	cí huì	2,4	N	词汇	詞彙	vocabulary; list of words (e.g. for language teaching purposes); word
L4-0122	4	此	此	cǐ	3	Pron	此	此	this; these
L4-0123	4	此外	此外	cǐ wài	3,4	Conj	此外	此外	besides; in addition; moreover; furthermore
L4-0124	4	次	次	cì	4	Adj	次	次	next in sequence; second; the second (day, time etc); secondary; vice-; sub-; infra-; inferior quality; substandard; order; sequence; hypo- (chemistry); classifier for enumerated events: time
L4-0125	4	刺	刺	cì	4	V/N	刺	刺	thorn; sting; thrust; to prick; to pierce; to stab; to assassinate; to murder
L4-0126	4	刺激	刺激	cì jī	4,1	V/N	刺激	刺激	to provoke; to irritate; to upset; to stimulate; to excite; irritant
L4-0127	4	从此	從此	cóng cǐ	2,3	Adv	从此	從此	from now on; since then; henceforth
L4-0128	4	粗	粗	cū	1	Adj	粗	粗	(of sth long) wide; thick; (of sth granular) coarse; (of a voice) gruff; (of sb's manner etc) rough; crude; careless; rude
L4-0129	4	粗心	粗心	cū xīn	1,1	Adj	粗心	粗心	careless; thoughtless
L4-0130	4	促进	促進	cù jìn	4,4	V	促进	促進	to promote (an idea or cause); to advance; boost
L4-0131	4	促使	促使	cù shǐ	4,3	V	促使	促使	to prompt; to induce; to spur
L4-0132	4	促销	促銷	cù xiāo	4,1	V	促销	促銷	to promote sales
L4-0133	4	措施	措施	cuò shī	4,1	N	措施	措施	measure; step; CL:個|个[ge4]
L4-0134	4	打	打	dá	2	M	打	打	(loanword) dozen; Taiwan pr. [da3]
L4-0135	4	答案	答案	dá àn	2,4	N	答案	答案	answer; solution; CL:個|个[ge4]
L4-0136	4	打败	打敗	dǎ bài	3,4	V	打败	打敗	to defeat; to overpower; to beat; to be defeated
L4-0137	4	打雷	打雷	dǎ léi	3,2		打雷	打雷	to rumble with thunder; clap of thunder
L4-0138	4	打扫	打掃	dǎ sǎo	3,3	V	打扫	打掃	to clean; to sweep
L4-0139	4	打折	打折	dǎ zhé	3,2		打折	打折	to give a discount
L4-0140	4	打针	打針	dǎ zhēn	3,1		打针	打針	to give or get an injection
L4-0141	4	大巴	大巴	dà bā	4,1	N	大巴	大巴	(coll.) large bus; coach; (abbr. for 大型巴士)
L4-0142	4	大多	大多	dà duō	4,1	Adv	大多	大多	for the most part; many; most; the greater part; mostly
L4-0143	4	大方	大方	dà fang	4,5	Adj	大方	大方	generous; magnanimous; stylish; in good taste; easy-mannered; natural and relaxed
L4-0144	4	大哥	大哥	dà gē	4,1	N	大哥	大哥	eldest brother; big brother (polite address for a man of about the same age as oneself); gang leader; boss
L4-0145	4	大规模	大規模	dà guī mó	4,1,2		大规模	大規模	large scale; extensive; wide scale; broad scale
L4-0146	4	大会	大會	dà huì	4,4	N	大会	大會	general assembly; general meeting; convention; CL:個|个[ge4],屆|届[jie4]
L4-0147	4	大姐	大姐	dà jiě	4,3	N	大姐	大姐	big sister; elder sister; older sister (also polite term of address for a girl or woman slightly older than the speaker)
L4-0148	4	大楼	大樓	dà lóu	4,2		大楼	大樓	building (a relatively large, multistory one); CL:幢[zhuang4],座[zuo4]
L4-0149	4	大陆	大陸	dà lù	4,4	N	大陆	大陸	continent; mainland; CL:塊|块[kuai4]
L4-0150	4	大妈	大媽	dà mā	4,1	N	大妈	大媽	father's elder brother's wife; aunt (affectionate term for an elderly woman)
L4-0151	4	大型	大型	dà xíng	4,2	Adj	大型	大型	large; large-scale
L4-0152	4	大爷	大爺	dà ye	4,5	N	大爷	大爺	(coll.) father's older brother; uncle; term of respect for older man
L4-0153	4	大众	大眾	dà zhòng	4,4	N	大众	大眾	the masses; the great bulk of the population; popular (of music, science etc)
L4-0154	4	代替	代替	dài tì	4,4	V	代替	代替	to replace; to take the place of
L4-0155	4	待遇	待遇	dài yù	4,4	N	待遇	待遇	treatment; pay; salary; status; rank
L4-0156	4	袋	袋	dài	4	N/M	袋	袋	pouch; bag; sack; pocket
L4-0157	4	戴	戴	dài	4	V	戴	戴	to put on or wear (glasses, hat, gloves etc); to respect; to bear; to support
L4-0158	4	担保	擔保	dān bǎo	1,3	V/N	担保	擔保	to guarantee; to vouch for
L4-0159	4	担任	擔任	dān rèn	1,4	V	担任	擔任	to hold a governmental office or post; to assume office of; to take charge of; to serve as
L4-0160	4	担心	擔心	dān xīn	1,1		担心	擔心	anxious; worried; uneasy; to worry; to be anxious
L4-0161	4	单	單	dān	1	Adj/Adv	单	單	bill; list; form; single; only; sole; odd number; CL:個|个[ge4]
L4-0162	4	单纯	單純	dān chún	1,2	Adj	单纯	單純	simple; pure; unsophisticated; merely; purely
L4-0163	4	单调	單調	dān diào	1,4	Adj	单调	單調	monotonous
L4-0164	4	单独	單獨	dān dú	1,2	Adv	单独	單獨	alone; by oneself; on one's own
L4-0165	4	淡	淡	dàn	4	Adj	淡	淡	insipid; diluted; weak; mild; light in color; tasteless; indifferent; (variant of 氮[dan4]) nitrogen
L4-0166	4	导游	導遊	dǎo yóu	3,2	V/N	导游	導遊	tour guide; guidebook; to conduct a tour
L4-0167	4	导致	導致	dǎo zhì	3,4	V	导致	導致	to lead to; to create; to cause; to bring about
L4-0168	4	倒闭	倒閉	dǎo bì	3,4	V	倒闭	倒閉	to go bankrupt; to close down
L4-0169	4	倒车	倒車	dǎo chē	3,1		倒车	倒車	to change buses, trains etc
L4-0170	4	倒车	倒車	dào chē	4,1		倒车	倒車	to reverse (a vehicle); to drive backwards
L4-0171	4	得意	得意	dé yì	2,4	Adj	得意	得意	proud of oneself; pleased with oneself; complacent
L4-0172	4	得	得	děi	3	V	得	得	to have to; must; ought to; to need to
L4-0173	4	灯光	燈光	dēng guāng	1,1	N	灯光	燈光	(stage) lighting; light
L4-0174	4	登	登	dēng	1	V	登	登	to scale (a height); to ascend; to mount; to publish or record; to enter (e.g. in a register); to press down with the foot; to step or tread on; to put on (shoes or trousers) (dialect); to be gathered and taken to the threshing ground (old)
L4-0175	4	登记	登記	dēng jì	1,4		登记	登記	to register (one's name)
L4-0176	4	登录	登錄	dēng lù	1,4	V	登录	登錄	to register; to log in
L4-0177	4	登山	登山	dēng shān	1,1		登山	登山	to climb a mountain; climbing; mountaineering
L4-0178	4	的确	的確	dí què	2,4	Adv	的确	的確	really; indeed
L4-0179	4	敌人	敵人	dí rén	2,2	N	敌人	敵人	enemy; CL:個|个[ge4]
L4-0180	4	底	底	dǐ	3	N	底	底	bottom; base; background; foundation; copy (of a manuscript or receipt etc) kept as a record; (suffix) end of a year or month; (math.) radix; base (abbr. for 底數|底数[di3 shu4])
L4-0181	4	地方	地方	dì fāng	4,1	N	地方	地方	region; regional (away from the central administration); local
L4-0182	4	地面	地面	dì miàn	4,4	N	地面	地面	floor; ground; surface
L4-0183	4	地位	地位	dì wèi	4,4	N	地位	地位	position; status; place; CL:個|个[ge4]
L4-0184	4	地下	地下	dì xià	4,4	N	地下	地下	underground; subterranean; covert
L4-0185	4	地址	地址	dì zhǐ	4,3	N	地址	地址	address; CL:個|个[ge4]
L4-0186	4	典型	典型	diǎn xíng	3,2	N/Adj	典型	典型	model; typical case; archetype; typical; representative
L4-0187	4	点名	點名	diǎn míng	3,2		点名	點名	roll call; to mention sb by name; (to call or praise or criticize sb) by name
L4-0188	4	电灯	電燈	diàn dēng	4,1	N	电灯	電燈	electric light; CL:盞|盏[zhan3]
L4-0189	4	电动车	電動車	diàn dòng chē	4,4,1	N	电动车	電動車	electric vehicle (commonly refers to e-bikes, scooters or electric cars)
L4-0190	4	电梯	電梯	diàn tī	4,1	N	电梯	電梯	elevator; escalator; CL:臺|台[tai2],部[bu4]
L4-0191	4	电源	電源	diàn yuán	4,2	N	电源	電源	electric power source
L4-0192	4	顶	頂	dǐng	3	N/V/M	顶	頂	apex; crown of the head; top; roof; most; to carry on the head; to push to the top; to go against; to replace; to substitute; to be subjected to (an aerial bombing, hailstorm etc); (slang) to "bump" a forum thread to raise its profile; classifier for headwear, hats, veils etc
L4-0193	4	定	定	dìng	4	V	定	定	to fix; to set; to make definite; to subscribe to (a newspaper etc); to book (tickets etc); to order (goods etc); to congeal; to coagulate; (literary) definitely
L4-0194	4	冬季	冬季	dōng jì	1,4	N	冬季	冬季	winter
L4-0195	4	动画片	動畫片	dòng huà piàn	4,4,4	N	动画片	動畫片	animated film
L4-0196	4	动摇	動搖	dòng yáo	4,2	V	动摇	動搖	to sway; to waver; to rock; to rattle; to destabilize; to pose a challenge to
L4-0197	4	豆腐	豆腐	dòu fu	4,5	N	豆腐	豆腐	tofu; bean curd
L4-0198	4	独立	獨立	dú lì	2,4	V	独立	獨立	independent; independence; to stand alone
L4-0199	4	独特	獨特	dú tè	2,4	Adj	独特	獨特	unique; distinctive
L4-0200	4	独自	獨自	dú zì	2,4	Adv	独自	獨自	alone
L4-0201	4	堵	堵	dǔ	3	V	堵	堵	to block up (a road, pipe etc); to stop up (a hole); (fig.) (of a person) choked up with anxiety or stress; wall (literary); (classifier for walls)
L4-0202	4	堵车	堵車	dǔ chē	3,1		堵车	堵車	traffic jam; (of traffic) to get congested
L4-0203	4	肚子	肚子	dù zi	4,5	N	肚子	肚子	belly; abdomen; stomach; CL:個|个[ge4]
L4-0204	4	度过	度過	dù guò	4,4	V	度过	度過	to pass; to spend (time); to survive; to get through
L4-0205	4	锻炼	鍛鍊	duàn liàn	4,4	V	锻炼	鍛鍊	to toughen; to temper; to engage in physical exercise; to work out; (fig.) to develop one's skills; to train oneself
L4-0206	4	对比	對比	duì bǐ	4,3	V/N	对比	對比	to contrast; contrast; ratio; CL:個|个[ge4]
L4-0207	4	对付	對付	duì fu	4,5	V	对付	對付	to handle; to deal with; to tackle; to get by with; to make do; (dialect) (usu. used in the negative) to get along with (sb)
L4-0208	4	对于	對於	duì yú	4,2	Prep	对于	對於	regarding; as far as (sth) is concerned; with regard to
L4-0209	4	多次	多次	duō cì	1,4		多次	多次	many times; repeatedly
L4-0210	4	多年	多年	duō nián	1,2		多年	多年	many years; for many years; longstanding
L4-0211	4	多样	多樣	duō yàng	1,4	Adj	多样	多樣	diverse; diversity; manifold
L4-0212	4	多种	多種	duō zhǒng	1,3		多种	多種	many kinds of; multiple; diverse; multi-
L4-0213	4	恶心	噁心	ě xīn	3,1	Adj/V	恶心	噁心	variant of 惡心|恶心[e3 xin1]
L4-0214	4	儿童	兒童	ér tóng	2,2	N	儿童	兒童	child
L4-0215	4	而	而	ér	2	Conj	而	而	and; as well as; and so; but (not); yet (not); (indicates causal relation); (indicates change of state); (indicates contrast)
L4-0216	4	而是	而是	ér shì	2,4		而是	而是	rather
L4-0217	4	耳机	耳機	ěr jī	3,1	N	耳机	耳機	headphones; earphones; telephone receiver
L4-0218	4	二手	二手	èr shǒu	4,3	Adj	二手	二手	indirectly acquired; second-hand (information, equipment etc); assistant
L4-0219	4	发挥	發揮	fā huī	1,1	V	发挥	發揮	to display; to exhibit; to bring out implicit or innate qualities; to express (a thought or moral); to develop (an idea); to elaborate (on a theme)
L4-0220	4	发票	發票	fā piào	1,4	N	发票	發票	invoice; receipt; bill; uniform invoice (abbr. for 統一發票|统一发票[tong3 yi1 fa1 piao4])
L4-0221	4	发烧	發燒	fā shāo	1,1		发烧	發燒	to have a high temperature (from illness); to have a fever; (fig.) to be fascinated with; to obsess over; (fig.) flourishing; thriving; popular
L4-0222	4	法	法	fǎ	3	N	法	法	law; method; way; to emulate; (Buddhism) dharma; (abbr. for 法家[Fa3 jia1]) the Legalists; (physics) farad (abbr. for 法拉[fa3 la1])
L4-0223	4	法官	法官	fǎ guān	3,1	N	法官	法官	judge (in court)
L4-0224	4	法律	法律	fǎ lǜ	3,4	N	法律	法律	law; CL:條|条[tiao2], 套[tao4], 個|个[ge4]
L4-0225	4	法院	法院	fǎ yuàn	3,4	N	法院	法院	court of law; court
L4-0226	4	翻	翻	fān	1	V	翻	翻	to turn over; to flip over; to overturn; to rummage through; to translate; to decode; to double; to climb over or into; to cross
L4-0227	4	翻译	翻譯	fān yì	1,4	V/N	翻译	翻譯	to translate; to interpret; translator; interpreter; translation; interpretation; CL:個|个[ge4],位[wei4],名[ming2]
L4-0228	4	烦	煩	fán	2	Adj/V	烦	煩	to feel vexed; to bother; to trouble; superfluous and confusing; edgy
L4-0229	4	反	反	fǎn	3	Adj/V/Adv	反	反	contrary; in reverse; inside out or upside down; to reverse; to return; to oppose; opposite; against; anti-; to rebel; to use analogy; instead; abbr. for 反切[fan3 qie4] phonetic system
L4-0230	4	反而	反而	fǎn ér	3,2	Adv	反而	反而	on the contrary; instead
L4-0231	4	反映	反映	fǎn yìng	3,4	V/N	反映	反映	to mirror; to reflect; mirror image; reflection; (fig.) to report; to make known; to render
L4-0232	4	方	方	fāng	1	Adj/N	方	方	square; power or involution (math.); upright; honest; fair and square; direction; side; party (to a contract, dispute etc); place; method; prescription (medicine); just when; only or just; classifier for square things; abbr. for square or cubic meter
L4-0233	4	方案	方案	fāng àn	1,4	N	方案	方案	plan; program (for action etc); proposal; proposed bill; CL:個|个[ge4],套[tao4]
L4-0234	4	方针	方針	fāng zhēn	1,1	N	方针	方針	policy; guidelines; CL:個|个[ge4]
L4-0235	4	放松	放鬆	fàng sōng	4,1	V	放松	放鬆	to relax; to slacken; to loosen
L4-0236	4	非	非	fēi	1	Adv	非	非	to not be; not; wrong; incorrect; non-; un-; in-; de-; to reproach; to blame; (coll.) to insist on; simply must
L4-0237	4	肥	肥	féi	2	Adj	肥	肥	fat; fertile; loose-fitting or large; to fertilize; to become rich by illegal means; fertilizer; manure
L4-0238	4	分布	分佈	fēn bù	1,4	V	分布	分佈	to scatter; to distribute; to be distributed (over an area etc); (statistical, geographic) distribution
L4-0239	4	分散	分散	fēn sàn	1,4	V/Adj	分散	分散	to scatter; to disperse; to distribute
L4-0240	4	分手	分手	fēn shǒu	1,3		分手	分手	to part company; to split up; to break up
L4-0241	4	分为	分為	fēn wéi	1,2		分为	分為	to divide sth into (parts); to subdivide
L4-0242	4	分之	分之	fēn zhī	1,1		…分之…	…分之…	(indicating a fraction)
L4-0243	4	纷纷	紛紛	fēn fēn	1,1	Adv	纷纷	紛紛	one after another; in succession; one by one; continuously; diverse; in profusion; numerous and confused; pell-mell
L4-0244	4	奋斗	奮鬥	fèn dòu	4,4	V	奋斗	奮鬥	to strive; to struggle
L4-0245	4	风格	風格	fēng gé	1,2	N	风格	風格	style
L4-0246	4	风景	風景	fēng jǐng	1,3	N	风景	風景	scenery; landscape
L4-0247	4	风俗	風俗	fēng sú	1,2	N	风俗	風俗	social custom; CL:個|个[ge4]
L4-0248	4	封闭	封閉	fēng bì	1,4	V/Adj	封闭	封閉	to close; to seal off; to close down (an illegal venue); closed (i.e. isolated from outside input)
L4-0249	4	否则	否則	fǒu zé	3,2	Conj	否则	否則	otherwise; if not; or (else)
L4-0250	4	夫妇	夫婦	fū fù	1,4	N	夫妇	夫婦	a (married) couple; husband and wife; CL:對|对[dui4]
L4-0251	4	夫妻	夫妻	fū qī	1,1	N	夫妻	夫妻	husband and wife; married couple
L4-0252	4	夫人	夫人	fū ren	1,5	N	夫人	夫人	lady; madam; Mrs.; CL:位[wei4]
L4-0253	4	符号	符號	fú hào	2,4	N	符号	符號	symbol; mark; sign
L4-0254	4	符合	符合	fú hé	2,2	V	符合	符合	in accordance with; to agree with; to conform to; to meet (a requirement); (physics) coincidence
L4-0255	4	付出	付出	fù chū	4,1	V	付出	付出	to pay; to expend; to invest (energy or time)
L4-0256	4	负担	負擔	fù dān	4,1	V/N	负担	負擔	to bear (an expense, a responsibility etc); burden
L4-0257	4	附近	附近	fù jìn	4,4	N	附近	附近	nearby; neighboring; (in the) vicinity (of); neighborhood
L4-0258	4	复制	複製	fù zhì	4,4	V	复制	複製	to duplicate; to make a copy of; to copy; to reproduce; to clone
L4-0259	4	改善	改善	gǎi shàn	3,4	V	改善	改善	to make better; to improve
L4-0260	4	改正	改正	gǎi zhèng	3,4	V	改正	改正	to correct; to amend; to put right; correction; CL:個|个[ge4]
L4-0261	4	盖	蓋	gài	4	V	盖	蓋	lid; top; cover; canopy; to cover; to conceal; to build
L4-0262	4	概括	概括	gài kuò	4,4	V/Adj	概括	概括	to summarize; to generalize; briefly; in broad outline
L4-0263	4	感兴趣	感興趣	gǎn xìng qù	3,4,4		感兴趣	感興趣	to be interested (in sth)
L4-0264	4	高潮	高潮	gāo cháo	1,2	N	高潮	高潮	high tide; high water; upsurge; peak of activity; climax (of a story, a competition etc); to have an orgasm
L4-0265	4	高价	高價	gāo jià	1,4	N	高价	高價	high price
L4-0266	4	高尚	高尚	gāo shàng	1,4	Adj	高尚	高尚	noble; lofty; refined; exquisite
L4-0267	4	高铁	高鐵	gāo tiě	1,3	N	高铁	高鐵	high speed rail
L4-0268	4	格外	格外	gé wài	2,4	Adv	格外	格外	especially; particularly; even more than usual; extra; additional
L4-0269	4	隔	隔	gé	2	V	隔	隔	to separate; to partition; to stand or lie between; at a distance from; after or at an interval of
L4-0270	4	隔开	隔開	gé kāi	2,1	V	隔开	隔開	to separate
L4-0271	4	个别	個別	gè bié	4,2	Adj	个别	個別	individually; one by one; just one or two; exceptional; rare
L4-0272	4	个体	個體	gè tǐ	4,3	N	个体	個體	an individual; self-employed individual; small business operator (abbr. for 個體戶|个体户[ge4 ti3 hu4])
L4-0273	4	各个	各個	gè gè	4,4	Pron/Adv	各个	各個	every; various; separately, one by one
L4-0274	4	根	根	gēn	1	M/N	根	根	root; basis; classifier for long slender objects, e.g. cigarettes, guitar strings; CL:條|条[tiao2]; radical (chemistry)
L4-0275	4	根据	根據	gēn jù	1,4	V/Prep/N	根据	根據	according to; based on; basis; foundation; CL:個|个[ge4]
L4-0276	4	工程	工程	gōng chéng	1,2	N	工程	工程	engineering; an engineering project; project; undertaking; CL:個|个[ge4],項|项[xiang4]
L4-0277	4	公元	公元	gōng yuán	1,2	N	公元	公元	CE (Common Era); Christian Era; AD (Anno Domini)
L4-0278	4	供应	供應	gōng yìng	1,4	V	供应	供應	to supply; to provide (goods, services etc)
L4-0279	4	共	共	gòng	4	Adv	共	共	common; general; to share; together; total; altogether; abbr. for 共產黨|共产党[Gong4 chan3 dang3], Communist party
L4-0280	4	构成	構成	gòu chéng	4,2	V	构成	構成	to constitute; to form; to compose; to make up; to configure (computing)
L4-0281	4	构造	構造	gòu zào	4,4	N	构造	構造	structure; composition; tectonic (geology); CL:個|个[ge4]
L4-0282	4	购买	購買	gòu mǎi	4,3	V	购买	購買	to purchase; to buy
L4-0283	4	购物	購物	gòu wù	4,4	V	购物	購物	shopping
L4-0284	4	骨头	骨頭	gǔ tou	3,5	N	骨头	骨頭	bone; CL:根[gen1],塊|块[kuai4]; moral character; bitterness; Taiwan pr. [gu2 tou5]
L4-0285	4	固定	固定	gù dìng	4,4	Adj/V	固定	固定	to fix; to fasten; to set rigidly in place; fixed; set; regular
L4-0286	4	瓜	瓜	guā	1	N	瓜	瓜	melon; gourd; squash; (slang) a piece of gossip
L4-0287	4	怪	怪	guài	4	Adj/Adv	怪	怪	odd; strange; uncanny; (bound form) monster; supernatural being; to find strange; to regard as odd; to blame; (coll.) somewhat; rather
L4-0288	4	关	關	guān	1	N	关	關	mountain pass; to close; to shut; to turn off; to confine; to lock (sb) up; to shut (sb in a room, a bird in a cage etc); to concern; to involve
L4-0289	4	关闭	關閉	guān bì	1,4	V	关闭	關閉	to close; to shut (a window etc); (of a shop, school etc) to shut down
L4-0290	4	关于	關於	guān yú	1,2	Prep	关于	關於	pertaining to; concerning; with regard to; about; a matter of
L4-0291	4	官	官	guān	1	N	官	官	government official; governmental; official; public; organ of the body; CL:個|个[ge4]
L4-0292	4	官方	官方	guān fāng	1,1	N	官方	官方	government; official (approved or issued by an authority)
L4-0293	4	光临	光臨	guāng lín	1,2	V	光临	光臨	(formal) to honor with one's presence; to attend
L4-0294	4	光盘	光盤	guāng pán	1,2	N	光盘	光盤	compact disc (CD); DVD; CD-ROM; CL:片[pian4],張|张[zhang1]
L4-0295	4	逛	逛	guàng	4	V	逛	逛	to stroll; to visit
L4-0296	4	归	歸	guī	1	V	归	歸	to return; to go back to; to give back to; (of a responsibility) to be taken care of by; to belong to; to gather together; (used between two identical verbs) despite; to marry (of a woman) (old); division on the abacus with a one-digit divisor
L4-0297	4	规律	規律	guī lǜ	1,4	N	规律	規律	rule (e.g. of science); law of behavior; regular pattern; rhythm; discipline
L4-0298	4	规模	規模	guī mó	1,2	N	规模	規模	scale; scope; extent
L4-0299	4	规则	規則	guī zé	1,2	N/Adj	规则	規則	rule; regulation; regular; orderly; fixed
L4-0300	4	果实	果實	guǒ shí	3,2	N	果实	果實	fruit (produced by a plant); (fig.) fruits (of success etc); results; gains
L4-0301	4	过分	過分	guò fèn	4,4		过分	過分	excessive; undue; unduly; overly
L4-0302	4	海水	海水	hǎi shuǐ	3,3	N	海水	海水	seawater
L4-0303	4	海鲜	海鮮	hǎi xiān	3,1	N	海鲜	海鮮	seafood
L4-0304	4	含	含	hán	2	V	含	含	to keep in the mouth; to contain
L4-0305	4	含量	含量	hán liàng	2,4	N	含量	含量	content; quantity contained
L4-0306	4	含义	含義	hán yì	2,4	N	含义	含義	meaning (implicit in a phrase); implied meaning; hidden meaning; hint; connotation
L4-0307	4	含有	含有	hán yǒu	2,3	V	含有	含有	to contain; including
L4-0308	4	寒假	寒假	hán jià	2,4	N	寒假	寒假	winter vacation
L4-0309	4	寒冷	寒冷	hán lěng	2,3	Adj	寒冷	寒冷	cold (climate); frigid; very cold
L4-0310	4	行业	行業	háng yè	2,4	N	行业	行業	trade; profession; industry; business
L4-0311	4	航班	航班	háng bān	2,1	N	航班	航班	(scheduled) flight; (scheduled) sailing
L4-0312	4	航空	航空	háng kōng	2,1	V	航空	航空	aviation
L4-0313	4	毫米	毫米	háo mǐ	2,3	M	毫米	毫米	millimeter
L4-0314	4	毫升	毫升	háo shēng	2,1	M	毫升	毫升	milliliter
L4-0315	4	好友	好友	hǎo yǒu	3,3	N	好友	好友	close friend; pal; (social networking website) friend; CL:個|个[ge4]
L4-0316	4	号码	號碼	hào mǎ	4,3	N	号码	號碼	number; CL:堆[dui1],個|个[ge4]
L4-0317	4	好	好	hào	4	V	好	好	to be fond of; to have a tendency to; to be prone to
L4-0318	4	合同	合同	hé tong	2,5	N	合同	合同	contract; agreement; CL:份[fen4]
L4-0319	4	黑暗	黑暗	hēi àn	1,4	Adj	黑暗	黑暗	dark; darkly; darkness
L4-0320	4	红包	紅包	hóng bāo	2,1	N	红包	紅包	money wrapped in red as a gift; bonus payment; kickback; bribe
L4-0321	4	后头	後頭	hòu tou	4,5	N	后头	後頭	behind; the back; the rear; later; afterwards; (in) the future
L4-0322	4	厚	厚	hòu	4	Adj	厚	厚	thick; deep or profound; kind; generous; rich or strong in flavor; to favor; to stress
L4-0323	4	呼吸	呼吸	hū xī	1,1	V	呼吸	呼吸	to breathe
L4-0324	4	忽视	忽視	hū shì	1,4	V	忽视	忽視	to neglect; to overlook; to disregard; to ignore
L4-0325	4	户	戶	hù	4	M	户	戶	a household; door; family
L4-0326	4	护士	護士	hù shi	4,5	N	护士	護士	nurse
L4-0327	4	花	花	huā	1	Adj	花	花	flower; blossom; CL:朵[duo3],支[zhi1],束[shu4],把[ba3],盆[pen2],簇[cu4]; fancy pattern; florid; to spend (money, time); (coll.) lecherous; lustful
L4-0328	4	划	划	huá	2	V	划	划|劃	to row; to paddle; profitable; worth (the effort); it pays (to do sth)
L4-0329	4	划	劃	huà	4	V	划	劃	to delimit; to transfer; to assign; to plan; to draw (a line); stroke of a Chinese character
L4-0330	4	怀念	懷念	huái niàn	2,4	V	怀念	懷念	to cherish the memory of; to think of; to reminisce
L4-0331	4	怀疑	懷疑	huái yí	2,2	V	怀疑	懷疑	to doubt (sth); to be skeptical of; to have one's doubts; to harbor suspicions; to suspect that
L4-0332	4	缓解	緩解	huǎn jiě	3,3	V	缓解	緩解	to bring relief; to alleviate (a crisis); to dull (a pain)
L4-0333	4	黄瓜	黃瓜	huáng guā	2,1	N	黄瓜	黃瓜	cucumber; CL:條|条[tiao2]
L4-0334	4	黄金	黃金	huáng jīn	2,1	N	黄金	黃金	gold; golden (opportunity); prime (time)
L4-0335	4	回复	回復	huí fù	2,4	V	回复	回復	to recover; to revert; to return to (good health, normal condition etc); variant of 回覆[hui2 fu4]
L4-0336	4	汇	匯	huì	4	V	汇	匯	to remit; to converge (of rivers); to exchange
L4-0337	4	汇报	匯報	huì bào	4,4	V/N	汇报	匯報|彙報	to report; to give an account of; to collect information and report back
L4-0338	4	汇率	匯率	huì lǜ	4,4	N	汇率	匯率	exchange rate
L4-0339	4	婚礼	婚禮	hūn lǐ	1,3	N	婚礼	婚禮	wedding ceremony; wedding; CL:場|场[chang3]
L4-0340	4	火	火	huǒ	3	Adj	火	火	fire; urgent; ammunition; fiery or flaming; internal heat (Chinese medicine); hot (popular); classifier for military units (old); Kangxi radical 86
L4-0341	4	伙	夥	huǒ	3	M	伙	夥	companion; partner; group; classifier for groups of people; to combine; together
L4-0342	4	伙伴	伙伴	huǒ bàn	3,4	N	伙伴	伙伴	variant of 夥伴|伙伴[huo3 ban4]
L4-0343	4	或许	或許	huò xǔ	4,3	Adv	或许	或許	perhaps; maybe
L4-0344	4	货	貨	huò	4	N	货	貨	goods; money; commodity; CL:個|个[ge4]
L4-0345	4	获	獲	huò	4	V	获	獲	(literary) to catch; to capture; (literary) to get; to obtain; to win
L4-0346	4	获得	獲得	huò dé	4,2	V	获得	獲得	to obtain; to receive; to get
L4-0347	4	获奖	獲獎	huò jiǎng	4,3	V	获奖	獲獎	to win an award
L4-0348	4	获取	獲取	huò qǔ	4,3	V	获取	獲取	to gain; to get; to acquire
L4-0349	4	几乎	幾乎	jī hū	1,1	Adv	几乎	幾乎	almost; nearly; practically
L4-0350	4	机构	機構	jī gòu	1,4	N	机构	機構	mechanism; structure; organization; agency; institution; CL:所[suo3]
L4-0351	4	机遇	機遇	jī yù	1,4	N	机遇	機遇	opportunity; favorable turn of events; stroke of luck
L4-0352	4	积累	積累	jī lěi	1,3	V	积累	積累	to accumulate; accumulation; cumulative; cumulatively
L4-0353	4	激动	激動	jī dòng	1,4	Adj/V	激动	激動	to move emotionally; to stir up (emotions); to excite
L4-0354	4	激烈	激烈	jī liè	1,4	Adj	激烈	激烈	(of competition or fighting) intense; fierce; (of pain) acute; (of an expression of opinion) impassioned; vehement; (of a course of action) drastic; extreme
L4-0355	4	及格	及格	jí gé	2,2		及格	及格	to pass an exam or a test; to meet a minimum standard
L4-0356	4	极	極	jí	2	Adv	极	極	extremely; pole (geography, physics); utmost; top
L4-0357	4	极其	極其	jí qí	2,2	Adv	极其	極其	extremely
L4-0358	4	即将	即將	jí jiāng	2,1	Adv	即将	即將	about to; on the point of; soon
L4-0359	4	急忙	急忙	jí máng	2,2	Adv	急忙	急忙	hastily
L4-0360	4	集合	集合	jí hé	2,2	V	集合	集合	to gather; to assemble; (math.) set
L4-0361	4	记载	記載	jì zǎi	4,3	V	记载	記載	to write down; to record; written account
L4-0362	4	纪律	紀律	jì lǜ	4,4	N	纪律	紀律	discipline
L4-0363	4	技巧	技巧	jì qiǎo	4,3	N	技巧	技巧	skill; technique
L4-0364	4	系	繫	jì	4	V	系	繫	to tie; to fasten; to button up
L4-0365	4	季	季	jì	4	N	季	季	season; the last month of a season; fourth or youngest amongst brothers; classifier for seasonal crop yields
L4-0366	4	季度	季度	jì dù	4,4	N	季度	季度	quarter of a year; season (sports)
L4-0367	4	季节	季節	jì jié	4,2	N	季节	季節	time; season; period; CL:個|个[ge4]
L4-0368	4	既	既	jì	4	Adv/Conj	既	既	already; since; both... (and...)
L4-0369	4	既然	既然	jì rán	4,2	Conj	既然	既然	since; as; this being the case
L4-0370	4	寄	寄	jì	4	V	寄	寄	to entrust; to place in sb's care; (bound form) to depend on; to attach oneself to; to reside temporarily; (bound form) foster (as in 寄女[ji4 nu : 3] foster daughter); to send by post; to mail
L4-0371	4	加班	加班	jiā bān	1,1		加班	加班	to work overtime
L4-0372	4	加入	加入	jiā rù	1,4	V	加入	加入	to become a member; to join; to mix into; to participate in; to add in
L4-0373	4	加油站	加油站	jiā yóu zhàn	1,2,4	N	加油站	加油站	gas station
L4-0374	4	家务	家務	jiā wù	1,4	N	家务	家務	household duties; housework
L4-0375	4	假如	假如	jiǎ rú	3,2	Conj	假如	假如	if
L4-0376	4	坚固	堅固	jiān gù	1,4	Adj	坚固	堅固	firm; firmly; hard; stable
L4-0377	4	检测	檢測	jiǎn cè	3,4	V	检测	檢測	to test; to detect
L4-0378	4	减	減	jiǎn	3	V	减	減	to lower; to decrease; to reduce; to subtract; to diminish
L4-0379	4	减肥	減肥	jiǎn féi	3,2		减肥	減肥	to lose weight
L4-0380	4	减少	減少	jiǎn shǎo	3,3	V	减少	減少	to lessen; to decrease; to reduce; to lower
L4-0381	4	简历	簡歷	jiǎn lì	3,4	N	简历	簡歷	curriculum vitae (CV); résumé; biographical notes
L4-0382	4	健身	健身	jiàn shēn	4,1	V	健身	健身	to exercise; to keep fit; to work out; physical exercise
L4-0383	4	渐渐	漸漸	jiàn jiàn	4,4	Adv	渐渐	漸漸	gradually
L4-0384	4	江	江	jiāng	1	N	江	江	river; CL:條|条[tiao2],道[dao4]
L4-0385	4	讲究	講究	jiǎng jiu	3,5	V/Adj	讲究	講究	to pay particular attention to; carefully selected for quality; tastefully chosen
L4-0386	4	讲座	講座	jiǎng zuò	3,4	N	讲座	講座	course of lectures; lecture series; chair (academic position)
L4-0387	4	奖	獎	jiǎng	3	V/N	奖	獎	prize; award; bonus; reward; (bound form) to encourage; to commend; to praise; to award; to give as a reward
L4-0388	4	奖金	獎金	jiǎng jīn	3,1	N	奖金	獎金	premium; award money; bonus
L4-0389	4	奖学金	獎學金	jiǎng xué jīn	3,2,1	N	奖学金	獎學金	scholarship; CL:筆|笔[bi3]
L4-0390	4	降	降	jiàng	4	V	降	降	to drop; to fall; to come down; to descend
L4-0391	4	降低	降低	jiàng dī	4,1	V	降低	降低	to reduce; to lower; to bring down
L4-0392	4	降价	降價	jiàng jià	4,4		降价	降價	to cut the price; to drive down the price; to get cheaper
L4-0393	4	降落	降落	jiàng luò	4,4	V	降落	降落	to descend; to land
L4-0394	4	降温	降溫	jiàng wēn	4,1		降温	降溫	to become cooler; to lower the temperature; cooling; (of interest, activity etc) to decline
L4-0395	4	交换	交換	jiāo huàn	1,4	V	交换	交換	to exchange; to swap; to switch (telecom); commutative (math); to commute
L4-0396	4	交际	交際	jiāo jì	1,4	V	交际	交際	communication; social intercourse
L4-0397	4	教授	教授	jiào shòu	4,4	N	教授	教授	professor
L4-0398	4	教训	教訓	jiào xun	4,5	V/N	教训	教訓	to provide guidance; to lecture sb; to upbraid; a talking-to; a bitter lesson; CL:番[fan1],頓|顿[dun4]
L4-0399	4	阶段	階段	jiē duàn	1,4	N	阶段	階段	stage; section; phase; period; CL:個|个[ge4]
L4-0400	4	街道	街道	jiē dào	1,4	N	街道	街道	street; CL:條|条[tiao2]; subdistrict; residential district
L4-0401	4	节省	節省	jié shěng	2,3	V	节省	節省	saving; to save; to use sparingly; to cut down on
L4-0402	4	结	結	jié	2	V/N	结	結	knot; sturdy; bond; to tie; to bind; to check out (of a hotel)
L4-0403	4	结构	結構	jié gòu	2,4	N	结构	結構	structure; composition; makeup; architecture; CL:座[zuo4],個|个[ge4]
L4-0404	4	结论	結論	jié lùn	2,4	N	结论	結論	conclusion; verdict; CL:個|个[ge4]; to conclude; to reach a verdict
L4-0405	4	姐妹	姐妹	jiě mèi	3,4	N	姐妹	姐妹	sisters; siblings; sister (school, city etc)
L4-0406	4	解释	解釋	jiě shì	3,4	V	解释	解釋	explanation; to explain; to interpret; to resolve; CL:個|个[ge4]
L4-0407	4	尽快	儘快	jǐn kuài	3,4	Adv	尽快	儘快	as quickly as possible; as soon as possible
L4-0408	4	紧密	緊密	jǐn mì	3,4	Adj	紧密	緊密	inseparably close
L4-0409	4	尽力	盡力	jìn lì	4,4		尽力	盡力	to strive one's hardest; to spare no effort
L4-0410	4	进口	進口	jìn kǒu	4,3	V/N	进口	進口	to import; imported; entrance; inlet (for the intake of air, water etc)
L4-0411	4	近代	近代	jìn dài	4,4	N	近代	近代	the not-very-distant past; modern times, excluding recent decades; (in the context of Chinese history) the period from the Opium Wars until the May 4th Movement (mid-19th century to 1919); capitalist times (pre-1949)
L4-0412	4	禁止	禁止	jìn zhǐ	4,3	V	禁止	禁止	to prohibit; to forbid; to ban
L4-0413	4	经典	經典	jīng diǎn	1,3	N	经典	經典	the classics; scriptures; classical; classic (example, case etc); typical
L4-0414	4	精力	精力	jīng lì	1,4	N	精力	精力	energy
L4-0415	4	竟然	竟然	jìng rán	4,2	Adv	竟然	竟然	unexpectedly; to one's surprise; in spite of everything; in that crazy way; actually; to go as far as to
L4-0416	4	镜头	鏡頭	jìng tóu	4,2	N	镜头	鏡頭	camera lens; camera shot (in a movie etc); scene
L4-0417	4	镜子	鏡子	jìng zi	4,5	N	镜子	鏡子	mirror; CL:面[mian4],個|个[ge4]
L4-0418	4	究竟	究竟	jiū jìng	1,4	Adv	究竟	究竟	to go to the bottom of a matter; after all; when all is said and done; (in an interrogative sentence) finally; outcome; result
L4-0419	4	酒吧	酒吧	jiǔ bā	3,1	N	酒吧	酒吧	bar (place to buy drinks); CL:家[jia1]
L4-0420	4	居民	居民	jū mín	1,2	N	居民	居民	resident; inhabitant
L4-0421	4	居住	居住	jū zhù	1,4	V	居住	居住	to reside; to dwell; to live in a place; resident in
L4-0422	4	局	局	jú	2	N	局	局	office; situation; classifier for games: match, set, round etc
L4-0423	4	巨大	巨大	jù dà	4,4	Adj	巨大	巨大	huge; immense; enormous; gigantic
L4-0424	4	具备	具備	jù bèi	4,4	V	具备	具備	to possess; to have; equipped with; able to fulfill (conditions or requirements)
L4-0425	4	距离	距離	jù lí	4,2	V/N	距离	距離	distance; CL:個|个[ge4]; to be apart from
L4-0426	4	聚	聚	jù	4	V	聚	聚	to assemble; to gather (transitive or intransitive); (chemistry) poly-
L4-0427	4	聚会	聚會	jù huì	4,4	V/N	聚会	聚會	party; gathering; to meet; to get together
L4-0428	4	卷	卷	juǎn	3	V	卷	卷|捲	to roll up; (fig.) to sweep up; to engulf; to drag into (a situation); (slang) to compete to an unhealthy degree; hypercompetitive; a roll; classifier for small rolled-up things (wad of paper money, movie reel etc)
L4-0429	4	卷	卷	juàn	4	M	卷	卷	scroll; book; volume; chapter; examination paper; classifier for books, paintings: volume, scroll
L4-0430	4	角色	角色	jué sè	2,4	N	角色	角色	role; part (in a play or movie etc); also pr. [jiao3se4]
L4-0431	4	开花	開花	kāi huā	1,1		开花	開花	to bloom; to blossom; to flower; (fig.) to burst; to split open; (fig.) to burst with joy; (fig.) to spring up everywhere; to flourish
L4-0432	4	开水	開水	kāi shuǐ	1,3	N	开水	開水	boiled water; boiling water
L4-0433	4	看不起	看不起	kàn bu qǐ	4,5,3	V	看不起	看不起	to look down upon; to despise
L4-0434	4	看来	看來	kàn lai	4,5		看来	看來	apparently; it seems that
L4-0435	4	看望	看望	kàn wàng	4,4	V	看望	看望	to pay a visit to; to see (sb)
L4-0436	4	考察	考察	kǎo chá	3,2	V/N	考察	考察	to inspect; to observe and study; on-the-spot investigation
L4-0437	4	考虑	考慮	kǎo lǜ	3,4	V	考虑	考慮	to think over; to consider; consideration
L4-0438	4	棵	棵	kē	1	M	棵	棵	classifier for trees, cabbages, plants etc
L4-0439	4	可见	可見	kě jiàn	3,4	Conj	可见	可見	it can clearly be seen (that this is the case); it is (thus) clear; clear; visible
L4-0440	4	空间	空間	kōng jiān	1,1	N	空间	空間	space; room; (fig.) scope; leeway; (astronomy) outer space; (physics, math.) space
L4-0441	4	空	空	kòng	4	V/Adj	空	空	to empty; vacant; unoccupied; space; leisure; free time
L4-0442	4	口袋	口袋	kǒu dài	3,4	N	口袋	口袋	pocket; bag; sack
L4-0443	4	口语	口語	kǒu yǔ	3,3	N	口语	口語	colloquial speech; spoken language; vernacular language; slander; gossip; CL:門|门[men2]
L4-0444	4	苦	苦	kǔ	3	Adj	苦	苦	bitter; hardship; pain; to suffer; to bring suffering to; painstakingly
L4-0445	4	会计	會計	kuài jì	4,4	N	会计	會計	accountant; accountancy; accounting
L4-0446	4	快递	快遞	kuài dì	4,4	N	快递	快遞	express delivery
L4-0447	4	宽	寬	kuān	1	Adj	宽	寬	wide; broad; loose; relaxed; lenient
L4-0448	4	宽广	寬廣	kuān guǎng	1,3	Adj	宽广	寬廣	wide; broad; extensive; vast
L4-0449	4	矿泉水	礦泉水	kuàng quán shuǐ	4,2,3	N	矿泉水	礦泉水	mineral water; CL:瓶[ping2],杯[bei1]
L4-0450	4	扩大	擴大	kuò dà	4,4	V	扩大	擴大	to expand; to enlarge; to broaden one's scope
L4-0451	4	扩展	擴展	kuò zhǎn	4,3	V	扩展	擴展	to extend; to expand; extension; expansion
L4-0452	4	括号	括號	kuò hào	4,4	N	括号	括號	parentheses; brackets
L4-0453	4	垃圾	垃圾	lā jī	1,1	N	垃圾	垃圾	trash; refuse; garbage; (coll.) of poor quality; Taiwan pr. [le4 se4]
L4-0454	4	拉开	拉開	lā kāi	1,1		拉开	拉開	to pull open; to pull apart; to space out; to increase
L4-0455	4	辣	辣	là	4	Adj	辣	辣	hot (spicy); pungent; (of chili pepper, raw onions etc) to sting; to burn
L4-0456	4	来不及	來不及	lái bu jí	2,5,2	V	来不及	來不及	there's not enough time (to do sth); it's too late
L4-0457	4	来得及	來得及	lái de jí	2,5,2	V	来得及	來得及	to have enough time; can do it in time; can still make it
L4-0458	4	来源	來源	lái yuán	2,2	N	来源	來源	source (of information etc); origin
L4-0459	4	老公	老公	lǎo gōng	3,1	N	老公	老公	(coll.) husband
L4-0460	4	老家	老家	lǎo jiā	3,1	N	老家	老家	native place; place of origin; home state or region
L4-0461	4	老婆	老婆	lǎo pó	3,2	N	老婆	老婆	(coll.) wife
L4-0462	4	老实	老實	lǎo shi	3,5	Adj	老实	老實	honest; sincere; well-behaved; naive; gullible
L4-0463	4	乐趣	樂趣	lè qù	4,4	N	乐趣	樂趣	delight; pleasure; joy
L4-0464	4	泪	淚	lèi	4	N	泪	淚	(bound form) tears; teardrops
L4-0465	4	泪水	淚水	lèi shuǐ	4,3	N	泪水	淚水	teardrop; tears
L4-0466	4	类型	類型	lèi xíng	4,2	N	类型	類型	type; kind; category; (computer programming) type
L4-0467	4	冷静	冷靜	lěng jìng	3,4	Adj	冷静	冷靜	calm; cool-headed; dispassionate; (of a place) deserted; quiet
L4-0468	4	厘米	釐米	lí mǐ	2,3	M	厘米	釐米	centimeter
L4-0469	4	离不开	離不開	lí bu kāi	2,5,1		离不开	離不開	inseparable; inevitably linked to
L4-0470	4	力气	力氣	lì qi	4,5	N	力气	力氣	physical strength
L4-0471	4	历史	歷史	lì shǐ	4,3	N	历史	歷史	history; CL:門|门[men2],段[duan4]
L4-0472	4	立即	立即	lì jí	4,2	Adv	立即	立即	immediately
L4-0473	4	利息	利息	lì xī	4,1	N	利息	利息	interest (on a loan); CL:筆|笔[bi3]
L4-0474	4	利益	利益	lì yì	4,4	N	利益	利益	benefit; (in sb's) interest; CL:個|个[ge4]
L4-0475	4	俩	倆	liǎ	3		俩	倆	two (colloquial equivalent of 兩個|两个); both; some
L4-0476	4	良好	良好	liáng hǎo	2,3	Adj	良好	良好	good; favorable; well; fine
L4-0477	4	量	量	liáng	2	V	量	量	to measure
L4-0478	4	粮食	糧食	liáng shi	2,5	N	粮食	糧食	foodstuff; cereals; CL:種|种[zhong3]
L4-0479	4	两边	兩邊	liǎng biān	3,1	N	两边	兩邊	either side; both sides
L4-0480	4	疗养	療養	liáo yǎng	2,3	V	疗养	療養	to get well; to heal; to recuperate; to convalesce; convalescence; to nurse
L4-0481	4	了不起	了不起	liǎo bu qǐ	3,5,3	Adj	了不起	了不起	amazing; terrific; extraordinary
L4-0482	4	了解	了解	liǎo jiě	3,3	V	了解	了解|瞭解	to understand; to realize; to find out
L4-0483	4	列	列	liè	4	V/M	列	列	to arrange; to line up; file; series; (in data tables) column; (Tw) row
L4-0484	4	列车	列車	liè chē	4,1	N	列车	列車	(railway) train
L4-0485	4	列入	列入	liè rù	4,4	V	列入	列入	to include on a list
L4-0486	4	列为	列為	liè wéi	4,2		列为	列為	to be classified as
L4-0487	4	临时	臨時	lín shí	2,2	Adj/Adv	临时	臨時	as the time draws near; at the last moment; temporary; interim; ad hoc
L4-0488	4	零食	零食	líng shí	2,2	N	零食	零食	snack; nibbles
L4-0489	4	流传	流傳	liú chuán	2,2	V	流传	流傳	to spread; to circulate; to hand down
L4-0490	4	楼梯	樓梯	lóu tī	2,1	N	楼梯	樓梯	stair; staircase; CL:個|个[ge4]
L4-0491	4	陆地	陸地	lù dì	4,4	N	陆地	陸地	dry land (as opposed to the sea)
L4-0492	4	陆续	陸續	lù xù	4,4	Adv	陆续	陸續	in turn; successively; one after the other; bit by bit
L4-0493	4	录取	錄取	lù qǔ	4,3	V	录取	錄取	to accept an applicant (prospective student, employee etc) who passes an entrance exam; to admit (a student); to hire (a job candidate)
L4-0494	4	律师	律師	lǜ shī	4,1	N	律师	律師	lawyer
L4-0495	4	轮	輪	lún	2	N/V/M	轮	輪	wheel; disk; ring; steamship; to take turns; to rotate; classifier for big round objects: disk, or recurring events: round, turn
L4-0496	4	轮船	輪船	lún chuán	2,2	N	轮船	輪船	steamship; steamer; steamboat; CL:艘[sou1]
L4-0497	4	轮椅	輪椅	lún yǐ	2,3	N	轮椅	輪椅	wheelchair
L4-0498	4	轮子	輪子	lún zi	2,5	N	轮子	輪子	wheel; (derog.) Falun Gong practitioner; CL:個|个[ge4]
L4-0499	4	论文	論文	lùn wén	4,2	N	论文	論文	paper; treatise; thesis; CL:篇[pian1]; to discuss a paper or thesis (old)
L4-0500	4	落	落	luò	4	V	落	落	to fall or drop; (of the sun) to set; (of a tide) to go out; to lower; to decline or sink; to lag or fall behind; to fall onto; to rest with; to get or receive; to write down; whereabouts; settlement
L4-0501	4	毛巾	毛巾	máo jīn	2,1	N	毛巾	毛巾	towel; CL:條|条[tiao2]
L4-0502	4	毛衣	毛衣	máo yī	2,1	N	毛衣	毛衣	(wool) sweater; CL:件[jian4]
L4-0503	4	帽子	帽子	mào zi	4,5	N	帽子	帽子	hat; cap; (fig.) label; bad name; CL:頂|顶[ding3]
L4-0504	4	没错	沒錯	méi cuò	2,4		没错	沒錯	that's right; sure!; rest assured!; that's good; can't go wrong
L4-0505	4	没法儿	沒法兒	méi fǎ r	2,3,5	V	没法儿	沒法兒	(coll.) can't do anything about it; (coll.) there's no way that ...; it's simply not credible that ...; (coll.) couldn't be (better) (i.e. simply wonderful)
L4-0506	4	没想到	沒想到	méi xiǎng dào	2,3,4		没想到	沒想到	didn't expect
L4-0507	4	美金	美金	měi jīn	3,1	N	美金	美金	American dollar; US dollar
L4-0508	4	美女	美女	měi nǚ	3,3	N	美女	美女	beautiful woman
L4-0509	4	梦	夢	mèng	4	N/V	梦	夢	dream (CL:場|场[chang2]); (bound form) to dream
L4-0510	4	梦见	夢見	mèng jiàn	4,4		梦见	夢見	to dream about (sth or sb); to see in a dream
L4-0511	4	梦想	夢想	mèng xiǎng	4,3	V/N	梦想	夢想	(fig.) to dream of; dream
L4-0512	4	秘密	秘密	mì mì	4,4	Adj/N	秘密	秘密	secret; private; confidential; clandestine; a secret
L4-0513	4	秘书	秘書	mì shū	4,1	N	秘书	秘書	secretary
L4-0514	4	密	密	mì	4	Adj	密	密	dense; close; thick; intimate; close; (bound form) secret; confidential; (Internet slang) to send a private message to (sb); to DM
L4-0515	4	密码	密碼	mì mǎ	4,3	N	密码	密碼	cipher; secret code; password; PIN
L4-0516	4	密切	密切	mì qiè	4,4	Adj/V	密切	密切	close; intimate; to strengthen (ties, cooperation etc); closely; intently; carefully; (math.) to osculate
L4-0517	4	免费	免費	miǎn fèi	3,4		免费	免費	free (of charge)
L4-0518	4	面临	面臨	miàn lín	4,2	V	面临	面臨	to face sth; to be confronted with
L4-0519	4	面试	面試	miàn shì	4,4	V	面试	面試	to be interviewed (as a candidate); interview
L4-0520	4	描述	描述	miáo shù	2,4	V	描述	描述	to describe; description
L4-0521	4	描写	描寫	miáo xiě	2,3	V	描写	描寫	to describe; to depict; to portray; depiction; portrayal
L4-0522	4	名牌儿	名牌兒	míng pái r	2,2,5	N	名牌儿	名牌兒	erhua form of 名牌[ming2 pai2]
L4-0523	4	名片	名片	míng piàn	2,4	N	名片	名片	(business) card
L4-0524	4	名人	名人	míng rén	2,2	N	名人	名人	personage; celebrity
L4-0525	4	摸	摸	mō	1	V	摸	摸	to feel with the hand; to touch; to stroke; to grope; to steal; to abstract
L4-0526	4	模特儿	模特兒	mó tè r	2,4,5	N	模特儿	模特兒	(fashion) model (loanword)
L4-0527	4	模型	模型	mó xíng	2,2	N	模型	模型	model; mold; matrix; pattern
L4-0528	4	末	末	mò	4	N	末	末	tip; end; final stage; latter part; inessential detail; powder; dust; opera role of old man
L4-0529	4	默默	默默	mò mò	4,4	Adv	默默	默默	in silence; not speaking
L4-0530	4	哪怕	哪怕	nǎ pà	3,4	Conj	哪怕	哪怕	even; even if; even though; no matter how
L4-0531	4	哪	哪	na	5	Aux	哪	哪	(emphatic sentence-final particle, used instead of 啊[a5] after a word ending in "n")
L4-0532	4	男女	男女	nán nǚ	2,3	N	男女	男女	male-female; male and female
L4-0533	4	男士	男士	nán shì	2,4	N	男士	男士	man; gentleman
L4-0534	4	难免	難免	nán miǎn	2,3	Adj	难免	難免	hard to avoid; difficult to escape from; will inevitably
L4-0535	4	脑袋	腦袋	nǎo dai	3,5	N	脑袋	腦袋	head; skull; brains; mental capability; CL:顆|颗[ke1],個|个[ge4]
L4-0536	4	闹	鬧	nào	4	Adj/V	闹	鬧	noisy; cacophonous; to make noise; to disturb; to vent (feelings); to fall ill; to have an attack (of sickness); to go in (for some activity); to joke
L4-0537	4	闹钟	鬧鐘	nào zhōng	4,1	N	闹钟	鬧鐘	alarm clock
L4-0538	4	内部	內部	nèi bù	4,4	N	内部	內部	interior; inside (part, section); internal
L4-0539	4	内科	內科	nèi kē	4,1	N	内科	內科	internal medicine; general medicine
L4-0540	4	能干	能幹	néng gàn	2,4	Adj	能干	能幹	capable; competent
L4-0541	4	宁静	寧靜	níng jìng	2,4	Adj	宁静	寧靜	tranquil; tranquility; serenity
L4-0542	4	浓	濃	nóng	2	Adj	浓	濃	concentrated; dense; strong (smell etc)
L4-0543	4	女士	女士	nǚ shì	3,4	N	女士	女士	lady; madam; CL:個|个[ge4],位[wei4]; Miss; Ms
L4-0544	4	暖气	暖氣	nuǎn qì	3,4	N	暖气	暖氣	central heating; heater; warm air
L4-0545	4	拍照	拍照	pāi zhào	1,4		拍照	拍照	to take a picture
L4-0546	4	排列	排列	pái liè	2,4	V	排列	排列	to arrange in order; (math.) permutation
L4-0547	4	牌	牌	pái	2	N	牌	牌	signboard; plaque; plate; tablet (CL:塊|块[kuai4]); brand; trademark; mahjong tile; domino; playing card (CL:張|张[zhang1]); (bound form) fixed pattern for lyrics or set melody in classical poetry or music (used in 詞牌|词牌[ci2 pai2] and 曲牌[qu3 pai2])
L4-0548	4	盘	盤	pán	2	N/M	盘	盤	tray; plate; dish; (finance) (bound form) market prices; (computing) (bound form) disk; to coil (a rope, pigtail etc); to check; to examine; to investigate; to transfer; to sell (property); to shift; to move (sth big and heavy); classifier for things resembling a plate or dish; classifier for coils; classifier for games or matches (chess, table tennis etc)
L4-0549	4	盘子	盤子	pán zi	2,5	N	盘子	盤子	tray; plate; dish; CL:個|个[ge4]
L4-0550	4	胖子	胖子	pàng zi	4,5	N	胖子	胖子	fat person; fatty
L4-0551	4	培训	培訓	péi xùn	2,4	V	培训	培訓	to cultivate; to train; to groom; training
L4-0552	4	培训班	培訓班	péi xùn bān	2,4,1	N	培训班	培訓班	training class
L4-0553	4	培养	培養	péi yǎng	2,3	V	培养	培養	to cultivate; to breed; to foster; to nurture; to educate; to groom (for a position); education; fostering; culture (biology)
L4-0554	4	培育	培育	péi yù	2,4	V	培育	培育	to train; to breed
L4-0555	4	批	批	pī	1	V	批	批	to ascertain; to act on; to criticize; to pass on; classifier for batches, lots, military flights; tier (for the ranking of universities and colleges)
L4-0556	4	批	批	pī	1	M	批	批	to ascertain; to act on; to criticize; to pass on; classifier for batches, lots, military flights; tier (for the ranking of universities and colleges)
L4-0557	4	片面	片面	piàn miàn	4,4	Adj	片面	片面	unilateral; one-sided
L4-0558	4	品质	品質	pǐn zhì	3,4	N	品质	品質	character; intrinsic quality (of a person); quality (of a product or service, or as in "quality of life", "air quality" etc)
L4-0559	4	平方	平方	píng fāng	2,1	N/M	平方	平方	square (as in square foot, square mile, square root)
L4-0560	4	平静	平靜	píng jìng	2,4	Adj	平静	平靜	calm; tranquil; serene
L4-0561	4	平均	平均	píng jūn	2,1	V/Adj	平均	平均	average; on average; evenly; in equal proportions
L4-0562	4	平稳	平穩	píng wěn	2,3	Adj	平稳	平穩	smooth; steady
L4-0563	4	迫切	迫切	pò qiè	4,4	Adj	迫切	迫切	urgent; pressing
L4-0564	4	破产	破產	pò chǎn	4,3		破产	破產	to go bankrupt; to become impoverished; bankruptcy
L4-0565	4	妻子	妻子	qī zi	1,5	N	妻子	妻子	wife
L4-0566	4	期待	期待	qī dài	1,4	V	期待	期待	to look forward to; to await; expectation
L4-0567	4	期间	期間	qī jiān	1,1	N	期间	期間	period of time; time; time period; period; CL:個|个[ge4]
L4-0568	4	期末	期末	qī mò	1,4	N	期末	期末	the end of a term or semester (in school)
L4-0569	4	期限	期限	qī xiàn	1,4	N	期限	期限	time limit; deadline; allotted time
L4-0570	4	期中	期中	qī zhōng	1,1	N	期中	期中	interim; midterm
L4-0571	4	其余	其餘	qí yú	2,2	Pron	其余	其餘	the rest; the others; remaining; remainder; apart from them
L4-0572	4	企业	企業	qǐ yè	3,4	N	企业	企業	company; firm; enterprise; corporation; CL:家[jia1]
L4-0573	4	气球	氣球	qì qiú	4,2	N	气球	氣球	balloon
L4-0574	4	汽水	汽水	qì shuǐ	4,3	N	汽水	汽水	soda pop; carbonated soft drink
L4-0575	4	汽油	汽油	qì yóu	4,2	N	汽油	汽油	gasoline
L4-0576	4	器官	器官	qì guān	4,1	N	器官	器官	(physiology) organ; apparatus
L4-0577	4	前头	前頭	qián tou	2,5	N	前头	前頭	in front; at the head; ahead; above
L4-0578	4	前途	前途	qián tú	2,2	N	前途	前途	prospects; future outlook; journey
L4-0579	4	浅	淺	qiǎn	3	Adj	浅	淺	shallow; light (color)
L4-0580	4	巧克力	巧克力	qiǎo kè lì	3,4,4	N	巧克力	巧克力	(loanword) chocolate; CL:塊|块[kuai4]
L4-0581	4	切	切	qiē	1	V	切	切	to cut; to slice; to carve; (math.) tangential
L4-0582	4	亲爱	親愛	qīn ài	1,4	Adj	亲爱	親愛	dear; beloved; darling
L4-0583	4	亲密	親密	qīn mì	1,4	Adj	亲密	親密	intimate; close
L4-0584	4	青春	青春	qīng chūn	1,1	N	青春	青春	youth; youthfulness
L4-0585	4	轻松	輕鬆	qīng sōng	1,1	Adj	轻松	輕鬆	light; gentle; relaxed; effortless; uncomplicated; to relax; to take things less seriously
L4-0586	4	轻易	輕易	qīng yì	1,4	Adj/Adv	轻易	輕易	easy; simple; rashly; offhandedly
L4-0587	4	清醒	清醒	qīng xǐng	1,3	Adj/V	清醒	清醒	clear-headed; sober; awake
L4-0588	4	情景	情景	qíng jǐng	2,3	N	情景	情景	scene; spectacle; circumstances; situation
L4-0589	4	穷	窮	qióng	2	Adj	穷	窮	poor; destitute; to use up; to exhaust; thoroughly; extremely; (coll.) persistently and pointlessly
L4-0590	4	穷人	窮人	qióng rén	2,2	N	穷人	窮人	poor people; the poor
L4-0591	4	秋季	秋季	qiū jì	1,4	N	秋季	秋季	autumn; fall
L4-0592	4	趋势	趨勢	qū shì	1,4	N	趋势	趨勢	trend; tendency
L4-0593	4	圈	圈	quān	1	N/V	圈	圈	circle; ring; loop; (fig.) social circle; niche group; community; fandom; classifier for loops, orbits, laps; to surround; to encircle; to circle (sth); to mark with a circle
L4-0594	4	权利	權利	quán lì	2,4	N	权利	權利	right (i.e. an entitlement to sth); (classical) power and wealth
L4-0595	4	却	卻	què	4	Adv	却	卻	but; yet; however; while; to go back; to decline; to retreat; nevertheless; even though
L4-0596	4	确认	確認	què rèn	4,4	V	确认	確認	to confirm; to verify; confirmation
L4-0597	4	然而	然而	rán ér	2,2	Conj	然而	然而	however; but; yet
L4-0598	4	燃料	燃料	rán liào	2,4	N	燃料	燃料	fuel
L4-0599	4	燃烧	燃燒	rán shāo	2,1	V	燃烧	燃燒	to ignite; to combust; to burn; combustion; flaming
L4-0600	4	热闹	熱鬧	rè nao	4,5	Adj/V	热闹	熱鬧	bustling with noise and excitement; lively
L4-0601	4	热心	熱心	rè xīn	4,1	Adj	热心	熱心	enthusiastic; ardent; zealous
L4-0602	4	人家	人家	rén jia	2,5	Pron	人家	人家	other people; sb else; he, she or they; I, me (referring to oneself as "one" or "people")
L4-0603	4	日记	日記	rì jì	4,4	N	日记	日記	diary; CL:則|则[ze2],本[ben3],篇[pian1]
L4-0604	4	日历	日曆	rì lì	4,4	N	日历	日曆	calendar; CL:張|张[zhang1],本[ben3]
L4-0605	4	如今	如今	rú jīn	2,1	N	如今	如今	nowadays; now
L4-0606	4	弱	弱	ruò	4	Adj	弱	弱	weak; feeble; young; inferior; not as good as; (following a decimal or fraction) slightly less than
L4-0607	4	伞	傘	sǎn	3	N	伞	傘	umbrella; parasol; CL:把[ba3]
L4-0608	4	散	散	sàn	4	V	散	散	to scatter; to break up (a meeting etc); to disperse; to disseminate; to dispel; (coll.) to sack
L4-0609	4	扫	掃	sǎo	3	V	扫	掃	to sweep (with a brush or broom); to sweep away; to wipe out; to get rid of; to sweep (one's eyes etc) over; to scan
L4-0610	4	色	色	sè	4	N	色	色	color; CL:種|种[zhong3]; look; appearance; sex
L4-0611	4	色彩	色彩	sè cǎi	4,3	N	色彩	色彩	tint; coloring; coloration; (fig.) flavor; character
L4-0612	4	森林	森林	sēn lín	1,2	N	森林	森林	forest; CL:片[pian4]
L4-0613	4	晒	曬	shài	4	V	晒	曬	(of the sun) to shine on; to bask in (the sunshine); to dry (clothes, grain etc) in the sun; (fig.) to expose and share (one's experiences and thoughts) on the Web (loanword from "share"); (coll.) to give the cold shoulder to
L4-0614	4	闪	閃	shǎn	3	V	闪	閃	to dodge; to duck out of the way; to beat it; shaken (by a fall); to sprain; to pull a muscle; lightning; spark; a flash; to flash (across one's mind); to leave behind; (Internet slang) (of a display of affection) "dazzlingly" saccharine
L4-0615	4	闪电	閃電	shǎn diàn	3,4	N	闪电	閃電	lightning; CL:道[dao4]
L4-0616	4	善良	善良	shàn liáng	4,2	Adj	善良	善良	good and honest; kindhearted
L4-0617	4	善于	善於	shàn yú	4,2	V	善于	善於	to be good at; to be adept at
L4-0618	4	伤害	傷害	shāng hài	1,4	V	伤害	傷害	to injure; to harm
L4-0619	4	商务	商務	shāng wù	1,4	N	商务	商務	commercial affairs; commercial; commerce; business
L4-0620	4	赏	賞	shǎng	3	V	赏	賞	to bestow (a reward); to give (to an inferior); to hand down; a reward (bestowed by a superior); to appreciate (beauty)
L4-0621	4	上个月	上個月	shàng gè yuè	4,4,4		上个月	上個月	last month
L4-0622	4	上楼	上樓	shàng lóu	4,2		上楼	上樓	to go upstairs
L4-0623	4	上门	上門	shàng mén	4,2		上门	上門	to drop in; to visit; to lock a door; (of a shop) to close; to go and live with one's wife's family, in effect becoming a member of her family
L4-0624	4	烧	燒	shāo	1	V	烧	燒	to burn; to set on fire; to heat (over a fire); to boil (water, tea etc); to braise; to cook; to prepare food; to run a fever; fever; (coll.) to become full of oneself; to get carried away
L4-0625	4	设施	設施	shè shī	4,1	N	设施	設施	facilities; installation
L4-0626	4	设置	設置	shè zhì	4,4	V	设置	設置	to set up; to install
L4-0627	4	申请	申請	shēn qǐng	1,3	V	申请	申請	to apply for sth; application form (CL:份[fen4])
L4-0628	4	身材	身材	shēn cái	1,2	N	身材	身材	stature; build (height and weight); figure
L4-0629	4	身份	身份	shēn fèn	1,4	N	身份	身份	identity; aspect of one's identity (e.g. mayor, father, permanent resident); role; capacity (as in "in his capacity as ..." 以[yi3] + ... + 的身份[de5 shen1 fen4]); status (social, legal etc); position; rank
L4-0630	4	身高	身高	shēn gāo	1,1	N	身高	身高	(a person's) height
L4-0631	4	深厚	深厚	shēn hòu	1,4	Adj	深厚	深厚	deep; profound
L4-0632	4	神话	神話	shén huà	2,4	N	神话	神話	legend; fairy tale; myth; mythology
L4-0633	4	神秘	神秘	shén mì	2,4	Adj	神秘	神秘	mysterious; mystery
L4-0634	4	甚至	甚至	shèn zhì	4,4	Conj	甚至	甚至	even; so much so that
L4-0635	4	失败	失敗	shī bài	1,4	V/Adj	失败	失敗	to be defeated; to lose; to fail (e.g. experiments); failure; defeat; CL:次[ci4]
L4-0636	4	失望	失望	shī wàng	1,4	Adj	失望	失望	disappointed; to lose hope; to despair
L4-0637	4	失业	失業	shī yè	1,4		失业	失業	unemployment; to lose one's job
L4-0638	4	诗	詩	shī	1	N	诗	詩	poem; CL:首[shou3]; poetry; verse
L4-0639	4	诗人	詩人	shī rén	1,2	N	诗人	詩人	bard; poet
L4-0640	4	湿	濕	shī	1	Adj	湿	濕	moist; wet
L4-0641	4	实施	實施	shí shī	2,1	V	实施	實施	to implement; to carry out
L4-0642	4	实用	實用	shí yòng	2,4	Adj	实用	實用	to apply in practice; practical; functional; pragmatic; applied (science)
L4-0643	4	食堂	食堂	shí táng	2,2	N	食堂	食堂	dining hall; cafeteria; CL:個|个[ge4],間|间[jian1]
L4-0644	4	使劲	使勁	shǐ jìn	3,4		使劲	使勁	to exert all one's strength
L4-0645	4	士兵	士兵	shì bīng	4,1	N	士兵	士兵	soldier; CL:個|个[ge4]
L4-0646	4	市区	市區	shì qū	4,1	N	市区	市區	urban district; downtown; city center
L4-0647	4	似的	似的	shì de	4,5	Aux	似的	似的	seems as if; rather like; Taiwan pr. [si4 de5]
L4-0648	4	事物	事物	shì wù	4,4	N	事物	事物	thing; object
L4-0649	4	事先	事先	shì xiān	4,1	N	事先	事先	in advance; before the event; beforehand; prior
L4-0650	4	试卷	試卷	shì juàn	4,4	N	试卷	試卷	examination paper; test paper; CL:份[fen4],張|张[zhang1]
L4-0651	4	是否	是否	shì fǒu	4,3	Adv	是否	是否	whether (or not); if; is or isn't
L4-0652	4	收回	收回	shōu huí	1,2		收回	收回	to regain; to retake; to take back; to withdraw; to revoke
L4-0653	4	收获	收穫	shōu huò	1,4	V/N	收获	收穫	to harvest; to reap; to gain; crop; harvest; profit; gain; bonus; reward
L4-0654	4	收益	收益	shōu yì	1,4	N	收益	收益	earnings; profit
L4-0655	4	手工	手工	shǒu gōng	3,1	N	手工	手工	handwork; manual
L4-0656	4	手里	手裡	shǒu lǐ	3,3		手里	手裡	in hand; (a situation is) in sb's hands
L4-0657	4	手术	手術	shǒu shù	3,4	N	手术	手術	(surgical) operation; surgery; CL:個|个[ge4]
L4-0658	4	手套	手套	shǒu tào	3,4	N	手套	手套	glove; mitten; CL:雙|双[shuang1],隻|只[zhi1]
L4-0659	4	守	守	shǒu	3	V	守	守	to guard; to defend; to keep watch; to abide by the law; to observe (rules or ritual); nearby; adjoining
L4-0660	4	首	首	shǒu	3	M	首	首	head; chief; first (occasion, thing etc); classifier for poems, songs etc
L4-0661	4	受不了	受不了	shòu bù liǎo	4,4,3	V	受不了	受不了	unbearable; unable to endure; can't stand
L4-0662	4	售货员	售貨員	shòu huò yuán	4,4,2	N	售货员	售貨員	sales clerk; sales associate; retail salesperson
L4-0663	4	叔叔	叔叔	shū shu	1,5	N	叔叔	叔叔	father's younger brother; paternal uncle; form of address used by children for a male one generation older
L4-0664	4	舒适	舒適	shū shì	1,4	Adj	舒适	舒適	cozy; snug
L4-0665	4	熟练	熟練	shú liàn	2,4	Adj	熟练	熟練	practiced; proficient; skilled; skillful
L4-0666	4	暑假	暑假	shǔ jià	3,4	N	暑假	暑假	summer vacation; CL:個|个[ge4]
L4-0667	4	树林	樹林	shù lín	4,2	N	树林	樹林	woods; grove; forest
L4-0668	4	树叶	樹葉	shù yè	4,4	N	树叶	樹葉	tree leaves
L4-0669	4	数据	數據	shù jù	4,4	N	数据	數據	data
L4-0670	4	数码	數碼	shù mǎ	4,3	N	数码	數碼	number; numerals; figures; digital; amount; numerical code
L4-0671	4	刷	刷	shuā	1	V	刷	刷	a brush; to paint; to daub; to brush; to scrub; (fig.) to remove; to eliminate (from a contest); to fire (from a job); (onom.) swish; rustle; to swipe (a card); to scroll on (a phone); (gaming) to grind; to farm (for experience points, equipment, levels etc)
L4-0672	4	刷牙	刷牙	shuā yá	1,2		刷牙	刷牙	to brush one's teeth
L4-0673	4	刷子	刷子	shuā zi	1,5	N	刷子	刷子	brush; scrub; CL:把[ba3]
L4-0674	4	帅	帥	shuài	4	Adj	帅	帥	(bound form) commander-in-chief; (bound form) to lead; to command; handsome; graceful; dashing; elegant; (coll.) cool!; sweet!; (Chinese chess) general (on the red side, equivalent to a king in Western chess)
L4-0675	4	帅哥	帥哥	shuài gē	4,1	N	帅哥	帥哥	handsome guy; lady-killer; handsome (form of address)
L4-0676	4	率先	率先	shuài xiān	4,1	Adv	率先	率先	to take the lead; to show initiative
L4-0677	4	睡着	睡著	shuì zháo	4,2		睡着	睡著	to fall asleep
L4-0678	4	顺序	順序	shùn xù	4,4	N	顺序	順序	sequence; order
L4-0679	4	说不定	說不定	shuō bu dìng	1,5,4	V/Adv	说不定	說不定	can't say for sure; maybe
L4-0680	4	说服	說服	shuō fú	1,2	V	说服	說服	to persuade; to convince; to talk sb over; Taiwan pr. [shui4 fu2]
L4-0681	4	思考	思考	sī kǎo	1,3	V	思考	思考	to reflect on; to ponder over
L4-0682	4	似乎	似乎	sì hū	4,1	Adv	似乎	似乎	it seems; seemingly; as if
L4-0683	4	松	鬆	sōng	1	Adj/V	松	鬆	loose; to loosen; to relax; floss (dry, fluffy food product made from shredded, seasoned meat or fish, used as a topping or filling)
L4-0684	4	松树	松樹	sōng shù	1,4	N	松树	松樹	pine; pine tree; CL:棵[ke1]
L4-0685	4	塑料	塑料	sù liào	4,4	N	塑料	塑料	plastic; plastics (general term for synthetic polymer materials)
L4-0686	4	塑料袋	塑料袋	sù liào dài	4,4,4	N	塑料袋	塑料袋	plastic bag
L4-0687	4	酸	酸	suān	1	Adj	酸	酸	sour; tart; sick at heart; grieved; sore; aching; pedantic; impractical; to make sarcastic remarks about sb; an acid
L4-0688	4	酸奶	酸奶	suān nǎi	1,3	N	酸奶	酸奶	yogurt
L4-0689	4	随手	隨手	suí shǒu	2,3	Adv	随手	隨手	conveniently; without extra trouble; while doing it; in passing
L4-0690	4	孙女	孫女	sūn nǚ	1,3	N	孙女	孫女	son's daughter; granddaughter
L4-0691	4	孙子	孫子	sūn zi	1,5	N	孙子	孫子	grandson; son's son
L4-0692	4	缩短	縮短	suō duǎn	1,3	V	缩短	縮短	to shorten; to reduce; to curtail
L4-0693	4	缩小	縮小	suō xiǎo	1,3	V	缩小	縮小	to reduce; to decrease; to shrink
L4-0694	4	台阶	臺階	tái jiē	2,1	N	台阶	臺階	steps; flight of steps; step (over obstacle); fig. way out of an embarrassing situation; bench (geology)
L4-0695	4	台上	臺上	tái shàng	2,4	N	台上	臺上	on stage
L4-0696	4	躺	躺	tǎng	3	V	躺	躺	to recline; to lie down
L4-0697	4	套餐	套餐	tào cān	4,1	N	套餐	套餐	set meal; (fig.) product or service package (e.g. for a cell phone subscription)
L4-0698	4	特价	特價	tè jià	4,4	N	特价	特價	special price
L4-0699	4	特殊	特殊	tè shū	4,1	Adj	特殊	特殊	special; particular; unusual; extraordinary
L4-0700	4	特征	特徵	tè zhēng	4,1	N	特征	特徵	characteristic; diagnostic property; distinctive feature; trait
L4-0701	4	提供	提供	tí gōng	2,1	V	提供	提供	to offer; to supply; to provide; to furnish
L4-0702	4	提醒	提醒	tí xǐng	2,3		提醒	提醒	to remind; to call attention to; to warn of
L4-0703	4	体操	體操	tǐ cāo	3,1	N	体操	體操	gymnastic; gymnastics
L4-0704	4	体检	體檢	tǐ jiǎn	3,3	V	体检	體檢	abbr. for 體格檢查|体格检查[ti3 ge2 jian3 cha2]
L4-0705	4	体重	體重	tǐ zhòng	3,4	N	体重	體重	body weight
L4-0706	4	替	替	tì	4	V/Prep	替	替	to substitute for; to take the place of; to replace; for; on behalf of; to stand in for
L4-0707	4	替代	替代	tì dài	4,4	V	替代	替代	to substitute for; to replace; to supersede
L4-0708	4	天真	天真	tiān zhēn	1,1	Adj	天真	天真	naive; innocent; artless
L4-0709	4	填	填	tián	2	V	填	填	to fill or stuff; (of a form etc) to fill in
L4-0710	4	填空	填空	tián kòng	2,4		填空	填空	to fill a job vacancy; to fill in a blank (e.g. on a form, questionnaire or exam paper)
L4-0711	4	挑	挑	tiāo	1	V	挑	挑	to carry on a shoulder pole; to choose; to pick; to nitpick
L4-0712	4	挑选	挑選	tiāo xuǎn	1,3	V	挑选	挑選	to choose; to select
L4-0713	4	调皮	調皮	tiáo pí	2,2	Adj	调皮	調皮	naughty; mischievous; unruly
L4-0714	4	挑	挑	tiǎo	3	V	挑	挑	to raise; to dig up; to poke; to prick; to incite; to stir up
L4-0715	4	挑战	挑戰	tiǎo zhàn	3,4		挑战	挑戰	to challenge; to take on a challenge; a challenge
L4-0716	4	贴	貼	tiē	1	V	贴	貼	to stick; to paste; to post (e.g. on a blog); to keep close to; to fit snugly; to subsidize; allowance (e.g. money for food or housing); sticker; classifier for sticking plaster: strip
L4-0717	4	停下	停下	tíng xià	2,4		停下	停下	to stop
L4-0718	4	挺	挺	tǐng	3	V	挺	挺	straight; erect; to stick out (a part of the body); to (physically) straighten up; to support; to withstand; outstanding; (coll.) quite; very; classifier for machine guns
L4-0719	4	通知书	通知書	tōng zhī shū	1,1,1	N	通知书	通知書	written notice
L4-0720	4	同情	同情	tóng qíng	2,2	V	同情	同情	to sympathize with; sympathy
L4-0721	4	童话	童話	tóng huà	2,4	N	童话	童話	children's fairy tales
L4-0722	4	童年	童年	tóng nián	2,2	N	童年	童年	childhood
L4-0723	4	统计	統計	tǒng jì	3,4	V	统计	統計	statistics; to count; to add up
L4-0724	4	统一	統一	tǒng yī	3,1	V/Adj	统一	統一	to unify; to integrate; unified; integrated
L4-0725	4	痛快	痛快	tòng kuài	4,4	Adj	痛快	痛快	delighted; to one's heart's content; straightforward; also pr. [tong4 kuai5]
L4-0726	4	投	投	tóu	2	V	投	投	to throw (sth in a specific direction: ball, javelin, grenade etc); to cast (a ballot); to cast (a glance, a shadow etc); to put in (money for investment, a coin to operate a slot machine); to send (a letter, a manuscript etc); to throw oneself into (a river, a well etc to commit suicide); to go to; to seek refuge; to place oneself into the hands of; (coll.) to rinse (clothes) in water
L4-0727	4	投入	投入	tóu rù	2,4	V/N	投入	投入	to throw into; to put into; to throw oneself into; to participate in; to invest in; absorbed; engrossed
L4-0728	4	投诉	投訴	tóu sù	2,4	V	投诉	投訴	to lodge a complaint
L4-0729	4	投资	投資	tóu zī	2,1	N	投资	投資	investment; to invest
L4-0730	4	透	透	tòu	4	V/Adj	透	透	(bound form) to penetrate; to seep through; to tell secretly; to leak; thoroughly; through and through; to appear; to show
L4-0731	4	透明	透明	tòu míng	4,2	Adj	透明	透明	transparent; (fig.) transparent; open to scrutiny
L4-0732	4	图案	圖案	tú àn	2,4	N	图案	圖案	design; pattern
L4-0733	4	途中	途中	tú zhōng	2,1	N	途中	途中	en route
L4-0734	4	土地	土地	tǔ dì	3,4	N	土地	土地	land; soil; territory; CL:片[pian4],塊|块[kuai4]
L4-0735	4	推迟	推遲	tuī chí	1,2	V	推迟	推遲	to postpone; to put off; to defer
L4-0736	4	推销	推銷	tuī xiāo	1,1	V	推销	推銷	to market; to sell
L4-0737	4	脱	脫	tuō	1	V	脱	脫	to shed; to take off; to escape; to get away from
L4-0738	4	袜子	襪子	wà zi	4,5	N	袜子	襪子	socks; stockings; CL:隻|只[zhi1],對|对[dui4],雙|双[shuang1]
L4-0739	4	外汇	外匯	wài huì	4,4	N	外汇	外匯	foreign (currency) exchange
L4-0740	4	外交官	外交官	wài jiāo guān	4,1,1	N	外交官	外交官	diplomat
L4-0741	4	外套	外套	wài tào	4,4	N	外套	外套	outer garment; jacket; coat; CL:件[jian4]
L4-0742	4	弯	彎	wān	1	Adj/V	弯	彎	to bend; bent; a bend; a turn (in a road etc); CL:道[dao4]
L4-0743	4	晚点	晚點	wǎn diǎn	3,3		晚点	晚點	(of trains etc) late; delayed; behind schedule; light dinner
L4-0744	4	万一	萬一	wàn yī	4,1	N/Conj	万一	萬一	just in case; if by any chance; contingency
L4-0745	4	王	王	wáng	2	N	王	王	king or monarch; best or strongest of its type; grand; great
L4-0746	4	网络	網絡	wǎng luò	3,4	N	网络	網絡	network (computing, telecommunications, transport etc)
L4-0747	4	网址	網址	wǎng zhǐ	3,3	N	网址	網址	web address; URL
L4-0748	4	微笑	微笑	wēi xiào	1,4	V	微笑	微笑	smile; CL:個|个[ge4],絲|丝[si1]; to smile
L4-0749	4	微信	微信	Wēi xìn	1,4	N	微信	微信	Weixin or WeChat (mobile text and voice messaging service developed by Tencent 騰訊|腾讯[Teng2 xun4])
L4-0750	4	围巾	圍巾	wéi jīn	2,1	N	围巾	圍巾	scarf; shawl; CL:條|条[tiao2]
L4-0751	4	维持	維持	wéi chí	2,2	V	维持	維持	to keep; to maintain; to preserve
L4-0752	4	维护	維護	wéi hù	2,4	V	维护	維護	to defend; to safeguard; to protect; to uphold; to maintain
L4-0753	4	维修	維修	wéi xiū	2,1	V	维修	維修	maintenance (of equipment); to protect and maintain
L4-0754	4	尾巴	尾巴	wěi ba	3,5	N	尾巴	尾巴	tail; colloquial pr. [yi3 ba5]
L4-0755	4	未必	未必	wèi bì	4,4	Adv	未必	未必	not necessarily; maybe not
L4-0756	4	未来	未來	wèi lái	4,2	N	未来	未來	future; tomorrow; CL:個|个[ge4]; approaching; coming; pending
L4-0757	4	位于	位於	wèi yú	4,2	V	位于	位於	to be located at; to be situated at; to lie
L4-0758	4	位置	位置	wèi zhi	4,5	N	位置	位置	position; place; seat; CL:個|个[ge4]
L4-0759	4	味儿	味兒	wèi r	4,5	N	味儿	味兒	taste
L4-0760	4	喂	餵	wèi	4	V	喂	餵	to feed
L4-0761	4	稳	穩	wěn	3	Adj	稳	穩	settled; steady; stable
L4-0762	4	稳定	穩定	wěn dìng	3,4	Adj	稳定	穩定	steady; stable; stability; to stabilize; to pacify
L4-0763	4	问候	問候	wèn hòu	4,4	V	问候	問候	to give one's respects; to send a greeting; (fig.) (coll.) to make offensive reference to (somebody dear to the person to whom one is speaking)
L4-0764	4	无	無	wú	2	V	无	無	not to have; no; none; not; to lack; un-; -less
L4-0765	4	无法	無法	wú fǎ	2,3	V	无法	無法	unable to; incapable of
L4-0766	4	无聊	無聊	wú liáo	2,2	Adj	无聊	無聊	bored; boring; senseless
L4-0767	4	无论	無論	wú lùn	2,4	Conj	无论	無論	no matter what or how; regardless of whether...
L4-0768	4	无数	無數	wú shù	2,4	Adj	无数	無數	countless; numberless; innumerable
L4-0769	4	无所谓	無所謂	wú suǒ wèi	2,3,4	V	无所谓	無所謂	to be indifferent; not to matter; cannot be said to be
L4-0770	4	无限	無限	wú xiàn	2,4	Adj	无限	無限	unlimited; unbounded
L4-0771	4	五颜六色	五顏六色	wǔ yán liù sè	3,2,4,4		五颜六色	五顏六色	multicolored; every color under the sun
L4-0772	4	误会	誤會	wù huì	4,4	V/N	误会	誤會	to misunderstand; to mistake; misunderstanding; CL:個|个[ge4]
L4-0773	4	西瓜	西瓜	xī guā	1,1	N	西瓜	西瓜	watermelon; CL:顆|颗[ke1]
L4-0774	4	吸	吸	xī	1	V	吸	吸	to breathe; to suck in; to absorb; to inhale
L4-0775	4	吸管	吸管	xī guǎn	1,3	N	吸管	吸管	(drinking) straw; pipette; eyedropper; snorkel; CL:支[zhi1]
L4-0776	4	吸收	吸收	xī shōu	1,1	V	吸收	吸收	to absorb; to assimilate; to ingest; to recruit
L4-0777	4	吸烟	吸煙	xī yān	1,1	V	吸烟	吸煙	to smoke
L4-0778	4	吸引	吸引	xī yǐn	1,3	V	吸引	吸引	to attract; to appeal to; to fascinate
L4-0779	4	喜爱	喜愛	xǐ ài	3,4	V	喜爱	喜愛	to like; to love; to be fond of; favorite
L4-0780	4	系列	系列	xì liè	4,4	N	系列	系列	series; set
L4-0781	4	系统	系統	xì tǒng	4,3	N/Adj	系统	系統	system; CL:個|个[ge4]
L4-0782	4	细	細	xì	4	Adj	细	細	thin or slender; finely particulate; thin and soft; fine; delicate; trifling; (of a sound) quiet; frugal
L4-0783	4	细节	細節	xì jié	4,2	N	细节	細節	details; particulars
L4-0784	4	细致	細緻	xì zhì	4,4	Adj	细致	細緻	delicate; fine; careful; meticulous; painstaking
L4-0785	4	下个月	下個月	xià gè yuè	4,4,4		下个月	下個月	next month
L4-0786	4	下降	下降	xià jiàng	4,4	V	下降	下降	to decline; to drop; to fall; to go down; to decrease
L4-0787	4	下楼	下樓	xià lóu	4,2		下楼	下樓	to go downstairs
L4-0788	4	下载	下載	xià zǎi	4,3	V	下载	下載	to download; also pr. [xia4zai4]
L4-0789	4	夏季	夏季	xià jì	4,4	N	夏季	夏季	summer
L4-0790	4	鲜	鮮	xiān	1	Adj	鲜	鮮	fresh; bright (in color); delicious; tasty; delicacy; aquatic foods
L4-0791	4	鲜花	鮮花	xiān huā	1,1	N	鲜花	鮮花	flower; fresh flowers; CL:朵[duo3]
L4-0792	4	鲜明	鮮明	xiān míng	1,2	Adj	鲜明	鮮明	(of colors) bright; fresh and clear; clear-cut; distinct
L4-0793	4	咸	鹹	xián	2	Adj	咸	鹹	salted; salty; stingy; miserly
L4-0794	4	显著	顯著	xiǎn zhù	3,4	Adj	显著	顯著	outstanding; notable; remarkable; statistically significant
L4-0795	4	县	縣	xiàn	4	N	县	縣	county; (Japan) prefecture
L4-0796	4	限制	限制	xiàn zhì	4,4	V/N	限制	限制	to restrict; to limit; to confine; restriction; limit; CL:個|个[ge4]
L4-0797	4	相处	相處	xiāng chǔ	1,3	V	相处	相處	to be in contact (with sb); to associate; to interact; to get along (well, poorly)
L4-0798	4	相反	相反	xiāng fǎn	1,3	Adj/Conj	相反	相反	opposite; contrary
L4-0799	4	箱	箱	xiāng	1	M	箱	箱	box; trunk; chest
L4-0800	4	箱子	箱子	xiāng zi	1,5	N	箱子	箱子	suitcase; chest; box; case; trunk; CL:隻|只[zhi1],個|个[ge4]
L4-0801	4	想念	想念	xiǎng niàn	3,4	V	想念	想念	to miss; to remember with longing; to long to see again
L4-0802	4	想象	想象	xiǎng xiàng	3,4	N/V	想象	想象	to imagine; to envision; imagination
L4-0803	4	项	項	xiàng	4	M	项	項	back of neck; item; thing; term (in a mathematical formula); sum (of money); classifier for principles, items, clauses, tasks, research projects etc
L4-0804	4	项目	項目	xiàng mù	4,4	N	项目	項目	item; project; (sports) event
L4-0805	4	相片	相片	xiàng piàn	4,4	N	相片	相片	image; photograph; CL:張|张[zhang1]
L4-0806	4	消化	消化	xiāo huà	1,4	V	消化	消化	to digest (food); (fig.) to absorb (information etc); to assimilate; to process
L4-0807	4	销售	銷售	xiāo shòu	1,4	V	销售	銷售	to sell; to market; sales (representative, agreement etc)
L4-0808	4	小吃	小吃	xiǎo chī	3,1	N	小吃	小吃	street food; snack
L4-0809	4	小伙子	小伙子	xiǎo huǒ zi	3,3,5	N	小伙子	小伙子	(coll.) young man; young fellow; lad
L4-0810	4	小型	小型	xiǎo xíng	3,2	Adj	小型	小型	small scale; small size
L4-0811	4	效率	效率	xiào lǜ	4,4	N	效率	效率	efficiency
L4-0812	4	些	些	xiē	1	M	些	些	classifier indicating a small amount or small number greater than 1: some, a few, several
L4-0813	4	心理	心理	xīn lǐ	1,3	N	心理	心理	psychology; mentality
L4-0814	4	新郎	新郎	xīn láng	1,2	N	新郎	新郎	bridegroom; groom
L4-0815	4	新娘	新娘	xīn niáng	1,2	N	新娘	新娘	bride
L4-0816	4	新鲜	新鮮	xīn xiān	1,1	Adj	新鲜	新鮮	fresh (experience, food etc); freshness; novel; uncommon
L4-0817	4	新型	新型	xīn xíng	1,2	Adj	新型	新型	new type; new kind
L4-0818	4	兴奋	興奮	xīng fèn	1,4	Adj	兴奋	興奮	excited; excitement; (physiology) excitation
L4-0819	4	形容	形容	xíng róng	2,2	V	形容	形容	to describe; (literary) countenance; appearance
L4-0820	4	形势	形勢	xíng shì	2,4	N	形势	形勢	circumstances; situation; terrain; CL:個|个[ge4]
L4-0821	4	型	型	xíng	2	N	型	型	mold; type; style; model
L4-0822	4	型号	型號	xíng hào	2,4	N	型号	型號	model (particular version of a manufactured article); type (product specification in terms of color, size etc)
L4-0823	4	醒	醒	xǐng	3	V	醒	醒	to wake up; to be awake; to become aware; to sober up; to come to
L4-0824	4	兴趣	興趣	xìng qù	4,4	N	兴趣	興趣	interest (desire to know about sth); interest (thing in which one is interested); hobby
L4-0825	4	性质	性質	xìng zhì	4,4	N	性质	性質	nature; characteristic; CL:個|个[ge4]
L4-0826	4	兄弟	兄弟	xiōng dì	1,4	N	兄弟	兄弟	brothers; younger brother; CL:個|个[ge4]; I, me (humble term used by men in public speech); brotherly; fraternal
L4-0827	4	胸部	胸部	xiōng bù	1,4	N	胸部	胸部	chest; bosom
L4-0828	4	修理	修理	xiū lǐ	1,3	V	修理	修理	to repair; to fix; to prune; to trim; (coll.) to sort sb out; to fix sb
L4-0829	4	选择	選擇	xuǎn zé	3,2	V/N	选择	選擇	to select; to pick; choice; option; alternative
L4-0830	4	学分	學分	xué fēn	2,1	N	学分	學分	course credit
L4-0831	4	学年	學年	xué nián	2,2	N	学年	學年	academic year
L4-0832	4	学时	學時	xué shí	2,2	N	学时	學時	class hour; period
L4-0833	4	学术	學術	xué shù	2,4	N	学术	學術	learning; science; academic; CL:個|个[ge4]
L4-0834	4	学问	學問	xué wèn	2,4	N	学问	學問	learning; knowledge; scholarship; a body of specialized knowledge (CL:門|门[men2]); (fig.) any activity that demands expertise, skill or experience (e.g. gathering forensic evidence, selecting clothing, managing relationships)
L4-0835	4	寻找	尋找	xún zhǎo	2,3	V	寻找	尋找	to seek; to look for
L4-0836	4	迅速	迅速	xùn sù	4,4	Adj	迅速	迅速	rapid; speedy; fast
L4-0837	4	牙	牙	yá	2	N	牙	牙	tooth; ivory; CL:顆|颗[ke1]
L4-0838	4	牙刷	牙刷	yá shuā	2,1	N	牙刷	牙刷	toothbrush; CL:把[ba3]
L4-0839	4	亚运会	亞運會	Yà yùn huì	4,4,4	N	亚运会	亞運會	Asian Games
L4-0840	4	呀	呀	ya	5	Aux	呀	呀	(particle equivalent to 啊 after a vowel, expressing surprise or doubt)
L4-0841	4	延长	延長	yán cháng	2,2	V	延长	延長	to prolong; to extend; to delay
L4-0842	4	延期	延期	yán qī	2,1		延期	延期	to delay; to extend; to postpone; to defer
L4-0843	4	延续	延續	yán xù	2,4	V	延续	延續	to continue; to go on; to last
L4-0844	4	严	嚴	yán	2	Adj	严	嚴	tight (closely sealed); stern; strict; rigorous; severe; father
L4-0845	4	严格	嚴格	yán gé	2,2	Adj/V	严格	嚴格	strict; stringent; tight; rigorous
L4-0846	4	严重	嚴重	yán zhòng	2,4	Adj	严重	嚴重	grave; serious; severe; critical
L4-0847	4	研究	研究	yán jiū	2,1	V	研究	研究	research; a study; CL:項|项[xiang4]; to research; to look into
L4-0848	4	研究生	研究生	yán jiū shēng	2,1,1	N	研究生	研究生	graduate student; postgraduate student; research student
L4-0849	4	研制	研製	yán zhì	2,4	V	研制	研製	to research and manufacture; to research and to develop
L4-0850	4	盐	鹽	yán	2	N	盐	鹽	salt; CL:粒[li4]
L4-0851	4	眼镜	眼鏡	yǎn jìng	3,4	N	眼镜	眼鏡	spectacles; eyeglasses; CL:副[fu4]
L4-0852	4	眼泪	眼淚	yǎn lèi	3,4	N	眼泪	眼淚	tear; teardrop; CL:滴[di1]
L4-0853	4	眼里	眼裡	yǎnli		N	眼里	眼裡	in one's eyes; in one's view
L4-0854	4	演讲	演講	yǎn jiǎng	3,3	V	演讲	演講	to give a lecture; to make a speech
L4-0855	4	阳台	陽臺	yáng tái	2,2	N	阳台	陽臺	balcony; porch
L4-0856	4	养成	養成	yǎng chéng	3,2	V	养成	養成	to cultivate; to raise; to form (a habit); to acquire
L4-0857	4	腰	腰	yāo	1	N	腰	腰	the waist and lower back; (bound form) kidney of an animal (as food); the waist of trousers or a skirt; (metonym) money pouch; pocket; (bound form) the middle section of an upright object (mountain, bottle etc)
L4-0858	4	摇	搖	yáo	2	V	摇	搖	to shake; to rock; to row; to crank
L4-0859	4	药物	藥物	yào wù	4,4	N	药物	藥物	medicaments; pharmaceuticals; medication; medicine; drug
L4-0860	4	要	要	yào	4	Conj	要	要	to want; to need; to ask for; will; shall; about to; need to; should; if (same as 要是[yao4 shi5]); (bound form) important
L4-0861	4	业余	業餘	yè yú	4,2	Adj	业余	業餘	in one's spare time; outside working hours; amateur (historian etc)
L4-0862	4	叶子	葉子	yè zi	4,5	N	叶子	葉子	leaf (CL:片[pian4]); (slang) marijuana
L4-0863	4	医疗	醫療	yī liáo	1,2	V	医疗	醫療	medical treatment
L4-0864	4	医学	醫學	yī xué	1,2	N	医学	醫學	medicine; medical science; study of medicine
L4-0865	4	依靠	依靠	yī kào	1,4	V/N	依靠	依靠	to rely on; to depend on
L4-0866	4	依然	依然	yī rán	1,2	Adv	依然	依然	still; as before
L4-0867	4	一律	一律	yī lǜ	1,4	Adv	一律	一律	same; identical; uniformly; all; without exception
L4-0868	4	一再	一再	yī zài	1,4	Adv	一再	一再	repeatedly
L4-0869	4	一致	一致	yī zhì	1,4	Adj/Adv	一致	一致	consistent; unanimous; in agreement; together; in unison
L4-0870	4	移	移	yí	2	V	移	移	to move; to shift; to change; to alter; to remove
L4-0871	4	移动	移動	yí dòng	2,4	V	移动	移動	to move; movement; migration; mobile; portable
L4-0872	4	移民	移民	yí mín	2,2	V/N	移民	移民	to immigrate; to migrate; emigrant; immigrant
L4-0873	4	遗产	遺產	yí chǎn	2,3	N	遗产	遺產	heritage; legacy; inheritance; bequest; CL:筆|笔[bi3]
L4-0874	4	遗传	遺傳	yí chuán	2,2	V	遗传	遺傳	heredity; to inherit (a trait); to pass on (to one's offspring)
L4-0875	4	疑问	疑問	yí wèn	2,4	N	疑问	疑問	question; interrogation; doubt
L4-0876	4	以及	以及	yǐ jí	3,2	Conj	以及	以及	and; as well as
L4-0877	4	以内	以內	yǐ nèi	3,4	N	以内	以內	within; less than
L4-0878	4	一般来说	一般來說	yī bān lái shuō	1,1,2,1		一般来说	一般來說	generally speaking
L4-0879	4	义务	義務	yì wù	4,4	N	义务	義務	duty; obligation (CL:項|项[xiang4]); volunteer (work etc)
L4-0880	4	议论	議論	yì lùn	4,4	V/N	议论	議論	to comment; to talk about; to discuss; discussion; CL:個|个[ge4]
L4-0881	4	引	引	yǐn	3	V	引	引	to draw (e.g. a bow); to pull; to stretch sth; to extend; to lengthen; to involve or implicate in; to attract; to lead; to guide; to leave; to provide evidence or justification for; old unit of distance equal to 10 丈[zhang4], one-thirtieth of a km or 33.33 meters
L4-0882	4	引导	引導	yǐn dǎo	3,3	V	引导	引導	to guide; to lead (around); to conduct; to boot; introduction; primer
L4-0883	4	引进	引進	yǐn jìn	3,4	V	引进	引進	to recommend; to introduce (from outside)
L4-0884	4	引起	引起	yǐn qǐ	3,3	V	引起	引起	to give rise to; to lead to; to cause; to arouse
L4-0885	4	应	應	yīng	1	V	应	應	to agree (to do sth); should; ought to; must; (legal) shall
L4-0886	4	英勇	英勇	yīng yǒng	1,3	Adj	英勇	英勇	heroic; gallant; valiant
L4-0887	4	营业	營業	yíng yè	2,4	V	营业	營業	to do business; to trade
L4-0888	4	赢得	贏得	yíng dé	2,2	V	赢得	贏得	to win; to gain
L4-0889	4	影子	影子	yǐng zi	3,5	N	影子	影子	shadow; reflection; (fig.) hint; indication; influence; CL:個|个[ge4]
L4-0890	4	勇敢	勇敢	yǒng gǎn	3,3	Adj	勇敢	勇敢	brave; courageous
L4-0891	4	勇气	勇氣	yǒng qì	3,4	N	勇气	勇氣	courage
L4-0892	4	用途	用途	yòng tú	4,2	N	用途	用途	use; application
L4-0893	4	优良	優良	yōu liáng	1,2	Adj	优良	優良	fine; good; first-rate
L4-0894	4	优美	優美	yōu měi	1,3	Adj	优美	優美	graceful; fine; elegant
L4-0895	4	优秀	優秀	yōu xiù	1,4	Adj	优秀	優秀	outstanding; excellent
L4-0896	4	邮局	郵局	yóu jú	2,2	N	邮局	郵局	post office; CL:家[jia1],個|个[ge4]
L4-0897	4	有劲儿	有勁兒	yǒujìnr			有劲儿	有勁兒	strong; energetic; interesting
L4-0898	4	有趣	有趣	yǒu qù	3,4	Adj	有趣	有趣	interesting; fascinating; amusing
L4-0899	4	有限	有限	yǒu xiàn	3,4	Adj	有限	有限	limited; finite
L4-0900	4	幼儿园	幼兒園	yòu ér yuán	4,2,2	N	幼儿园	幼兒園	kindergarten; nursery school
L4-0901	4	于是	於是	yú shì	2,4	Conj	于是	於是	thereupon; as a result; consequently; thus; hence
L4-0902	4	语法	語法	yǔ fǎ	3,3	N	语法	語法	grammar
L4-0903	4	语音	語音	yǔ yīn	3,1	N	语音	語音	speech sounds; pronunciation; colloquial (rather than literary) pronunciation of a Chinese character; phonetic; audio; voice; (Internet) to voice chat; voice message
L4-0904	4	玉	玉	yù	4	N	玉	玉	jade
L4-0905	4	玉米	玉米	yù mǐ	4,3	N	玉米	玉米	corn; maize; CL:粒[li4]
L4-0906	4	预测	預測	yù cè	4,4	V	预测	預測	to forecast; to predict
L4-0907	4	预订	預訂	yù dìng	4,4	V	预订	預訂	to place an order; to book ahead
L4-0908	4	遇	遇	yù	4	V	遇	遇	(bound form) to encounter; to happen upon; to meet unplanned; (bound form) to treat; to receive
L4-0909	4	遇到	遇到	yù dào	4,4		遇到	遇到	to meet; to run into; to come across
L4-0910	4	遇见	遇見	yù jiàn	4,4	V	遇见	遇見	to meet
L4-0911	4	原料	原料	yuán liào	2,4	N	原料	原料	raw material
L4-0912	4	原则	原則	yuán zé	2,2	N	原则	原則	principle; doctrine; CL:個|个[ge4]
L4-0913	4	圆	圓	yuán	2	Adj/N	圆	圓	circle; round; circular; spherical; (of the moon) full; unit of Chinese currency (yuan); tactful; to make consistent and whole (the narrative of a dream or a lie)
L4-0914	4	圆满	圓滿	yuán mǎn	2,3	Adj	圆满	圓滿	satisfactory; consummate; perfect
L4-0915	4	约会	約會	yuē huì	1,4	V/N	约会	約會	appointment; engagement; date; CL:次[ci4],個|个[ge4]; to arrange to meet
L4-0916	4	月底	月底	yuè dǐ	4,3	N	月底	月底	end of the month
L4-0917	4	阅读	閱讀	yuè dú	4,2	V	阅读	閱讀	to read; reading
L4-0918	4	运动会	運動會	yùn dòng huì	4,4,4	N	运动会	運動會	sports competition; CL:個|个[ge4]
L4-0919	4	运动员	運動員	yùn dòng yuán	4,4,2	N	运动员	運動員	athlete; CL:名[ming2],個|个[ge4]
L4-0920	4	运气	運氣	yùn qi	4,5	N	运气	運氣	luck (good or bad)
L4-0921	4	运用	運用	yùn yòng	4,4	V	运用	運用	to use; to put to use
L4-0922	4	再三	再三	zài sān	4,1	Adv	再三	再三	over and over again; again and again
L4-0923	4	在乎	在乎	zài hu	4,5	V	在乎	在乎	to rest with; to lie in; to be due to (a certain attribute); (often used in the negative) to care about
L4-0924	4	在于	在於	zài yú	4,2	V	在于	在於	to rest with; to lie in; to be due to (a certain attribute); (of a matter) to be determined by; to be up to (sb)
L4-0925	4	赞成	贊成	zàn chéng	4,2	V	赞成	贊成	to approve; to endorse; (literary) to assist
L4-0926	4	赞赏	讚賞	zàn shǎng	4,3	V	赞赏	讚賞	to admire; to praise; to appreciate
L4-0927	4	赞助	贊助	zàn zhù	4,4	V	赞助	贊助	to support; to assist; to sponsor
L4-0928	4	造型	造型	zào xíng	4,2	N	造型	造型	to model; to shape; appearance; style; design; form; pose
L4-0929	4	战斗	戰鬥	zhàn dòu	4,4	V/N	战斗	戰鬥	to fight; to engage in combat; struggle; battle; CL:場|场[chang2],次[ci4]
L4-0930	4	战胜	戰勝	zhàn shèng	4,4	V	战胜	戰勝	to prevail over; to defeat; to surmount
L4-0931	4	战士	戰士	zhàn shì	4,4	N	战士	戰士	fighter; soldier; warrior; CL:個|个[ge4]
L4-0932	4	战争	戰爭	zhàn zhēng	4,1	N	战争	戰爭	war; conflict; CL:場|场[chang2],次[ci4]
L4-0933	4	丈夫	丈夫	zhàng fu	4,5	N	丈夫	丈夫	husband
L4-0934	4	招呼	招呼	zhāo hu	1,5	V	招呼	招呼	to call out to; to greet; to say hello to; to inform; to take care of; to take care that one does not
L4-0935	4	着	著	zháo	2	V	着	著	to touch; to come in contact with; to feel; to be affected by; to catch fire; to burn; (coll.) to fall asleep; (after a verb) hitting the mark; succeeding in
L4-0936	4	着火	著火	zháo huǒ	2,3		着火	著火	to catch fire
L4-0937	4	着急	著急	zháo jí	2,2		着急	著急	to worry; to feel anxious; to feel a sense of urgency; to be in a hurry; Taiwan pr. [zhao1ji2]
L4-0938	4	召开	召開	zhào kāi	4,1	V	召开	召開	to convene (a conference or meeting); to convoke; to call together
L4-0939	4	折	折	zhé	2	V	折	折	to break; to fracture; to snap; to suffer loss; to bend; to twist; to turn; to change direction; convinced; to convert into (currency); discount; rebate; tenth (in price); classifier for theatrical scenes; to fold; accounts book
L4-0940	4	针	針	zhēn	1	N	针	針	needle; pin; injection; stitch; CL:根[gen1],支[zhi1]
L4-0941	4	针对	針對	zhēn duì	1,4	V	针对	針對	to target; to focus on; to be aimed at or against; in response to
L4-0942	4	阵	陣	zhèn	4	M	阵	陣	disposition of troops; wave; spate; burst; spell; short period of time; classifier for events or states of short duration
L4-0943	4	争论	爭論	zhēng lùn	1,4	V	争论	爭論	to argue; to debate; to contend; argument; contention; controversy; debate; CL:次[ci4],場|场[chang3]
L4-0944	4	征服	征服	zhēng fú	1,2	V	征服	征服	to conquer; to subdue; to vanquish
L4-0945	4	征求	徵求	zhēng qiú	1,2	V	征求	徵求	to solicit; to seek; to request (opinions, feedback etc); to petition
L4-0946	4	政府	政府	zhèng fǔ	4,3	N	政府	政府	government; CL:個|个[ge4]
L4-0947	4	政治	政治	zhèng zhì	4,4	N	政治	政治	politics; political
L4-0948	4	之后	之後	zhī hòu	1,4	N	之后	之後	after; behind; (at the beginning of a sentence) afterwards; since then
L4-0949	4	之间	之間	zhī jiān	1,1	N	之间	之間	(after a noun) between; among; amid; (used after certain bisyllabic words to form expressions indicating a short period of time, e.g. 彈指之間|弹指之间[tan2 zhi3 zhi1 jian1])
L4-0950	4	之前	之前	zhī qián	1,2	N	之前	之前	before; prior to; ago; previously; beforehand
L4-0951	4	之一	之一	zhī yī	1,1	N	之一	之一	one of (sth); one out of a multitude; one (third, quarter, percent etc)
L4-0952	4	支	支	zhī	1	V	支	支	to support; to sustain; to erect; to raise; branch; division; to draw money; classifier for rods such as pens and guns, for army divisions and for songs or compositions
L4-0953	4	植物	植物	zhí wù	2,4	N	植物	植物	plant; vegetation; CL:種|种[zhong3]
L4-0954	4	指挥	指揮	zhǐ huī	3,1	V/N	指挥	指揮	to conduct; to command; to direct; conductor (of an orchestra); CL:個|个[ge4]
L4-0955	4	制订	制訂	zhì dìng	4,4	V	制订	制訂	to work out; to formulate
L4-0956	4	质量	質量	zhì liàng	4,4	N	质量	質量	(physics) mass; quality (i.e. degree of excellence); quality and quantity
L4-0957	4	治	治	zhì	4	V	治	治	to rule; to govern; to manage; to control; to harness (a river); to treat (a disease); to wipe out (a pest); to punish; to research
L4-0958	4	治疗	治療	zhì liáo	4,2	V	治疗	治療	to treat (an illness); medical treatment; therapy
L4-0959	4	智力	智力	zhì lì	4,4	N	智力	智力	intelligence; intellect
L4-0960	4	智能	智能	zhì néng	4,2	N	智能	智能	intelligent; able; smart (phone, system, bomb etc)
L4-0961	4	中介	中介	zhōng jiè	1,4	N	中介	中介	to act as intermediary; to link; intermediate; inter-; agency; agent
L4-0962	4	种类	種類	zhǒng lèi	3,4	N	种类	種類	kind; genus; type; category; variety; species; sort; class
L4-0963	4	中奖	中獎	zhòng jiǎng	4,3		中奖	中獎	to win a prize (in a lottery etc)
L4-0964	4	种	種	zhòng	4	V	种	種	to plant; to grow; to cultivate
L4-0965	4	种植	種植	zhòng zhí	4,2	V	种植	種植	to plant; to grow (a crop); to cultivate
L4-0966	4	重量	重量	zhòng liàng	4,4	N	重量	重量	weight; CL:個|个[ge4]
L4-0967	4	逐步	逐步	zhú bù	2,4	Adv	逐步	逐步	progressively; step by step
L4-0968	4	逐渐	逐漸	zhú jiàn	2,4	Adv	逐渐	逐漸	gradually
L4-0969	4	主题	主題	zhǔ tí	3,2	N	主题	主題	theme; subject
L4-0970	4	主席	主席	zhǔ xí	3,2	N	主席	主席	chairperson; premier; chairman; CL:個|个[ge4],位[wei4]
L4-0971	4	祝福	祝福	zhù fú	4,2	V	祝福	祝福	blessings; to wish sb well
L4-0972	4	著名	著名	zhù míng	4,2	Adj	著名	著名	famous; noted; well-known; celebrated
L4-0973	4	著作	著作	zhù zuò	4,4	N	著作	著作	to write; literary work; book; article; writings; CL:部[bu4]
L4-0974	4	抓紧	抓緊	zhuā jǐn	1,3		抓紧	抓緊	to keep a firm grip on; to pay close attention to; to lose no time in (doing sth)
L4-0975	4	专心	專心	zhuān xīn	1,1	Adj	专心	專心	to focus one's attention; to concentrate on (doing sth)
L4-0976	4	转动	轉動	zhuǎn dòng	3,4	V	转动	轉動	to turn sth around; to swivel
L4-0977	4	转告	轉告	zhuǎn gào	3,4	V	转告	轉告	to pass on; to communicate; to transmit
L4-0978	4	转身	轉身	zhuǎn shēn	3,1		转身	轉身	(of a person) to turn round; to face about; (of a widow) to remarry (archaic)
L4-0979	4	转弯	轉彎	zhuǎn wān	3,1		转弯	轉彎	to turn; to go around a corner
L4-0980	4	转移	轉移	zhuǎn yí	3,2	V	转移	轉移	to shift; to relocate; to transfer; (fig.) to shift (attention); to change (the subject etc); (medicine) to metastasize
L4-0981	4	装修	裝修	zhuāng xiū	1,1	V	装修	裝修	to decorate; interior decoration; to fit up; to renovate
L4-0982	4	装置	裝置	zhuāng zhì	1,4	V/N	装置	裝置	to install; installation; equipment; system; unit; device
L4-0983	4	追求	追求	zhuī qiú	1,2	V	追求	追求	to pursue (a goal etc) stubbornly; to seek after; to woo
L4-0984	4	准时	準時	zhǔn shí	3,2	Adj	准时	準時	on time; punctual; on schedule
L4-0985	4	资料	資料	zī liào	1,4	N	资料	資料	material; resources; data; information; profile (Internet); CL:份[fen4],個|个[ge4]
L4-0986	4	资源	資源	zī yuán	1,2	N	资源	資源	natural resource (such as water or minerals); resource (such as manpower or tourism)
L4-0987	4	自	自	zì	4	Prep	自	自	(bound form) self; oneself; from; since; naturally; as a matter of course
L4-0988	4	自信	自信	zì xìn	4,4	V	自信	自信	to have confidence in oneself; self-confidence
L4-0989	4	字母	字母	zì mǔ	4,3	N	字母	字母	letter (of the alphabet); CL:個|个[ge4]
L4-0990	4	综合	綜合	zōng hé	1,2	V	综合	綜合	comprehensive; composite; synthesized; mixed; to sum up; to integrate; to synthesize
L4-0991	4	总共	總共	zǒng gòng	3,4	Adv	总共	總共	altogether; in sum; in all; in total
L4-0992	4	总理	總理	zǒng lǐ	3,3	N	总理	總理	premier; prime minister; CL:個|个[ge4],位[wei4],名[ming2]
L4-0993	4	总统	總統	zǒng tǒng	3,3	N	总统	總統	president (of a country); CL:個|个[ge4],位[wei4],名[ming2],屆|届[jie4]
L4-0994	4	总之	總之	zǒng zhī	3,1	Conj	总之	總之	in a word; in short; in brief
L4-0995	4	阻止	阻止	zǔ zhǐ	3,3	V	阻止	阻止	to prevent; to block
L4-0996	4	嘴巴	嘴巴	zuǐ ba	3,5	N	嘴巴	嘴巴	mouth (CL:張|张[zhang1]); slap in the face
L4-0997	4	最初	最初	zuì chū	4,1	N	最初	最初	first; primary; initial; original; at first; initially; originally
L4-0998	4	作出	作出	zuò chū	4,1		作出	作出	to put out; to come up with; to make (a choice, decision, proposal, response, comment etc); to issue (a permit, statement, explanation, apology, reassurance to the public etc); to draw (conclusion); to deliver (speech, judgment); to devise (explanation); to extract
L4-0999	4	作为	作為	zuò wéi	4,2	Prep/V	作为	作為	one's conduct; deed; activity; accomplishment; achievement; to act as; as (in the capacity of); qua; to view as; to look upon (sth as); to take sth to be
L4-1000	4	做梦	做夢	zuò mèng	4,4		做梦	做夢	to dream; to have a dream; (fig.) to indulge in wishful thinking
L5-0001	5	安慰	安慰	ān wèi	1,4	V/Adj	安慰	安慰	to comfort; to console
L5-0002	5	岸	岸	àn	4	N	岸	岸	bank; shore; beach; coast
L5-0003	5	岸上	岸上	àn shàng	4,4		岸上	岸上	ashore; on the riverbank
L5-0004	5	按摩	按摩	àn mó	4,2	V	按摩	按摩	massage; to massage
L5-0005	5	拔	拔	bá	2	V	拔	拔	to pull up; to pull out; to draw out by suction; to select; to pick; to stand out (above level); to surpass; to seize
L5-0006	5	白酒	白酒	bái jiǔ	2,3	N	白酒	白酒	baijiu, a spirit usually distilled from sorghum; (Tw) white wine (abbr. for 白葡萄酒[bai2 pu2 tao5 jiu3])
L5-0007	5	拜访	拜訪	bài fǎng	4,3	V	拜访	拜訪	to pay a visit; to call on
L5-0008	5	版	版	bǎn	3	N	版	版	a register; block of printing; edition; version; page
L5-0009	5	扮演	扮演	bàn yǎn	4,3	V	扮演	扮演	to play the role of; to act
L5-0010	5	棒	棒	bàng	4	Adj	棒	棒	stick; club; cudgel; smart; capable; strong; wonderful; classifier for legs of a relay race
L5-0011	5	包围	包圍	bāo wéi	1,2	V	包围	包圍	to surround; to encircle; to hem in
L5-0012	5	包装	包裝	bāo zhuāng	1,1	V/N	包装	包裝	to wrap; to package (goods etc); packaging; packing materials; (fig.) to present attractively; to craft an image; to package (sb or sth)
L5-0013	5	保卫	保衛	bǎo wèi	3,4	V	保卫	保衛	to defend; to safeguard
L5-0014	5	保养	保養	bǎo yǎng	3,3	V	保养	保養	to take good care of (or conserve) one's health; to keep in good repair; to maintain; maintenance
L5-0015	5	报答	報答	bào dá	4,2	V	报答	報答	to repay; to requite
L5-0016	5	报警	報警	bào jǐng	4,3		报警	報警	to sound an alarm; to report sth to the police
L5-0017	5	抱怨	抱怨	bào yuàn	4,4	V	抱怨	抱怨	to complain; to grumble; to harbor a complaint; to feel dissatisfied
L5-0018	5	背包	背包	bēi bāo	1,1	N	背包	背包	knapsack; rucksack; infantry pack; field pack; blanket roll; CL:個|个[ge4]
L5-0019	5	悲剧	悲劇	bēi jù	1,4	N	悲剧	悲劇	tragedy; CL:齣|出[chu1]
L5-0020	5	悲伤	悲傷	bēi shāng	1,1	Adj	悲伤	悲傷	sad; sorrowful
L5-0021	5	北极	北極	běi jí	3,2	N	北极	北極	the North Pole; the north magnetic pole
L5-0022	5	被动	被動	bèi dòng	4,4	Adj	被动	被動	passive
L5-0023	5	辈	輩	bèi	4	N	辈	輩	lifetime; generation; group of people; class; classifier for generations; (literary) classifier for people
L5-0024	5	本人	本人	běn rén	3,2	Pron	本人	本人	I; me; myself; oneself; yourself; himself; herself; the person concerned
L5-0025	5	鼻子	鼻子	bí zi	2,5	N	鼻子	鼻子	nose; CL:個|个[ge4],隻|只[zhi1]
L5-0026	5	比方	比方	bǐ fang	3,5	N/V	比方	比方	analogy; illustrative example; for instance
L5-0027	5	比重	比重	bǐ zhòng	3,4	N	比重	比重	proportion; specific gravity
L5-0028	5	彼此	彼此	bǐ cǐ	3,3	Pron	彼此	彼此	each other; one another
L5-0029	5	必	必	bì	4	Adv	必	必	certainly; must; will; necessarily
L5-0030	5	必需	必需	bì xū	4,1	V	必需	必需	to need; to require; essential; indispensable
L5-0031	5	毕竟	畢竟	bì jìng	4,4	Adv	毕竟	畢竟	after all; all in all; when all is said and done; in the final analysis
L5-0032	5	闭幕	閉幕	bì mù	4,4		闭幕	閉幕	the curtain falls; lower the curtain; to come to an end (of a meeting)
L5-0033	5	闭幕式	閉幕式	bì mù shì	4,4,4	N	闭幕式	閉幕式	closing ceremony
L5-0034	5	边境	邊境	biān jìng	1,4	N	边境	邊境	frontier; border
L5-0035	5	编辑	編輯	biān jí	1,2	V	编辑	編輯	to edit; to compile; editor; compiler
L5-0036	5	编辑	編輯	biān jí	1,2	N	编辑	編輯	to edit; to compile; editor; compiler
L5-0037	5	变动	變動	biàn dòng	4,4	V	变动	變動	to change; to fluctuate; change; fluctuation
L5-0038	5	便利	便利	biàn lì	4,4	Adj/V	便利	便利	convenient; easy; to facilitate
L5-0039	5	便条	便條	biàn tiáo	4,2	N	便条	便條	(informal) note; CL:張|张[zhang1],個|个[ge4]
L5-0040	5	便于	便於	biàn yú	4,2	V	便于	便於	easy to; convenient for
L5-0041	5	宾馆	賓館	bīn guǎn	1,3	N	宾馆	賓館	guesthouse; lodge; hotel; CL:個|个[ge4],家[jia1]
L5-0042	5	饼	餅	bǐng	3	N	饼	餅	round flat cake; cookie; cake; pastry; CL:張|张[zhang1]
L5-0043	5	饼干	餅乾	bǐng gān	3,1	N	饼干	餅乾	biscuit; cracker; cookie; CL:片[pian4],塊|块[kuai4]
L5-0044	5	病毒	病毒	bìng dú	4,2	N	病毒	病毒	virus
L5-0045	5	玻璃	玻璃	bō li	1,5	N	玻璃	玻璃	glass; CL:張|张[zhang1],塊|块[kuai4]; (slang) male homosexual
L5-0046	5	博客	博客	bó kè	2,4	N	博客	博客	(loanword) a blog; a blogger
L5-0047	5	博览会	博覽會	bó lǎn huì	2,3,4	N	博览会	博覽會	an exposition; an international fair
L5-0048	5	博士	博士	bó shì	2,4	N	博士	博士	doctor (as an academic degree); (old) person specialized in a skill or trade; (old) court academician
L5-0049	5	博物馆	博物館	bó wù guǎn	2,4,3	N	博物馆	博物館	museum
L5-0050	5	薄弱	薄弱	bó ruò	2,4	Adj	薄弱	薄弱	weak; frail
L5-0051	5	不顾	不顧	bù gù	4,4	V	不顾	不顧	in spite of; regardless of
L5-0052	5	不利	不利	bù lì	4,4	Adj	不利	不利	unfavorable; disadvantageous; harmful; detrimental
L5-0053	5	不耐烦	不耐煩	bù nài fán	4,4,2		不耐烦	不耐煩	impatient; to lose patience
L5-0054	5	不幸	不幸	bù xìng	4,4	Adj	不幸	不幸	misfortune; adversity; unfortunate; sad; unfortunately; CL:個|个[ge4]
L5-0055	5	不易	不易	bù yì	4,4	Adj	不易	不易	not easy to do sth; difficult; unchanging
L5-0056	5	补偿	補償	bǔ cháng	3,2	V	补偿	補償	to compensate; to make up
L5-0057	5	补贴	補貼	bǔ tiē	3,1	V/N	补贴	補貼	to subsidize; subsidy; allowance; to supplement (one's salary etc); benefit
L5-0058	5	不曾	不曾	bù céng	4,2	Adv	不曾	不曾	hasn't yet; hasn't ever
L5-0059	5	不得了	不得了	bù dé liǎo	4,2,3	Adj	不得了	不得了	desperately serious; disastrous; extremely; exceedingly
L5-0060	5	不敢当	不敢當	bù gǎn dāng	4,3,1	V	不敢当	不敢當	lit. I dare not (accept the honor); fig. I don't deserve your praise; you flatter me
L5-0061	5	不良	不良	bù liáng	4,2	Adj	不良	不良	bad; harmful; unhealthy; (of a device, connection, material etc) defective; faulty
L5-0062	5	不免	不免	bù miǎn	4,3	Adv	不免	不免	inevitably
L5-0063	5	不能不	不能不	bù néng bù	4,2,4		不能不	不能不	have to; cannot but
L5-0064	5	不时	不時	bù shí	4,2	Adv	不时	不時	from time to time; now and then; occasionally; frequently
L5-0065	5	不停	不停	bù tíng	4,2		不停	不停	incessant
L5-0066	5	不许	不許	bù xǔ	4,3	V	不许	不許	not to allow; must not; can't
L5-0067	5	不止	不止	bù zhǐ	4,3	V	不止	不止	incessantly; without end; more than; not limited to
L5-0068	5	不足	不足	bù zú	4,2	Adj/V	不足	不足	insufficient; lacking; deficiency; not enough; inadequate; not worth; cannot; should not
L5-0069	5	部位	部位	bù wèi	4,4	N	部位	部位	part (esp. of the body, but also of a vegetable, e.g. the root, or a garment, e.g. the sleeve, etc)
L5-0070	5	猜	猜	cāi	1	V	猜	猜	to guess
L5-0071	5	猜测	猜測	cāi cè	1,4	V	猜测	猜測	to guess; to conjecture; to surmise
L5-0072	5	裁判	裁判	cái pàn	2,4	V/N	裁判	裁判	(law) to judge; to adjudicate; verdict; judgement; (sports) to referee; (sports) umpire; referee; judge
L5-0073	5	采购	採購	cǎi gòu	3,4	V/N	采购	採購	to procure (for an enterprise etc); to purchase
L5-0074	5	彩票	彩票	cǎi piào	3,4	N	彩票	彩票	lottery ticket
L5-0075	5	餐馆	餐館	cān guǎn	1,3	N	餐馆	餐館	restaurant; CL:家[jia1]
L5-0076	5	餐厅	餐廳	cān tīng	1,1	N	餐厅	餐廳	dining hall; dining room; restaurant; CL:間|间[jian1],家[jia1]
L5-0077	5	餐饮	餐飲	cān yǐn	1,3	N	餐饮	餐飲	food and beverage; catering; repast
L5-0078	5	草原	草原	cǎo yuán	3,2	N	草原	草原	grassland; prairie; CL:片[pian4]
L5-0079	5	册	冊	cè	4	M	册	冊	book; booklet; classifier for books
L5-0080	5	层次	層次	céng cì	2,4	N	层次	層次	layer; level; gradation; arrangement of ideas; (a person's) standing
L5-0081	5	叉	叉	chā	1	V	叉	叉	fork; pitchfork; prong; pick; cross; intersect; "X"
L5-0082	5	叉子	叉子	chā zi	1,5	N	叉子	叉子	fork; CL:把[ba3]
L5-0083	5	差别	差別	chā bié	1,2	N	差别	差別	difference; distinction; disparity
L5-0084	5	差距	差距	chā jù	1,4	N	差距	差距	disparity; gap
L5-0085	5	插	插	chā	1	V	插	插	to insert; stick in; pierce; to take part in; to interfere; to interpose
L5-0086	5	查询	查詢	chá xún	2,2	V	查询	查詢	to check; to inquire; to consult (a document etc); inquiry; query
L5-0087	5	差点儿	差點兒	chà diǎn r	4,3,5	Adv	差（一）点儿	差（一）點兒	erhua variant of 差點|差点[cha4 dian3]
L5-0088	5	拆	拆	chāi	1	V	拆	拆	to tear open; to tear down; to tear apart; to open
L5-0089	5	拆除	拆除	chāi chú	1,2	V	拆除	拆除	to tear down; to demolish; to dismantle; to remove
L5-0090	5	产业	產業	chǎn yè	3,4	N	产业	產業	industry; estate; property; industrial
L5-0091	5	长度	長度	cháng dù	2,4	N	长度	長度	length
L5-0092	5	长寿	長壽	cháng shòu	2,4	Adj	长寿	長壽	longevity; long-lived
L5-0093	5	肠	腸	cháng	2	N	肠	腸	intestines
L5-0094	5	尝	嚐	cháng	2	V	尝	嚐|嘗	to taste; to try (food); to experience; (literary) ever; once
L5-0095	5	尝试	嘗試	cháng shì	2,4	V/N	尝试	嘗試	to try (to see what it's like or whether one can do it)
L5-0096	5	厂长	廠長	chǎng zhǎng	3,3	N	厂长	廠長	factory director
L5-0097	5	场面	場面	chǎng miàn	3,4	N	场面	場面	scene; spectacle; occasion; situation
L5-0098	5	倡导	倡導	chàng dǎo	4,3	V	倡导	倡導	to advocate; to initiate; to propose; to be a proponent of (an idea or school of thought)
L5-0099	5	超越	超越	chāo yuè	1,4	V	超越	超越	to surpass; to exceed; to transcend
L5-0100	5	车主	車主	chē zhǔ	1,3	N	车主	車主	vehicle owner
L5-0101	5	称	稱	chēng	1	V	称2	稱2	to weigh; to state; to name; name; appellation; to praise
L5-0102	5	称号	稱號	chēng hào	1,4	N	称号	稱號	name; term of address; title
L5-0103	5	成本	成本	chéng běn	2,3	N	成本	成本	(manufacturing, production etc) costs
L5-0104	5	成交	成交	chéng jiāo	2,1		成交	成交	to complete a contract; to reach a deal
L5-0105	5	成效	成效	chéng xiào	2,4	N	成效	成效	effect; result
L5-0106	5	成语	成語	chéng yǔ	2,3	N	成语	成語	Chinese set expression, typically of 4 characters, often alluding to a story or historical quotation; idiom; proverb; saying; adage; CL:條|条[tiao2],本[ben3],句[ju4]
L5-0107	5	承办	承辦	chéng bàn	2,4	V	承办	承辦	to undertake; to accept a contract
L5-0108	5	城里	城裡	chénglǐ		N	城里	城裡	in town; in the city
L5-0109	5	乘	乘	chéng	2	V	乘	乘	to ride; to mount; to make use of; to avail oneself of; to take advantage of; to multiply (math.); Buddhist sect or creed
L5-0110	5	乘车	乘車	chéng chē	2,1		乘车	乘車	to ride (in a car or carriage); to drive; to motor
L5-0111	5	乘客	乘客	chéng kè	2,4	N	乘客	乘客	passenger
L5-0112	5	乘坐	乘坐	chéng zuò	2,4	V	乘坐	乘坐	to take (a ship, plane etc); to ride (in a train or other vehicle)
L5-0113	5	吃力	吃力	chī lì	1,4	Adj	吃力	吃力	to entail strenuous effort; to toil at a task; strenuous; laborious; strain
L5-0114	5	池子	池子	chí zi	2,5	N	池子	池子	pond; bathhouse pool; dance floor of a ballroom; (old) stalls (front rows in a theater)
L5-0115	5	迟	遲	chí	2	Adj	迟	遲	late; delayed; slow
L5-0116	5	冲动	衝動	chōng dòng	1,4	N/Adj	冲动	衝動	to have an urge; to be impetuous; impulse; urge
L5-0117	5	冲突	衝突	chōng tū	1,1	V/N	冲突	衝突	conflict; to conflict; clash of opposing forces; collision (of interests); contention
L5-0118	5	充足	充足	chōng zú	1,2	Adj	充足	充足	adequate; sufficient; abundant
L5-0119	5	愁	愁	chóu	2	V	愁	愁	to worry about
L5-0120	5	丑	醜	chǒu	3	Adj	丑	醜	shameful; ugly; disgraceful
L5-0121	5	臭	臭	chòu	4	Adj	臭	臭	stench; smelly; to smell (bad); repulsive; loathsome; terrible; bad; severely; ruthlessly; dud (ammunition)
L5-0122	5	出版	出版	chū bǎn	1,3	V	出版	出版	to publish
L5-0123	5	出差	出差	chū chāi	1,1		出差	出差	to go on an official or business trip
L5-0124	5	出汗	出汗	chū hàn	1,4		出汗	出汗	to perspire; to sweat
L5-0125	5	出于	出於	chū yú	1,2	V	出于	出於	due to; to stem from
L5-0126	5	初期	初期	chū qī	1,1	N	初期	初期	initial stage; beginning period
L5-0127	5	除非	除非	chú fēi	2,1	Conj/Prep	除非	除非	only if (..., or otherwise, ...); only when; only in the case that; unless
L5-0128	5	除夕	除夕	Chú xī	2,1	N	除夕	除夕	lunar New Year's Eve
L5-0129	5	厨房	廚房	chú fáng	2,2	N	厨房	廚房	kitchen; CL:間|间[jian1]
L5-0130	5	处罚	處罰	chǔ fá	3,2	V/N	处罚	處罰	to penalize; to punish
L5-0131	5	处分	處分	chǔ fèn	3,4	N/V	处分	處分	to discipline sb; to punish; disciplinary action; to deal with (a matter); CL:個|个[ge4]
L5-0132	5	处在	處在	chǔ zài	3,4	V	处在	處在	to be situated at; to find oneself at
L5-0133	5	传达	傳達	chuán dá	2,2	V	传达	傳達	to pass on; to convey; to relay; to transmit; transmission
L5-0134	5	传递	傳遞	chuán dì	2,4	V	传递	傳遞	to transmit; to pass on to sb else; (math.) transitive
L5-0135	5	传真	傳真	chuán zhēn	2,1	N/V	传真	傳真	to fax; a fax; (literary) to portray vividly in painting
L5-0136	5	窗帘	窗簾	chuāng lián	1,2	N	窗帘	窗簾	window curtains
L5-0137	5	闯	闖	chuǎng	3	V	闯	闖	to rush; to charge; to dash; to break through; to temper oneself (through battling hardships)
L5-0138	5	创立	創立	chuàng lì	4,4	V	创立	創立	to establish; to set up; to found
L5-0139	5	辞典	辭典	cí diǎn	2,3	N	辞典	辭典	variant of 詞典|词典[ci2 dian3]
L5-0140	5	辞职	辭職	cí zhí	2,2		辞职	辭職	to resign
L5-0141	5	此后	此後	cǐ hòu	3,4	N	此后	此後	after this; afterwards; hereafter
L5-0142	5	此刻	此刻	cǐ kè	3,4	N	此刻	此刻	this moment; now; at present
L5-0143	5	此时	此時	cǐ shí	3,2	N	此时	此時	now; this moment
L5-0144	5	聪明	聰明	cōng ming	1,5	Adj	聪明	聰明	intelligent; clever; bright; acute (of sight and hearing)
L5-0145	5	从而	從而	cóng ér	2,2	Conj	从而	從而	thus; thereby
L5-0146	5	从中	從中	cóng zhōng	2,1	Adv	从中	從中	from among them; from it
L5-0147	5	脆	脆	cuì	4	Adj	脆	脆	brittle; fragile; crisp; crunchy; clear and loud voice; neat
L5-0148	5	存款	存款	cún kuǎn	2,3	N	存款	存款	to deposit money (in a bank etc); bank savings; bank deposit
L5-0149	5	寸	寸	cùn	4	M	寸	寸	a unit of length; inch; thumb
L5-0150	5	达成	達成	dá chéng	2,2	V	达成	達成	to reach (an agreement); to accomplish
L5-0151	5	答	答	dá	2	V	答	答	to answer; to reply; to respond
L5-0152	5	答复	答覆	dá fù	2,4	V/N	答复	答覆	to answer; to reply; Reply to: (in email header)
L5-0153	5	打	打	dǎ	3	Prep	打	打	a semantically light, transitive verb that is combined with various grammatical objects to form compound verbs and verb-object phrases with a diverse range of meanings (e.g. 打傘|打伞[da3 san3] "to hold an umbrella", 打電話|打电话[da3 dian4 hua4] "to make a phone call", 打針|打针[da3 zhen1] "to get an injection", 打手套[da3 shou3 tao4] "to knit gloves", 打氣|打气[da3 qi4] "to inflate"); to hit; to strike; to fight; (coll.) from; since (as in 打那以後|打那以后[da3 na4 yi3 hou4] "since then")
L5-0154	5	打扮	打扮	dǎ ban	3,5	V	打扮	打扮	to decorate; to dress; to make up; to adorn; manner of dressing; style of dress
L5-0155	5	打包	打包	dǎ bāo	3,1		打包	打包	to wrap; to pack; to put leftovers in a doggy bag for take-out; (computing) to package (i.e. create an archive file)
L5-0156	5	打击	打擊	dǎ jī	3,1	V	打击	打擊	to hit; to strike; to attack; to crack down on sth; blow; (psychological) shock; percussion (music)
L5-0157	5	打架	打架	dǎ jià	3,4		打架	打架	to fight; to scuffle; to come to blows; CL:場|场[chang2]
L5-0158	5	打扰	打擾	dǎ rǎo	3,3	V	打扰	打擾	to disturb; to bother; to trouble
L5-0159	5	大胆	大膽	dà dǎn	4,3	Adj	大胆	大膽	brazen; audacious; outrageous; bold; daring; fearless
L5-0160	5	大都	大都	dà dū	4,1	Adv	大都	大都	for the most part; on the whole; metropolitan
L5-0161	5	大纲	大綱	dà gāng	4,1	N	大纲	大綱	synopsis; outline; program; leading principles
L5-0162	5	大伙儿	大伙兒	dà huǒ r	4,3,5	Pron	大伙儿	大伙兒	erhua variant of 大伙[da4 huo3]
L5-0163	5	大奖赛	大獎賽	dà jiǎng sài	4,3,4	N	大奖赛	大獎賽	grand prix
L5-0164	5	大脑	大腦	dà nǎo	4,3	N	大脑	大腦	brain; cerebrum
L5-0165	5	大事	大事	dà shì	4,4	N	大事	大事	major event; major political event (war or change of regime); major social event (wedding or funeral); (do sth) in a big way; CL:件[jian4],樁|桩[zhuang1]
L5-0166	5	大厅	大廳	dà tīng	4,1	N	大厅	大廳	hall; concourse; public lounge; (hotel) lobby
L5-0167	5	大象	大象	dà xiàng	4,4	N	大象	大象	elephant; CL:頭|头[tou2]
L5-0168	5	大熊猫	大熊貓	dà xióng māo	4,2,1	N	大熊猫	大熊貓	giant panda (Ailuropoda melanoleuca)
L5-0169	5	大于	大於	dà yú	4,2	V	大于	大於	greater than; bigger than; more than
L5-0170	5	大致	大致	dà zhì	4,4	Adj/Adv	大致	大致	more or less; roughly; approximately
L5-0171	5	呆	呆	dāi	1	Adj	呆	呆	foolish; stupid; expressionless; blank; variant of 待[dai1]
L5-0172	5	待	待	dāi	1	V	待	待	to stay; to remain
L5-0173	5	代价	代價	dài jià	4,4	N	代价	代價	price; cost; consideration (in share dealing)
L5-0174	5	代理	代理	dài lǐ	4,3	V	代理	代理	to act on behalf of sb in a responsible position; to act as an agent or proxy; surrogate; (computing) proxy
L5-0175	5	带有	帶有	dài yǒu	4,3		带有	帶有	to have as a feature or characteristic; to have an element of (confidence, sweetness, malevolence etc); to carry (a pathogen, connotation etc)
L5-0176	5	贷款	貸款	dài kuǎn	4,3	V/N	贷款	貸款	a loan; CL:筆|笔[bi3]; to provide a loan (e.g. bank); to raise a loan (from e.g. a bank)
L5-0177	5	单一	單一	dān yī	1,1	Adj	单一	單一	single; only; sole
L5-0178	5	胆	膽	dǎn	3	N	胆	膽	gall bladder; courage; guts; gall; inner container (e.g. bladder of a football, inner container of a thermos)
L5-0179	5	胆小	膽小	dǎn xiǎo	3,3	Adj	胆小	膽小	cowardice; timid
L5-0180	5	蛋糕	蛋糕	dàn gāo	4,1	N	蛋糕	蛋糕	cake; CL:塊|块[kuai4],個|个[ge4]
L5-0181	5	当场	當場	dāng chǎng	1,3	Adv	当场	當場	at the scene; on the spot
L5-0182	5	当代	當代	dāng dài	1,4	N	当代	當代	the present age; the contemporary era
L5-0183	5	当年	當年	dāng nián	1,2	N	当年	當年	in those days; back then; in those years; to be in the prime of life
L5-0184	5	当前	當前	dāng qián	1,2	N/V	当前	當前	the present time; to be faced with
L5-0185	5	当选	當選	dāng xuǎn	1,3	V	当选	當選	to be elected; to be selected
L5-0186	5	挡	擋	dǎng	3	V	挡	擋	to resist; to obstruct; to hinder; to keep off; to block (a blow); to get in the way of; cover; gear (e.g. in a car's transmission)
L5-0187	5	到来	到來	dào lái	4,2	V	到来	到來	to arrive; arrival; advent
L5-0188	5	倒是	倒是	dào shi	4,5	Adv	倒是	倒是	contrary to what one might expect; actually; contrariwise; why don't you
L5-0189	5	道德	道德	dào dé	4,2	N	道德	道德	virtue; morality; ethics; CL:種|种[zhong3]
L5-0190	5	得了	得了	dé le	2,5	V	得了	得了	all right!; that's enough!
L5-0191	5	得以	得以	dé yǐ	2,3	V	得以	得以	able to; so that sb can; enabling; in order to; finally in a position to; with sth in view
L5-0192	5	等候	等候	děng hòu	3,4	V	等候	等候	to wait; to wait for
L5-0193	5	等级	等級	děng jí	3,2	N	等级	等級	grade; rank; status
L5-0194	5	低于	低於	dī yú	1,2		低于	低於	to be lower than
L5-0195	5	地带	地帶	dì dài	4,4	N	地带	地帶	zone; CL:個|个[ge4]
L5-0196	5	地形	地形	dì xíng	4,2	N	地形	地形	topography; terrain; landform
L5-0197	5	地震	地震	dì zhèn	4,4	N/V	地震	地震	earthquake
L5-0198	5	递	遞	dì	4	V	递	遞	to hand over; to pass on; to deliver; (bound form) progressively; in the proper order
L5-0199	5	递给	遞給	dì gěi	4,3		递给	遞給	to hand it (i.e. the aforementioned item) to (sb)
L5-0200	5	典礼	典禮	diǎn lǐ	3,3	N	典礼	典禮	ceremony; celebration
L5-0201	5	点燃	點燃	diǎn rán	3,2	V	点燃	點燃	to ignite; to set on fire; aflame
L5-0202	5	电池	電池	diàn chí	4,2	N	电池	電池	battery; electric cell; CL:節|节[jie2],組|组[zu3]
L5-0203	5	电饭锅	電飯鍋	diàn fàn guō	4,4,1	N	电饭锅	電飯鍋	electric rice cooker
L5-0204	5	电子版	電子版	diàn zǐ bǎn	4,3,3	N	电子版	電子版	electronic edition; digital version
L5-0205	5	调动	調動	diào dòng	4,4	V	调动	調動	to transfer; to maneuver (troops etc); movement of personnel; to mobilize; to bring into play
L5-0206	5	丢	丟	diū	1	V	丢	丟	to lose; to put aside; to throw
L5-0207	5	动机	動機	dòng jī	4,1	N	动机	動機	motive; motivation
L5-0208	5	动手	動手	dòng shǒu	4,3		动手	動手	to set about (a task); to raise a hand to hit sb; to touch; to handle (typically used in cautioning sb *not* to touch sth)
L5-0209	5	动态	動態	dòng tài	4,4	N	动态	動態	movement; motion; development; trend; dynamic (science)
L5-0210	5	动员	動員	dòng yuán	4,2	V	动员	動員	to mobilize; mobilization; CL:次[ci4]
L5-0211	5	冻	凍	dòng	4	V	冻	凍	to freeze; to feel very cold; aspic or jelly
L5-0212	5	洞	洞	dòng	4	N	洞	洞	cave; hole; zero (unambiguous spoken form when spelling out numbers); CL:個|个[ge4]
L5-0213	5	豆制品	豆製品	dòu zhì pǐn	4,4,3	N	豆制品	豆製品	legume-based product; soybean product
L5-0214	5	毒	毒	dú	2	N/V/Adj	毒	毒	poison; to poison; poisonous; malicious; cruel; fierce; narcotics
L5-0215	5	堆	堆	duī	1	V/N/M	堆	堆	to pile up; to heap up; a mass; pile; heap; stack; large amount
L5-0216	5	对立	對立	duì lì	4,4	V	对立	對立	to oppose; to set sth against; to be antagonistic to; antithetical; relative opposite; opposing; diametrical
L5-0217	5	对应	對應	duì yìng	4,4	V	对应	對應	to correspond (to); to be equivalent to; to be a counterpart to
L5-0218	5	吨	噸	dūn	1	M	吨	噸	ton (loanword); Taiwan pr. [dun4]
L5-0219	5	朵	朵	duǒ	3	M	朵	朵	flower; earlobe; fig. item on both sides; classifier for flowers, clouds etc
L5-0220	5	躲	躲	duǒ	3	V	躲	躲	to hide; to dodge; to avoid
L5-0221	5	儿女	兒女	ér nǚ	2,3	N	儿女	兒女	children; sons and daughters; a young man and a young woman (in love)
L5-0222	5	耳朵	耳朵	ěr duo	3,5	N	耳朵	耳朵	ear; CL:隻|只[zhi1],個|个[ge4],對|对[dui4]; handle (on a cup)
L5-0223	5	二维码	二維碼	èr wéi mǎ	4,2,3	N	二维码	二維碼	2D barcode; matrix code; (esp.) QR code
L5-0224	5	发布	發布	fā bù	1,4	V	发布	發布|發佈	to release; to issue; to announce; to distribute
L5-0225	5	发觉	發覺	fā jué	1,2	V	发觉	發覺	to become aware; to detect; to realize; to perceive
L5-0226	5	发射	發射	fā shè	1,4	V	发射	發射	to shoot (a projectile); to fire (a rocket); to launch; to emit (a particle); to discharge; emanation; emission
L5-0227	5	发行	發行	fā xíng	1,2	V	发行	發行	to publish; to issue; to release; to distribute
L5-0228	5	罚	罰	fá	2	V	罚	罰	to punish; to penalize; to fine
L5-0229	5	罚款	罰款	fá kuǎn	2,3	N	罚款	罰款	to fine; penalty; fine (monetary)
L5-0230	5	法规	法規	fǎ guī	3,1	N	法规	法規	legislation; statute
L5-0231	5	法制	法制	fǎ zhì	3,4	N	法制	法制	legal system and institutions
L5-0232	5	繁荣	繁榮	fán róng	2,2	Adj/V	繁荣	繁榮	prosperous; booming
L5-0233	5	返回	返回	fǎn huí	3,2	V	返回	返回	to return to; to come (or go) back
L5-0234	5	防治	防治	fáng zhì	2,4	V	防治	防治	to prevent and cure; prevention and cure
L5-0235	5	放大	放大	fàng dà	4,4	V	放大	放大	to enlarge; to magnify
L5-0236	5	放弃	放棄	fàng qì	4,4	V	放弃	放棄	to renounce; to abandon; to give up
L5-0237	5	分成	分成	fēn chéng	1,2		分成	分成	to divide (into); to split a bonus; to break into; tenths; percentage allotment
L5-0238	5	分解	分解	fēn jiě	1,3	V	分解	分解	to resolve; to decompose; to break down
L5-0239	5	分类	分類	fēn lèi	1,4		分类	分類	to classify
L5-0240	5	分离	分離	fēn lí	1,2	V	分离	分離	to separate
L5-0241	5	分析	分析	fēn xī	1,1	V	分析	分析	to analyze; analysis; CL:個|个[ge4]
L5-0242	5	分享	分享	fēn xiǎng	1,3	V	分享	分享	to share (esp. sth enjoyable, useful or beneficial)
L5-0243	5	丰收	豐收	fēng shōu	1,1	V	丰收	豐收	to reap a bumper harvest
L5-0244	5	风度	風度	fēng dù	1,4	N	风度	風度	elegance (for men); elegant demeanor; grace; poise
L5-0245	5	风光	風光	fēng guāng	1,1	N	风光	風光	scene; view; sight; landscape; to be well-regarded; to be well-off; grand (dialect); impressive (dialect)
L5-0246	5	封	封	fēng	1	V	封	封	to confer; to grant; to bestow a title; to seal; classifier for sealed objects, esp. letters
L5-0247	5	疯	瘋	fēng	1	Adj	疯	瘋	insane; mad; wild
L5-0248	5	疯狂	瘋狂	fēng kuáng	1,2	Adj	疯狂	瘋狂	crazy; frenzied; wild
L5-0249	5	扶	扶	fú	2	V	扶	扶	to support with the hand; to help sb up; to support oneself by holding onto something; to help
L5-0250	5	服从	服從	fú cóng	2,2	V	服从	服從	to obey (an order); to comply; to defer
L5-0251	5	幅	幅	fú	2	M	幅	幅	width; roll; classifier for textiles or pictures
L5-0252	5	幅度	幅度	fú dù	2,4	N	幅度	幅度	width; extent; range; scope
L5-0253	5	福利	福利	fú lì	2,4	N	福利	福利	material benefit; benefit in kind; (social) welfare
L5-0254	5	辅助	輔助	fǔ zhù	3,4	V	辅助	輔助	to assist; to aid; supplementary; auxiliary
L5-0255	5	负责人	負責人	fù zé rén	4,2,2	N	负责人	負責人	person in charge
L5-0256	5	附件	附件	fù jiàn	4,4	N	附件	附件	appendix (in a document); enclosure (accompanying a document); (email) attachment; accessory (for a car, computer etc); (anatomy) adnexa
L5-0257	5	改革	改革	gǎi gé	3,2	V/N	改革	改革	reform; CL:次[ci4],種|种[zhong3],項|项[xiang4]; to reform
L5-0258	5	干脆	乾脆	gān cuì	1,4	Adj/Adv	干脆	乾脆	candid; direct and to the point; simply; just; might as well
L5-0259	5	干扰	干擾	gān rǎo	1,3	V	干扰	干擾	to disturb; to interfere; perturbation; interference (physics)
L5-0260	5	干预	干預	gān yù	1,4	V	干预	干預	to meddle; to intervene; intervention
L5-0261	5	感想	感想	gǎn xiǎng	3,3	N	感想	感想	impressions; reflections; thoughts; CL:通[tong4],個|个[ge4]
L5-0262	5	钢笔	鋼筆	gāng bǐ	1,3	N	钢笔	鋼筆	fountain pen; CL:支[zhi1]
L5-0263	5	钢琴	鋼琴	gāng qín	1,2	N	钢琴	鋼琴	piano; CL:架[jia4],臺|台[tai2]
L5-0264	5	高大	高大	gāo dà	1,4	Adj	高大	高大	tall; lofty; towering
L5-0265	5	高度	高度	gāo dù	1,4	N/Adj	高度	高度	height; altitude; elevation; high degree; highly; CL:個|个[ge4]
L5-0266	5	高跟鞋	高跟鞋	gāo gēn xié	1,1,2	N	高跟鞋	高跟鞋	high-heeled shoes
L5-0267	5	高温	高溫	gāo wēn	1,1	N	高温	高溫	high temperature
L5-0268	5	高于	高於	gāo yú	1,2	V	高于	高於	greater than; to exceed
L5-0269	5	高原	高原	gāo yuán	1,2	N	高原	高原	plateau; CL:片[pian4]
L5-0270	5	搞	搞	gǎo	3	V	搞	搞	to do; to make; to go in for; to set up; to get hold of; to take care of
L5-0271	5	搞好	搞好	gǎo hǎo	3,3		搞好	搞好	to do well at; to do a good job
L5-0272	5	歌曲	歌曲	gē qǔ	1,3	N	歌曲	歌曲	song
L5-0273	5	隔壁	隔壁	gé bì	2,4	N	隔壁	隔壁	next door; neighbor
L5-0274	5	个儿	個兒	gè r	4,5	N	个儿	個兒	size; height; stature
L5-0275	5	跟前	跟前	gēn qián	1,2	N	跟前	跟前	the front (of); (in) front; (in) sb's presence; just before (a date)
L5-0276	5	跟随	跟隨	gēn suí	1,2	V	跟随	跟隨	to follow
L5-0277	5	更换	更換	gēng huàn	1,4	V	更换	更換	to replace (a worn-out tire etc); to change (one's address etc)
L5-0278	5	更新	更新	gēng xīn	1,1	V	更新	更新	to replace the old with new; to renew; to renovate; to upgrade; to update; to regenerate
L5-0279	5	工艺	工藝	gōng yì	1,4	N	工艺	工藝	arts and crafts; industrial arts
L5-0280	5	工作日	工作日	gōng zuò rì	1,4,4	N	工作日	工作日	workday; working day; weekday
L5-0281	5	公告	公告	gōng gào	1,4	N	公告	公告	post; announcement
L5-0282	5	公认	公認	gōng rèn	1,4	V	公认	公認	publicly known (to be); accepted (as)
L5-0283	5	公式	公式	gōng shì	1,4	N	公式	公式	formula
L5-0284	5	公正	公正	gōng zhèng	1,4	Adj	公正	公正	just; fair; equitable
L5-0285	5	共计	共計	gòng jì	4,4	V	共计	共計	to sum up to; to total
L5-0286	5	共享	共享	gòng xiǎng	4,3	V	共享	共享	to share; to enjoy together
L5-0287	5	沟	溝	gōu	1	N	沟	溝	ditch; gutter; groove; gully; ravine; CL:道[dao4]
L5-0288	5	沟通	溝通	gōu tōng	1,1	V	沟通	溝通	to join; to connect; to link up; to communicate
L5-0289	5	估计	估計	gū jì	1,4	V	估计	估計	to estimate; to assess; to calculate; (coll.) to reckon; to think (that ...)
L5-0290	5	古老	古老	gǔ lǎo	3,3	Adj	古老	古老	ancient; old; age-old
L5-0291	5	鼓	鼓	gǔ	3	N/V	鼓	鼓	drum; CL:通[tong4],面[mian4]; to drum; to strike; to rouse; to bulge; to swell
L5-0292	5	鼓励	鼓勵	gǔ lì	3,4	V/N	鼓励	鼓勵	to encourage
L5-0293	5	鼓掌	鼓掌	gǔ zhǎng	3,3		鼓掌	鼓掌	to applaud; to clap
L5-0294	5	顾问	顧問	gù wèn	4,4	N	顾问	顧問	adviser; consultant
L5-0295	5	怪	怪	guài	4	V	怪	怪	odd; strange; uncanny; (bound form) monster; supernatural being; to find strange; to regard as odd; to blame; (coll.) somewhat; rather
L5-0296	5	关怀	關懷	guān huái	1,2	V	关怀	關懷	care; solicitude; to show care for; concerned about; attentive to
L5-0297	5	关键	關鍵	guān jiàn	1,4	N	关键	關鍵	crucial point; crux; CL:個|个[ge4]; key; crucial; pivotal
L5-0298	5	冠军	冠軍	guàn jūn	4,1	N	冠军	冠軍	champion
L5-0299	5	光荣	光榮	guāng róng	1,2	Adj/N	光荣	光榮	honor and glory; glorious
L5-0300	5	光线	光線	guāng xiàn	1,4	N	光线	光線	light ray; CL:條|条[tiao2],道[dao4]; light; illumination; lighting (for a photograph)
L5-0301	5	广	廣	guǎng	3	Adj	广	廣	wide; numerous; to spread
L5-0302	5	广泛	廣泛	guǎng fàn	3,4	Adj	广泛	廣泛	wide; broad; extensive; widespread
L5-0303	5	规划	規劃	guī huà	1,4	N/V	规划	規劃	to draw up a plan; to map out a program; a plan; a program
L5-0304	5	鬼	鬼	guǐ	3	N	鬼	鬼	disembodied spirit; ghost; devil; (suffix) person with a certain vice or addiction etc; sly; crafty; resourceful (variant of 詭|诡[gui3]); one of the 28 constellations of ancient Chinese astronomy
L5-0305	5	柜子	櫃子	guì zi	4,5	N	柜子	櫃子	cupboard; cabinet
L5-0306	5	滚	滾	gǔn	3	V	滚	滾	to boil; to roll; to take a hike; Get lost!
L5-0307	5	锅	鍋	guō	1	N	锅	鍋	pot; pan; wok; cauldron; pot-shaped thing; CL:口[kou3],隻|只[zhi1]
L5-0308	5	国籍	國籍	guó jí	2,2	N	国籍	國籍	nationality
L5-0309	5	国民	國民	guó mín	2,2	N	国民	國民	nationals; citizens; people of a nation
L5-0310	5	过度	過度	guò dù	4,4	Adj	过度	過度	excessive; over-; excess; going too far; extravagant; intemperate; overdue
L5-0311	5	过敏	過敏	guò mǐn	4,3	V/Adj	过敏	過敏	(medicine) allergic; hypersensitive; (fig.) oversensitive; prone to overreact
L5-0312	5	过于	過於	guò yú	4,2	Adv	过于	過於	excessively; too
L5-0313	5	害	害	hài	4	N/V	害	害	to do harm to; to cause trouble to; harm; evil; calamity
L5-0314	5	汗	汗	hàn	4	N	汗	汗	perspiration; sweat; CL:滴[di1],頭|头[tou2],身[shen1]; to be speechless (out of helplessness, embarrassment etc) (Internet slang used as an interjection)
L5-0315	5	好运	好運	hǎo yùn	3,4	N	好运	好運	good luck
L5-0316	5	号召	號召	hào zhào	4,4	V/N	号召	號召	to call; to appeal
L5-0317	5	合并	合併	hé bìng	2,4	V	合并	合併	to merge; to annex
L5-0318	5	合成	合成	hé chéng	2,2	V	合成	合成	to compose; to constitute; compound; synthesis; mixture; synthetic
L5-0319	5	盒	盒	hé	2	N/M	盒	盒	small box; case
L5-0320	5	盒饭	盒飯	hé fàn	2,4	N	盒饭	盒飯	meal in a partitioned box
L5-0321	5	盒子	盒子	hé zi	2,5	N	盒子	盒子	box; case; hezi – a savory turnover-like pie in northern Chinese and Mongolian cuisines
L5-0322	5	贺卡	賀卡	hè kǎ	4,3	N	贺卡	賀卡	greeting card; congratulation card
L5-0323	5	恨	恨	hèn	4	V	恨	恨	to hate; to regret
L5-0324	5	猴	猴	hóu	2	N	猴	猴	monkey; CL:隻|只[zhi1]
L5-0325	5	后悔	後悔	hòu huǐ	4,3	V	后悔	後悔	to regret; to feel remorse
L5-0326	5	胡同儿	胡同兒	hú tòng r	2,4,5	N	胡同儿	胡同兒	erhua form of 胡同[hu2 tong4]
L5-0327	5	胡子	鬍子	hú zi	2,5	N	胡子	鬍子	beard; mustache or whiskers; facial hair; CL:撮[zuo3],根[gen1]; (coll.) bandit
L5-0328	5	虎	虎	hǔ	3	N	虎	虎	tiger; CL:隻|只[zhi1]
L5-0329	5	华语	華語	Huá yǔ	2,3	N	华语	華語	Chinese language
L5-0330	5	滑	滑	huá	2	Adj/V	滑	滑	to slip; to slide; slippery; smooth; sly; slippery; not to be trusted
L5-0331	5	化石	化石	huà shí	4,2	N	化石	化石	fossil
L5-0332	5	划分	劃分	huà fēn	4,1	V	划分	劃分	to divide up; to partition; to differentiate
L5-0333	5	画面	畫面	huà miàn	4,4	N	画面	畫面	scene; tableau; picture; image; screen (displayed by a computer); (motion picture) frame; field of view
L5-0334	5	环节	環節	huán jié	2,2	N	环节	環節	(zoology) segment (of the body of a worm, centipede etc); (fig.) a part of an integrated whole: aspect (of a project), element (of a policy), sector (of the economy), stage (of a process) etc
L5-0335	5	慌	慌	huāng	1	Adj	慌	慌	to get panicky; to lose one's head; (coll.) (after 得[de2]) unbearably; terribly
L5-0336	5	慌忙	慌忙	huāng máng	1,2	Adj	慌忙	慌忙	in a great rush; in a flurry
L5-0337	5	灰色	灰色	huī sè	1,4	N/Adj	灰色	灰色	gray; ash gray; grizzly; pessimistic; gloomy; dispirited; ambiguous
L5-0338	5	恢复	恢復	huī fù	1,4	V	恢复	恢復	to reinstate; to resume; to restore; to recover; to regain; to rehabilitate
L5-0339	5	回报	回報	huí bào	2,4	V	回报	回報	(in) return; reciprocation; payback; retaliation; to report back; to reciprocate
L5-0340	5	回避	迴避	huí bì	2,4	V	回避	迴避	to shun; to avoid (sb); to skirt; to evade (an issue); to step back; to withdraw; to recuse (a judge etc)
L5-0341	5	回顾	回顧	huí gù	2,4	V	回顾	回顧	to look back; to review
L5-0342	5	回收	回收	huí shōu	2,1	V	回收	回收	to recycle; to reclaim; to retrieve; to recover; to recall (a defective product)
L5-0343	5	回头	回頭	huí tóu	2,2	Adv	回头	回頭	to turn round; to turn one's head; later; by and by
L5-0344	5	回信	回信	huí xìn	2,4	N	回信	回信	to reply; to write back; letter written in reply; CL:封[feng1]
L5-0345	5	回忆	回憶	huí yì	2,4	V	回忆	回憶	to recall; memories; CL:個|个[ge4]
L5-0346	5	汇款	匯款	huì kuǎn	4,3		汇款	匯款	to remit money; remittance
L5-0347	5	会谈	會談	huì tán	4,2	V/N	会谈	會談	talks; discussions; CL:次[ci4]
L5-0348	5	活力	活力	huó lì	2,4	N	活力	活力	energy; vitality; vigor; vital force
L5-0349	5	活泼	活潑	huó po	2,5	Adj	活泼	活潑	lively; vivacious; brisk; active; (chemistry) reactive
L5-0350	5	火柴	火柴	huǒ chái	3,2	N	火柴	火柴	match (for lighting fire); CL:根[gen1],盒[he2]
L5-0351	5	火腿	火腿	huǒ tuǐ	3,3	N	火腿	火腿	ham; CL:個|个[ge4]
L5-0352	5	火灾	火災	huǒ zāi	3,1	N	火灾	火災	serious fire (in a city or a forest etc)
L5-0353	5	或是	或是	huò shì	4,4	Conj	或是	或是	or; either one or the other
L5-0354	5	机器人	機器人	jī qì rén	1,4,2	N	机器人	機器人	robot; android
L5-0355	5	机制	機制	jī zhì	1,4	N	机制	機制	mechanism
L5-0356	5	肌肉	肌肉	jī ròu	1,4	N	肌肉	肌肉	muscle; flesh
L5-0357	5	基地	基地	jī dì	1,4	N	基地	基地	base (of operations, industrial, military, research etc)
L5-0358	5	基金	基金	jī jīn	1,1	N	基金	基金	fund
L5-0359	5	即使	即使	jí shǐ	2,3	Conj	即使	即使	even if; even though
L5-0360	5	集团	集團	jí tuán	2,2	N	集团	集團	group; bloc; corporation; conglomerate
L5-0361	5	挤	擠	jǐ	3	V/Adj	挤	擠	to crowd in; to cram in; to force others aside; to press; to squeeze; to find (time in one's busy schedule)
L5-0362	5	记忆	記憶	jì yì	4,4	V/N	记忆	記憶	to remember; to recall; memory
L5-0363	5	技能	技能	jì néng	4,2	N	技能	技能	technical ability; skill
L5-0364	5	继承	繼承	jì chéng	4,2	V	继承	繼承	to inherit; to succeed to (the throne etc); to carry on (a tradition etc)
L5-0365	5	加热	加熱	jiā rè	1,4		加热	加熱	to heat
L5-0366	5	加上	加上	jiā shàng	1,4	Conj	加上	加上	plus; to put in; to add; to add on; to add into; in addition; on top of that
L5-0367	5	加速	加速	jiā sù	1,4	V	加速	加速	to accelerate; to speed up; to expedite
L5-0368	5	加以	加以	jiā yǐ	1,3	V/Conj	加以	加以	(formal) to apply; to carry out; to take action to (do sth) (used before a disyllabic verb, indicating that the action is directed at sth previously mentioned, e.g. 加以說明|加以说明[jia1 yi3 shuo1 ming2]); to apply (restrictions etc); to give (support, consideration etc); (literary) moreover; in addition
L5-0369	5	夹	夾	jiā	1	V	夹	夾	to press from either side; to place in between; to sandwich; to carry sth under armpit; wedged between; between; to intersperse; to mix; to mingle; clip; folder; Taiwan pr. [jia2]
L5-0370	5	甲	甲	jiǎ	3	N	甲	甲	first of the ten Heavenly Stems 十天干[shi2 tian1 gan1]; (used for an unspecified person or thing); first (in a list, as a party to a contract etc); letter "A" or roman "I" in list "A, B, C", or "I, II, III" etc; armor plating; shell or carapace; (of the fingers or toes) nail; bladed leather or metal armor (old); ranking system used in the Imperial examinations (old); civil administration unit in the baojia 保甲[bao3 jia3] system (old); ancient Chinese compass point: 75°
L5-0371	5	价	價	jià	4	N	价	價	price; value; (chemistry) valence
L5-0372	5	驾驶	駕駛	jià shǐ	4,3	V	驾驶	駕駛	to drive (vehicle); to pilot (ship, airplane etc); driver; pilot; captain
L5-0373	5	驾照	駕照	jià zhào	4,4	N	驾照	駕照	driver's license (abbr. for 駕駛執照|驾驶执照[jia4 shi3 zhi2 zhao4])
L5-0374	5	坚定	堅定	jiān dìng	1,4	Adj/V	坚定	堅定	firm; steady; staunch; resolute
L5-0375	5	肩	肩	jiān	1	N	肩	肩	shoulder; to shoulder (responsibilities etc)
L5-0376	5	艰苦	艱苦	jiān kǔ	1,3	Adj	艰苦	艱苦	difficult; hard; arduous
L5-0377	5	艰难	艱難	jiān nán	1,2	Adj	艰难	艱難	difficult; hard; challenging
L5-0378	5	检验	檢驗	jiǎn yàn	3,4	V	检验	檢驗	to inspect; to examine; to test
L5-0379	5	减轻	減輕	jiǎn qīng	3,1	V	减轻	減輕	to lighten; to ease; to alleviate
L5-0380	5	剪	剪	jiǎn	3	V	剪	剪	(bound form) scissors or similar tool; to cut as with scissors; (bound form) to wipe out; to exterminate; to edit (video, audio etc)
L5-0381	5	剪刀	剪刀	jiǎn dāo	3,1	N	剪刀	剪刀	scissors; CL:把[ba3]
L5-0382	5	剪子	剪子	jiǎn zi	3,5	N	剪子	剪子	clippers; scissors; shears; CL:把[ba3]
L5-0383	5	间接	間接	jiàn jiē	4,1	Adj	间接	間接	indirect
L5-0384	5	建造	建造	jiàn zào	4,4	V	建造	建造	to construct; to build
L5-0385	5	建筑	建築	jiàn zhù	4,4	V/N	建筑	建築	to construct; building; CL:個|个[ge4]
L5-0386	5	健全	健全	jiàn quán	4,2	Adj/V	健全	健全	robust; sound
L5-0387	5	键	鍵	jiàn	4	N	键	鍵	key (on a piano or computer keyboard); button (on a mouse or other device); chemical bond; linchpin
L5-0388	5	键盘	鍵盤	jiàn pán	4,2	N	键盘	鍵盤	keyboard
L5-0389	5	将	將	jiāng	1	Adv/Prep	将	將	will; shall; to use; to take; to checkmate; just a short while ago; (introduces object of main verb, used in the same way as 把[ba3])
L5-0390	5	将要	將要	jiāng yào	1,4	Adv	将要	將要	will; shall; to be going to
L5-0391	5	奖励	獎勵	jiǎng lì	3,4	V/N	奖励	獎勵	to reward; reward (as encouragement)
L5-0392	5	交代	交代	jiāo dài	1,4	V	交代	交代	to transfer (duties to sb else); to give instructions; to tell (sb to do sth); to explain; to give an account; to brief; to confess; to account for oneself; (jocular) to come to a bad end
L5-0393	5	郊区	郊區	jiāo qū	1,1	N	郊区	郊區	suburban district; outskirts; suburbs
L5-0394	5	胶带	膠帶	jiāo dài	1,4	N	胶带	膠帶	adhesive tape; magnetic tape
L5-0395	5	胶水	膠水	jiāo shuǐ	1,3	N	胶水	膠水	glue
L5-0396	5	脚步	腳步	jiǎo bù	3,4	N	脚步	腳步	footstep; step
L5-0397	5	接触	接觸	jiē chù	1,4	V	接触	接觸	to touch; to contact; access; in touch with
L5-0398	5	接连	接連	jiē lián	1,2	Adv	接连	接連	on end; in a row; in succession
L5-0399	5	解除	解除	jiě chú	3,2	V	解除	解除	to remove; to sack; to get rid of; to relieve (sb of their duties); to free; to lift (an embargo); to rescind (an agreement)
L5-0400	5	解放	解放	jiě fàng	3,4	V	解放	解放	to liberate; to emancipate; liberation; refers to the Communists' victory over the Nationalists in 1949; CL:次[ci4]
L5-0401	5	戒	戒	jiè	4	V	戒	戒	to guard against; to exhort; to admonish or warn; to give up or stop doing sth; Buddhist monastic discipline; ring (for a finger)
L5-0402	5	届	屆	jiè	4	M	届	屆	to arrive at (place or time); period; to become due; classifier for events, meetings, elections, sporting fixtures, years (of graduation)
L5-0403	5	今日	今日	jīn rì	1,4	N	今日	今日	today
L5-0404	5	尽管	儘管	jǐn guǎn	3,3	Adv/Conj	尽管	儘管	despite; although; even though; in spite of; unhesitatingly; do not hesitate (to ask, complain etc); (go ahead and do it) without hesitating
L5-0405	5	紧紧	緊緊	jǐn jǐn	3,3		紧紧	緊緊	closely; tightly
L5-0406	5	尽可能	盡可能	jìn kě néng	4,3,2		尽可能	盡可能	see 儘可能|尽可能[jin3 ke3 neng2]
L5-0407	5	进化	進化	jìn huà	4,4	V	进化	進化	to evolve (biologically, technologically etc); evolution
L5-0408	5	近来	近來	jìn lái	4,2	N	近来	近來	recently; lately
L5-0409	5	经费	經費	jīng fèi	1,4	N	经费	經費	funds; expenditure; CL:筆|笔[bi3]
L5-0410	5	景象	景象	jǐng xiàng	3,4	N	景象	景象	scene; sight (to behold)
L5-0411	5	警告	警告	jǐng gào	3,4	V/N	警告	警告	to warn; to admonish
L5-0412	5	竞赛	競賽	jìng sài	4,4	V	竞赛	競賽	to compete; to race; contest; competition; match; race
L5-0413	5	竞争	競爭	jìng zhēng	4,1	V	竞争	競爭	to compete; competition
L5-0414	5	酒鬼	酒鬼	jiǔ guǐ	3,3	N	酒鬼	酒鬼	drunkard
L5-0415	5	救灾	救災	jiù zāi	4,1		救灾	救災	to relieve disaster; to help disaster victims
L5-0416	5	居然	居然	jū rán	1,2	Adv	居然	居然	unexpectedly; to one's surprise; go so far as to
L5-0417	5	局面	局面	jú miàn	2,4	N	局面	局面	aspect; phase; situation
L5-0418	5	局长	局長	jú zhǎng	2,3	N	局长	局長	bureau chief; CL:位[wei4],個|个[ge4]
L5-0419	5	举动	舉動	jǔ dòng	3,4	N	举动	舉動	act; action; activity; move; movement
L5-0420	5	拒绝	拒絕	jù jué	4,2	V	拒绝	拒絕	to refuse; to decline; to reject
L5-0421	5	俱乐部	俱樂部	jù lè bù	4,4,4	N	俱乐部	俱樂部	(loanword) club (the organization or its premises)
L5-0422	5	剧本	劇本	jù běn	4,3	N	剧本	劇本	script; screenplay; scenario; libretto
L5-0423	5	决不	決不	jué bù	2,4		决不	決不	not at all; simply (can) not
L5-0424	5	绝望	絕望	jué wàng	2,4		绝望	絕望	to despair; to give up all hope; desperate; desperation
L5-0425	5	军人	軍人	jūn rén	1,2	N	军人	軍人	serviceman; soldier; military personnel
L5-0426	5	开幕	開幕	kāi mù	1,4		开幕	開幕	to open (a conference); to inaugurate
L5-0427	5	开幕式	開幕式	kāi mù shì	1,4,4	N	开幕式	開幕式	opening ceremony
L5-0428	5	看成	看成	kàn chéng	4,2		看成	看成	to regard as
L5-0429	5	看出	看出	kàn chū	4,1		看出	看出	to make out; to see
L5-0430	5	看待	看待	kàn dài	4,4	V	看待	看待	to look upon; to regard
L5-0431	5	考核	考核	kǎo hé	3,2	V	考核	考核	to examine; to check up on; to assess; to review; appraisal; review; evaluation
L5-0432	5	烤肉	烤肉	kǎo ròu	3,4	N	烤肉	烤肉	to barbecue meat; to roast meat; barbecued meat; roast meat
L5-0433	5	烤鸭	烤鴨	kǎo yā	3,1	N	烤鸭	烤鴨	roast duck
L5-0434	5	靠近	靠近	kào jìn	4,4	V	靠近	靠近	to be close to; to approach; to draw near
L5-0435	5	颗	顆	kē	1	M	颗	顆	classifier for small spheres, pearls, corn grains, teeth, hearts, satellites etc
L5-0436	5	咳	咳	ké	2	V	咳	咳	cough
L5-0437	5	可	可	kě	3	Adv/Conj	可	可	(prefix) can; may; able to; -able; to approve; to permit; to suit; (particle used for emphasis) certainly; very; but; however
L5-0438	5	可怜	可憐	kě lián	3,2	Adj/V	可怜	可憐	pitiful; pathetic; to have pity on
L5-0439	5	可惜	可惜	kě xī	3,1	Adj	可惜	可惜	it is a pity; what a pity; unfortunately
L5-0440	5	渴望	渴望	kě wàng	3,4	V	渴望	渴望	to thirst for; to long for
L5-0441	5	刻	刻	kè	4	V	刻	刻	quarter (hour); moment; to carve; to engrave; to cut; oppressive; classifier for short time intervals
L5-0442	5	客户	客戶	kè hù	4,4	N	客户	客戶	client; customer
L5-0443	5	客气	客氣	kè qi	4,5	Adj/V	客气	客氣	polite; courteous; formal; modest
L5-0444	5	客厅	客廳	kè tīng	4,1	N	客厅	客廳	living room; sitting room; CL:間|间[jian1]
L5-0445	5	课题	課題	kè tí	4,2	N	课题	課題	task; problem; issue
L5-0446	5	肯定	肯定	kěn dìng	3,4	V/Adj	肯定	肯定	to be certain; to be positive; assuredly; definitely; to give recognition; to affirm; affirmative (answer)
L5-0447	5	空中	空中	kōng zhōng	1,1	N	空中	空中	in the sky; in the air
L5-0448	5	控制	控制	kòng zhì	4,4	V	控制	控制	to control
L5-0449	5	口号	口號	kǒu hào	3,4	N	口号	口號	slogan; catchphrase; CL:個|个[ge4]
L5-0450	5	库	庫	kù	4	N	库	庫	warehouse; storehouse; (file) library
L5-0451	5	快活	快活	kuài huo	4,5	Adj	快活	快活	happy; cheerful
L5-0452	5	宽度	寬度	kuān dù	1,4	N	宽度	寬度	width
L5-0453	5	狂	狂	kuáng	2	Adj	狂	狂	mad; wild; violent
L5-0454	5	亏	虧	kuī	1	V	亏	虧	to lose (money); to have a deficit; to be deficient; to treat unfairly; luckily; fortunately; thanks to; (used to introduce an ironic remark about sb who has fallen short of expectations)
L5-0455	5	困扰	困擾	kùn rǎo	4,3	V	困扰	困擾	to perplex; to disturb; to cause complications
L5-0456	5	落	落	là	4	V	落	落	to leave out; to be missing; to leave behind or forget to bring; to lag or fall behind
L5-0457	5	来信	來信	lái xìn	2,4	N	来信	來信	incoming letter; to send us a letter
L5-0458	5	烂	爛	làn	4	Adj	烂	爛	soft; mushy; well-cooked and soft; to rot; to decompose; rotten; worn out; chaotic; messy; utterly; thoroughly; crappy; bad
L5-0459	5	朗读	朗讀	lǎng dú	3,2	V	朗读	朗讀	to read aloud
L5-0460	5	浪漫	浪漫	làng màn	4,4	Adj	浪漫	浪漫	romantic
L5-0461	5	劳动	勞動	láo dòng	2,4	V/N	劳动	勞動	work; toil; physical labor; CL:次[ci4]
L5-0462	5	梨	梨	lí	2	N	梨	梨	pear; CL:個|个[ge4]
L5-0463	5	礼	禮	lǐ	3	N	礼	禮	gift; rite; ceremony; CL:份[fen4]; propriety; etiquette; courtesy
L5-0464	5	礼拜	禮拜	lǐ bài	3,4	N/V	礼拜	禮拜	to attend a religious service; (coll.) week; (coll.) Sunday
L5-0465	5	礼貌	禮貌	lǐ mào	3,4	N/Adj	礼貌	禮貌	courtesy; politeness; manners; courteous; polite
L5-0466	5	厉害	厲害	lì hai	4,5	Adj	厉害	厲害	(used to describe sb or sth that makes a very strong impression, whether favorable or unfavorable) terrible; intense; severe; devastating; amazing; awesome; outstanding; (of a person) stern; strict; harsh; shrewd; tough; (of an animal) fierce; (of a resemblance) striking; (of liquor or chili pepper) strong; (of bacteria) virulent
L5-0467	5	立	立	lì	4	V	立	立	to stand; to set up; to establish; to lay down; to draw up; at once; immediately
L5-0468	5	立场	立場	lì chǎng	4,3	N	立场	立場	position; standpoint; CL:個|个[ge4]
L5-0469	5	利润	利潤	lì rùn	4,4	N	利润	利潤	profits
L5-0470	5	例外	例外	lì wài	4,4	V/N	例外	例外	exception; to be an exception
L5-0471	5	连接	連接	lián jiē	2,1	V	连接	連接	to link; to join; to connect
L5-0472	5	联络	聯絡	lián luò	2,4	V	联络	聯絡	to get in touch with; to contact; to stay in contact (with); liaison; (math.) connection
L5-0473	5	联想	聯想	lián xiǎng	2,3	V	联想	聯想	to associate (cognitively); to make an associative connection; mental association; word prediction and auto-complete functions of input method editing programs
L5-0474	5	脸盆	臉盆	liǎn pén	3,2	N	脸盆	臉盆	washbowl; basin for washing hands and face; CL:個|个[ge4]
L5-0475	5	脸色	臉色	liǎn sè	3,4	N	脸色	臉色	complexion; look
L5-0476	5	恋爱	戀愛	liàn ài	4,4	V/N	恋爱	戀愛	(romantic) love; CL:個|个[ge4],場|场[chang3]; in love; to have an affair
L5-0477	5	两岸	兩岸	liǎng àn	3,4	N	两岸	兩岸	bilateral; both shores; both sides; both coasts; Taiwan and mainland
L5-0478	5	邻居	鄰居	lín jū	2,1	N	邻居	鄰居	neighbor
L5-0479	5	铃	鈴	líng	2	N	铃	鈴	(small) bell; CL:隻|只[zhi1]
L5-0480	5	铃声	鈴聲	líng shēng	2,1	N	铃声	鈴聲	ring; ringtone; bell stroke; tintinnabulation
L5-0481	5	领带	領帶	lǐng dài	3,4	N	领带	領帶	necktie; CL:條|条[tiao2]
L5-0482	5	令	令	lìng	4	V	令	令	to order; to command; an order; warrant; writ; to cause; to make sth happen; virtuous; honorific title; season; government position (old); type of short song or poem
L5-0483	5	流动	流動	liú dòng	2,4	V	流动	流動	to flow; to circulate; to move about; mobile; (of assets) liquid
L5-0484	5	流通	流通	liú tōng	2,1	V	流通	流通	to circulate; to distribute; circulation; distribution
L5-0485	5	漏	漏	lòu	4	V	漏	漏	to leak; to divulge; to leave out by mistake; waterclock or hourglass (old)
L5-0486	5	漏洞	漏洞	lòu dòng	4,4	N	漏洞	漏洞	leak; hole; gap; loophole
L5-0487	5	逻辑	邏輯	luó ji	2,5	N	逻辑	邏輯	(loanword) logic
L5-0488	5	落实	落實	luò shí	4,2	V	落实	落實	practical; workable; to implement; to carry out; to decide
L5-0489	5	码头	碼頭	mǎ tou	3,5	N	码头	碼頭	wharf; dock; quay; pier
L5-0490	5	骂	罵	mà	4	V	骂	罵	to scold; to abuse; to curse; CL:通[tong4],頓|顿[dun4]
L5-0491	5	买卖	買賣	mǎi mài	3,4	N	买卖	買賣	to buy and sell
L5-0492	5	漫长	漫長	màn cháng	4,2	Adj	漫长	漫長	very long; endless
L5-0493	5	漫画	漫畫	màn huà	4,4	N	漫画	漫畫	caricature; cartoon; Japanese manga
L5-0494	5	毛笔	毛筆	máo bǐ	2,3	N	毛笔	毛筆	writing brush; CL:枝[zhi1],管[guan3]
L5-0495	5	矛盾	矛盾	máo dùn	2,4	N/Adj	矛盾	矛盾	contradiction; CL:個|个[ge4]; conflicting views; contradictory
L5-0496	5	冒	冒	mào	4	V	冒	冒	to emit; to give off; to send out (or up, forth); to brave; to face; (bound form) reckless; to falsely adopt (sb's identity etc); to feign; (literary) to cover
L5-0497	5	贸易	貿易	mào yì	4,4	N	贸易	貿易	(commercial) trade; CL:個|个[ge4]
L5-0498	5	煤	煤	méi	2	N	煤	煤	coal; CL:塊|块[kuai4]
L5-0499	5	煤气	煤氣	méi qì	2,4	N	煤气	煤氣	coal gas; gas (fuel)
L5-0500	5	门诊	門診	mén zhěn	2,3	V	门诊	門診	outpatient service
L5-0501	5	迷人	迷人	mí rén	2,2	Adj	迷人	迷人	fascinating; enchanting; charming; tempting
L5-0502	5	迷信	迷信	mí xìn	2,4	V/N	迷信	迷信	superstition; to have a superstitious belief (in sth)
L5-0503	5	面貌	面貌	miàn mào	4,4	N	面貌	面貌	face; features; appearance; look
L5-0504	5	面子	面子	miàn zi	4,5	N	面子	面子	outer surface; the outside of sth; social prestige; face
L5-0505	5	秒	秒	miǎo	3	M	秒	秒	second (unit of time); arc second (angular measurement unit); (coll.) instantly
L5-0506	5	敏感	敏感	mǐn gǎn	3,3	Adj	敏感	敏感	sensitive; susceptible
L5-0507	5	明亮	明亮	míng liàng	2,4	Adj	明亮	明亮	bright; shining; glittering; to become clear
L5-0508	5	明明	明明	míng míng	2,2	Adv	明明	明明	obviously; plainly; undoubtedly; definitely
L5-0509	5	命令	命令	mìng lìng	4,4	N/V	命令	命令	order; command; CL:道[dao4],個|个[ge4]
L5-0510	5	模范	模範	mó fàn	2,4	N	模范	模範	model; fine example
L5-0511	5	模仿	模仿	mó fǎng	2,3	V	模仿	模仿	to imitate; to copy; to emulate; to mimic; model
L5-0512	5	模糊	模糊	mó hu	2,5	Adj	模糊	模糊	vague; indistinct; fuzzy; to blur; to obscure; to confuse; to mix up
L5-0513	5	模式	模式	mó shì	2,4	N	模式	模式	mode; pattern; model
L5-0514	5	摩擦	摩擦	mó cā	2,1	V/N	摩擦	摩擦	friction; rubbing; chafing; fig. disharmony; conflict; also written 磨擦
L5-0515	5	摩托	摩托	mó tuō	2,1	N	摩托	摩托	(loanword) motor; (loanword) motorbike; motorcycle (abbr. for 摩托車|摩托车[mo2 tuo1 che1])
L5-0516	5	模样	模樣	mú yàng	2,4	N	模样	模樣	look; style; appearance; approximation; about; CL:個|个[ge4]; also pr. [mo2 yang4]
L5-0517	5	目光	目光	mù guāng	4,1	N	目光	目光	gaze; (fig.) attention; expression in one's eyes; look; (lit. and fig.) sight; vision
L5-0518	5	耐心	耐心	nài xīn	4,1	Adj/N	耐心	耐心	to be patient; patience
L5-0519	5	男性	男性	nán xìng	2,4	N	男性	男性	the male sex; a male
L5-0520	5	南北	南北	nán běi	2,3	N	南北	南北	north and south; north to south
L5-0521	5	南极	南極	nán jí	2,2	N	南极	南極	the South Pole; the south magnetic pole
L5-0522	5	难得	難得	nán dé	2,2	Adj	难得	難得	seldom; rare; hard to come by
L5-0523	5	难以	難以	nán yǐ	2,3	V	难以	難以	hard to (predict, imagine etc)
L5-0524	5	脑子	腦子	nǎo zi	3,5	N	脑子	腦子	brains; mind; CL:個|个[ge4]
L5-0525	5	内在	內在	nèi zài	4,4	Adj	内在	內在	inner; internal; intrinsic; innate
L5-0526	5	能量	能量	néng liàng	2,4	N	能量	能量	energy; capabilities
L5-0527	5	年度	年度	nián dù	2,4	N	年度	年度	year (e.g. school year, fiscal year); annual
L5-0528	5	年龄	年齡	nián líng	2,2	N	年龄	年齡	(a person's) age; CL:把[ba3],個|个[ge4]
L5-0529	5	年前	年前	nián qián	2,2	N	年前	年前	by the end of the year; at the end of the year; shortly before New Year
L5-0530	5	牛	牛	niú	2	Adj	牛	牛	ox; cow; bull; CL:條|条[tiao2],頭|头[tou2]; newton (abbr. for 牛頓|牛顿[niu2 dun4]); (slang) awesome
L5-0531	5	牛仔裤	牛仔褲	niú zǎi kù	2,3,4	N	牛仔裤	牛仔褲	jeans; CL:條|条[tiao2]
L5-0532	5	农产品	農產品	nóng chǎn pǐn	2,3,3	N	农产品	農產品	agricultural produce
L5-0533	5	女性	女性	nǚ xìng	3,4	N	女性	女性	woman; the female sex
L5-0534	5	暖	暖	nuǎn	3	Adj/V	暖	暖	warm; to warm
L5-0535	5	偶尔	偶爾	ǒu ěr	3,3	Adv	偶尔	偶爾	occasionally; once in a while; sometimes
L5-0536	5	偶然	偶然	ǒu rán	3,2	Adj	偶然	偶然	incidentally; occasional; occasionally; by chance; randomly
L5-0537	5	偶像	偶像	ǒu xiàng	3,4	N	偶像	偶像	idol
L5-0538	5	拍摄	拍攝	pāi shè	1,4	V	拍摄	拍攝	to take (a picture); to shoot (a film)
L5-0539	5	排除	排除	pái chú	2,2	V	排除	排除	to eliminate; to remove; to exclude; to rule out
L5-0540	5	旁	旁	páng	2	N/Pron	旁	旁	one side; other; different; lateral component of a Chinese character (such as 刂[dao1], 亻[ren2] etc)
L5-0541	5	陪	陪	péi	2	V	陪	陪	to accompany; to keep sb company; to assist; old variant of 賠|赔[pei2]
L5-0542	5	赔	賠	péi	2	V	赔	賠	to compensate for loss; to indemnify; to suffer a financial loss
L5-0543	5	赔偿	賠償	péi cháng	2,2	V	赔偿	賠償	to compensate
L5-0544	5	配备	配備	pèi bèi	4,4	V	配备	配備	to allocate; to provide; to outfit with
L5-0545	5	配套	配套	pèi tào	4,4		配套	配套	to form a complete set; compatible; matching; complementary
L5-0546	5	喷	噴	pēn	1	V	喷	噴	to spout; to spurt; to spray; to puff; (slang) to criticize scathingly (esp. online)
L5-0547	5	盆	盆	pén	2	N	盆	盆	basin; flower pot; unit of volume equal to 12 斗[dou3] and 8 升[sheng1], approx 128 liters; CL:個|个[ge4]
L5-0548	5	披	披	pī	1	V	披	披	to drape over one's shoulders; to open; to unroll; to split open; to spread out
L5-0549	5	皮肤	皮膚	pí fū	2,1	N	皮肤	皮膚	skin; CL:層|层[ceng2],塊|块[kuai4]
L5-0550	5	皮鞋	皮鞋	pí xié	2,2	N	皮鞋	皮鞋	leather shoes
L5-0551	5	脾气	脾氣	pí qi	2,5	N	脾气	脾氣	character; temperament; disposition; bad temper; CL:股[gu3]
L5-0552	5	匹	匹	pǐ	3	M	匹	匹	(bound form) matching; comparable to; (bound form) alone; single; one of a pair; classifier for horses, mules etc (Taiwan pr. [pi1]); classifier for cloth: bolt; horsepower
L5-0553	5	骗	騙	piàn	4	V	骗	騙	to cheat; to swindle; to deceive; to get on (a horse etc) by swinging one leg over
L5-0554	5	骗子	騙子	piàn zi	4,5	N	骗子	騙子	swindler; a cheat
L5-0555	5	拼	拼	pīn	1	V	拼	拼	to piece together; to put together; to pool (resources etc); to share; to risk all; to go all out; to spell (words)
L5-0556	5	频道	頻道	pín dào	2,4	N	频道	頻道	frequency; (television) channel
L5-0557	5	频繁	頻繁	pín fán	2,2	Adj	频繁	頻繁	frequently; often
L5-0558	5	品	品	pǐn	3	V	品	品	(bound form) article; commodity; product; goods; (bound form) grade; rank; kind; type; variety; character; disposition; nature; temperament; to taste sth; to sample; to criticize; to comment; to judge; to size up; fret (on a guitar or lute)
L5-0559	5	品	品	pǐn	3	Suffix	品（工艺品）	品（工藝品）	(bound form) article; commodity; product; goods; (bound form) grade; rank; kind; type; variety; character; disposition; nature; temperament; to taste sth; to sample; to criticize; to comment; to judge; to size up; fret (on a guitar or lute)
L5-0560	5	品种	品種	pǐn zhǒng	3,3	N	品种	品種	breed; variety; CL:個|个[ge4]
L5-0561	5	平坦	平坦	píng tǎn	2,3	Adj	平坦	平坦	level; even; smooth; flat
L5-0562	5	平原	平原	píng yuán	2,2	N	平原	平原	field; plain; CL:個|个[ge4]
L5-0563	5	评估	評估	píng gū	2,1	V/N	评估	評估	to evaluate; to assess; assessment; evaluation
L5-0564	5	评论	評論	píng lùn	2,4	V/N	评论	評論	to comment on; to discuss; comment; commentary; CL:篇[pian1]
L5-0565	5	凭	憑	píng	2	V/Prep	凭	憑	to lean against; to rely on; on the basis of; no matter (how, what etc); proof
L5-0566	5	泼	潑	pō	1	V	泼	潑	to splash; to spill; rough and coarse; brutish
L5-0567	5	葡萄	葡萄	pú tao	2,5	N	葡萄	葡萄	grape
L5-0568	5	葡萄酒	葡萄酒	pú tao jiǔ	2,5,3	N	葡萄酒	葡萄酒	(grape) wine
L5-0569	5	期望	期望	qī wàng	1,4	V	期望	期望	to have expectations; to earnestly hope; expectation; hope
L5-0570	5	齐全	齊全	qí quán	2,2	Adj	齐全	齊全	complete; comprehensive
L5-0571	5	其	其	qí	2	Pron	其	其	his; her; its; their; that; such; it (refers to sth preceding it)
L5-0572	5	启动	啟動	qǐ dòng	3,4	V	启动	啟動	to start (a machine); (fig.) to set in motion; to launch (an operation); to activate (a plan)
L5-0573	5	启发	啟發	qǐ fā	3,1	V/N	启发	啟發	to enlighten; to explain (a text etc); to stimulate (a mental attitude); enlightenment; revelation; motivation
L5-0574	5	启事	啟事	qǐ shì	3,4	N	启事	啟事	announcement (written, on billboard, letter, newspaper or website); to post information; a notice
L5-0575	5	起到	起到	qǐ dào	3,4		起到	起到	(in an expression of the form 起到[qi3 dao4] + … + 作用[zuo4 yong4]) to have (a (motivating etc) effect); to play (a (stabilizing etc) role)
L5-0576	5	起码	起碼	qǐ mǎ	3,3	Adj	起码	起碼	at the minimum; at the very least
L5-0577	5	气体	氣體	qì tǐ	4,3	N	气体	氣體	gas (i.e. gaseous substance)
L5-0578	5	气象	氣象	qì xiàng	4,4	N	气象	氣象	meteorological condition; weather; meteorology; atmosphere; ambience; scene
L5-0579	5	签	簽	qiān	1	V	签	簽	to sign one's name; to write brief comments on a document; inscribed bamboo stick (variant of 籤|签[qian1]); visa
L5-0580	5	签订	簽訂	qiān dìng	1,4	V	签订	簽訂	to agree to and sign (a treaty etc)
L5-0581	5	签名	簽名	qiān míng	1,2		签名	簽名	to sign (one's name with a pen etc); to autograph; signature
L5-0582	5	签约	簽約	qiān yuē	1,1		签约	簽約	to sign a contract or agreement
L5-0583	5	签证	簽證	qiān zhèng	1,4	V/N	签证	簽證	visa; to issue a visa
L5-0584	5	签字	簽字	qiān zì	1,4		签字	簽字	to sign (one's name); signature
L5-0585	5	前景	前景	qián jǐng	2,3	N	前景	前景	foreground; vista; (future) prospects; perspective
L5-0586	5	前提	前提	qián tí	2,2	N	前提	前提	premise; precondition; prerequisite
L5-0587	5	欠	欠	qiàn	4	V	欠	欠	to owe; to lack; (literary) to be deficient in; (bound form) yawn; to raise slightly (a part of one's body)
L5-0588	5	枪	槍	qiāng	1	N	枪	槍	gun; firearm; rifle; spear; thing with shape or function similar to a gun; CL:支[zhi1],把[ba3],桿|杆[gan3],條|条[tiao2],枝[zhi1]; to substitute for another person in a test; to knock; classifier for rifle shots
L5-0589	5	强度	強度	qiáng dù	2,4	N	强度	強度	strength; intensity; CL:個|个[ge4]
L5-0590	5	墙壁	牆壁	qiáng bì	2,4	N	墙壁	牆壁	wall
L5-0591	5	抢	搶	qiǎng	3	V	抢	搶	to fight over; to rush; to scramble; to grab; to rob; to snatch
L5-0592	5	抢救	搶救	qiǎng jiù	3,4	V	抢救	搶救	to rescue
L5-0593	5	强迫	強迫	qiǎng pò	3,4	V	强迫	強迫	to compel; to force
L5-0594	5	悄悄	悄悄	qiāo qiāo	1,1	Adv	悄悄	悄悄	quiet; making little or no noise; surreptitious; stealthy; anxious; worried; Taiwan pr. [qiao3qiao3]
L5-0595	5	敲	敲	qiāo	1	V	敲	敲	to hit; to strike; to tap; to rap; to knock; to rip sb off; to overcharge
L5-0596	5	敲门	敲門	qiāo mén	1,2		敲门	敲門	to knock on a door
L5-0597	5	瞧	瞧	qiáo	2	V	瞧	瞧	to look at; to see; to see (a doctor); to visit
L5-0598	5	琴	琴	qín	2	N	琴	琴	guqin 古琴[gu3 qin2] (a type of zither); musical instrument in general
L5-0599	5	勤奋	勤奮	qín fèn	2,4	Adj	勤奋	勤奮	hardworking; diligent
L5-0600	5	青	青	qīng	1	Adj	青	青	green; blue; black; youth; young (of people)
L5-0601	5	清晨	清晨	qīng chén	1,2	N	清晨	清晨	early morning
L5-0602	5	清理	清理	qīng lǐ	1,3	V	清理	清理	to clear up; to tidy up; to dispose of
L5-0603	5	情节	情節	qíng jié	2,2	N	情节	情節	circumstances; plot; storyline
L5-0604	5	情形	情形	qíng xing	2,5	N	情形	情形	circumstances; situation; state of affairs
L5-0605	5	晴朗	晴朗	qíng lǎng	2,3	Adj	晴朗	晴朗	sunny and cloudless
L5-0606	5	区域	區域	qū yù	1,4	N	区域	區域	area; region; district
L5-0607	5	全都	全都	quán dōu	2,1	Adv	全都	全都	all; without exception
L5-0608	5	全世界	全世界	quán shì jiè	2,4,4		全世界	全世界	worldwide; entire world
L5-0609	5	泉	泉	quán	2	N	泉	泉	spring (small stream); mouth of a spring; coin (archaic)
L5-0610	5	劝	勸	quàn	4	V	劝	勸	to advise; to urge; to try to persuade; to exhort; to console; to soothe
L5-0611	5	缺乏	缺乏	quē fá	1,2	V	缺乏	缺乏	to lack; to be short of
L5-0612	5	确立	確立	què lì	4,4	V	确立	確立	to establish; to institute
L5-0613	5	群体	群體	qún tǐ	2,3	N	群体	群體	community; colony
L5-0614	5	群众	群眾	qún zhòng	2,4	N	群众	群眾	mass; multitude; the masses
L5-0615	5	染	染	rǎn	3	V	染	染	to dye; to catch (a disease); to acquire (bad habits etc); to contaminate; to add color washes to a painting
L5-0616	5	绕	繞	rào	4	V	绕	繞	to wind; to coil (thread); to rotate around; to spiral; to move around; to go round (an obstacle); to by-pass; to make a detour; to confuse; to perplex
L5-0617	5	热量	熱量	rè liàng	4,4	N	热量	熱量	heat; quantity of heat; calorific value
L5-0618	5	热门	熱門	rè mén	4,2	N	热门	熱門	popular; hot; in vogue
L5-0619	5	人间	人間	rén jiān	2,1	N	人间	人間	the human world; the earth
L5-0620	5	人力	人力	rén lì	2,4	N	人力	人力	manpower; labor power
L5-0621	5	人士	人士	rén shì	2,4	N	人士	人士	person; figure; public figure
L5-0622	5	人物	人物	rén wù	2,4	N	人物	人物	person; personage; figure (esp. sb of importance); character (in a play, novel etc); (genre of traditional Chinese painting) figure painting
L5-0623	5	忍	忍	rěn	3	V	忍	忍	to bear; to endure; to tolerate; to restrain oneself
L5-0624	5	忍不住	忍不住	rěn bu zhù	3,5,4		忍不住	忍不住	cannot help; unable to bear
L5-0625	5	忍受	忍受	rěn shòu	3,4	V	忍受	忍受	to bear; to endure
L5-0626	5	认	認	rèn	4	V	认	認	to recognize; to know; to admit
L5-0627	5	认定	認定	rèn dìng	4,4	V	认定	認定	to maintain (that sth is true); to determine (a fact); determination (of an amount); of the firm opinion; to believe firmly; to set one's mind on; to identify with
L5-0628	5	扔	扔	rēng	1	V	扔	扔	to throw; to throw away
L5-0629	5	仍旧	仍舊	réng jiù	2,4	Adv	仍旧	仍舊	still (remaining); to remain (the same); yet
L5-0630	5	如此	如此	rú cǐ	2,3	Pron	如此	如此	like this; so; such
L5-0631	5	如同	如同	rú tóng	2,2	V	如同	如同	like; as
L5-0632	5	如下	如下	rú xià	2,4	V	如下	如下	as follows
L5-0633	5	入门	入門	rù mén	4,2		入门	入門	entrance door; to enter a door; to learn the basics of a subject; introduction (to a subject); (attributive) entry-level
L5-0634	5	软	軟	ruǎn	3	Adj	软	軟	soft; flexible
L5-0635	5	软件	軟件	ruǎn jiàn	3,4	N	软件	軟件	software
L5-0636	5	洒	灑	sǎ	3	V	洒	灑	to sprinkle; to spray; to spill; to shed
L5-0637	5	散	散	sǎn	3	V	散	散	scattered; loose; to come loose; to fall apart; leisurely; powdered medicine
L5-0638	5	散文	散文	sǎn wén	3,2	N	散文	散文	(broadly) prose (as opposed to verse); (more narrowly) free-form literary prose, such as essays, sketches and reflections
L5-0639	5	杀	殺	shā	1	V	杀	殺	to kill; to slay; to murder; to attack; to weaken; to reduce; (dialect) to smart; (used after a verb) extremely
L5-0640	5	杀毒	殺毒	shā dú	1,2		杀毒	殺毒	to disinfect; (computing) to destroy a computer virus
L5-0641	5	沙漠	沙漠	shā mò	1,4	N	沙漠	沙漠	desert; CL:個|个[ge4]
L5-0642	5	傻	傻	shǎ	3	Adj	傻	傻	foolish
L5-0643	5	山区	山區	shān qū	1,1	N	山区	山區	mountain area; CL:個|个[ge4]
L5-0644	5	扇	扇	shān	1	V	扇	扇	to fan; to slap sb on the face
L5-0645	5	扇	扇	shàn	4	M/N	扇	扇	fan; sliding, hinged or detachable flat part of sth; classifier for doors, windows etc
L5-0646	5	扇子	扇子	shàn zi	4,5	N	扇子	扇子	fan; CL:把[ba3]
L5-0647	5	商标	商標	shāng biāo	1,1	N	商标	商標	trademark; logo
L5-0648	5	上级	上級	shàng jí	4,2	N	上级	上級	higher authorities; superiors; CL:個|个[ge4]
L5-0649	5	上下	上下	shàng xià	4,4	N	上下	上下	the top and bottom of sth; the full vertical extent of sth; from top to bottom; to go up and down; before and after (as in 上下文[shang4 xia4 wen2] "context"); (used after a quantity) approximately; ... or so; (in a social hierarchy) the high and the low; seniors and juniors (as in 上下和睦[shang4 xia4 he2 mu4] "harmony between superiors and subordinates"); all members of a group (as in 舉國上下|举国上下[ju3 guo2 shang4 xia4] "the entire nation"); relative superiority (as in 不相上下[bu4 xiang1 shang4 xia4] "evenly matched")
L5-0650	5	上涨	上漲	shàng zhǎng	4,3	V	上涨	上漲	to rise; to go up
L5-0651	5	稍	稍	shāo	1	Adv	稍	稍	somewhat; a little
L5-0652	5	稍微	稍微	shāo wēi	1,1	Adv	稍微	稍微	a little bit
L5-0653	5	蛇	蛇	shé	2	N	蛇	蛇	snake; serpent; CL:條|条[tiao2]
L5-0654	5	舍不得	捨不得	shě bu de	3,5,5	V	舍不得	捨不得	to hate to do sth; to hate to part with; to begrudge
L5-0655	5	舍得	捨得	shě de	3,5	V	舍得	捨得	to be willing to part with sth
L5-0656	5	设想	設想	shè xiǎng	4,3	V/N	设想	設想	to imagine; to assume; to envisage; tentative plan; to have consideration for
L5-0657	5	社	社	shè	4	N	社	社	(bound form) society; organization; agency; (old) god of the land
L5-0658	5	社区	社區	shè qū	4,1	N	社区	社區	community; neighborhood
L5-0659	5	射	射	shè	4	V	射	射	to shoot; to launch; to allude to; radio- (chemistry)
L5-0660	5	射击	射擊	shè jī	4,1	V/N	射击	射擊	to shoot; to fire (a gun)
L5-0661	5	摄像	攝像	shè xiàng	4,4	V	摄像	攝像	to videotape
L5-0662	5	摄像机	攝像機	shè xiàng jī	4,4,1	N	摄像机	攝像機	video camera; CL:部[bu4]
L5-0663	5	摄影	攝影	shè yǐng	4,3	V	摄影	攝影	to take a photograph; photography; to shoot (a movie)
L5-0664	5	摄影师	攝影師	shè yǐng shī	4,3,1	N	摄影师	攝影師	photographer; cinematographer; cameraman
L5-0665	5	伸	伸	shēn	1	V	伸	伸	to stretch; to extend
L5-0666	5	深处	深處	shēn chù	1,4	N	深处	深處	abyss; depths; deepest or most distant part
L5-0667	5	深度	深度	shēn dù	1,4	N	深度	深度	depth; (of a speech etc) profundity; advanced stage of development
L5-0668	5	神	神	shén	2	N	神	神	god; deity; supernatural; magical; mysterious; spirit; mind; energy; lively; expressive; look; expression; (coll.) awesome; amazing
L5-0669	5	神经	神經	shén jīng	2,1	N	神经	神經	nerve; mental state; (coll.) unhinged; nutjob
L5-0670	5	神奇	神奇	shén qí	2,2	Adj	神奇	神奇	magical; mystical; miraculous
L5-0671	5	神情	神情	shén qíng	2,2	N	神情	神情	look; expression
L5-0672	5	升高	升高	shēng gāo	1,1		升高	升高	to raise; to ascend
L5-0673	5	生成	生成	shēng chéng	1,2	V	生成	生成	to generate; to produce; to form; to be formed; to come into being; to be born with; to be blessed with
L5-0674	5	声	聲	shēng	1	N/M	声	聲	sound; voice; tone; noise; reputation; classifier for sounds
L5-0675	5	胜负	勝負	shèng fù	4,4	N	胜负	勝負	victory or defeat; the outcome of a battle
L5-0676	5	剩	剩	shèng	4	V	剩	剩	to remain; to be left; to have as remainder
L5-0677	5	剩下	剩下	shèng xià	4,4		剩下	剩下	to remain; to be left over
L5-0678	5	失误	失誤	shī wù	1,4	V/N	失误	失誤	lapse; mistake; to make a mistake; fault; service fault (in volleyball, tennis etc)
L5-0679	5	师傅	師傅	shī fu	1,5	N	师傅	師傅	master; qualified worker; respectful form of address for older men; CL:個|个[ge4],位[wei4],名[ming2]
L5-0680	5	诗歌	詩歌	shī gē	1,1	N	诗歌	詩歌	poem; CL:本[ben3],首[shou3],段[duan4]
L5-0681	5	十足	十足	shí zú	2,2	Adj	十足	十足	ample; complete; hundred percent; a pure shade (of some color)
L5-0682	5	时常	時常	shí cháng	2,2	Adv	时常	時常	often; frequently
L5-0683	5	时光	時光	shí guāng	2,1	N	时光	時光	time (esp. as sth that passes)
L5-0684	5	时机	時機	shí jī	2,1	N	时机	時機	opportunity; opportune moment
L5-0685	5	时事	時事	shí shì	2,4	N	时事	時事	current trends; the present situation; how things are going
L5-0686	5	实惠	實惠	shí huì	2,4	Adj/N	实惠	實惠	tangible benefit; material advantages; cheap; economical; advantageous (deal); substantial (discount)
L5-0687	5	拾	拾	shí	2	V	拾	拾	to pick up; to collate or arrange; ten (banker's anti-fraud numeral)
L5-0688	5	使得	使得	shǐ de	3,5	V	使得	使得	usable; serviceable; feasible; workable; doable; to make; to cause; to bring about
L5-0689	5	示范	示範	shì fàn	4,4	V	示范	示範	to demonstrate; to show how to do sth; demonstration; a model example
L5-0690	5	式	式	shì	4	N	式	式	type; form; pattern; style
L5-0691	5	势力	勢力	shì li	4,5	N	势力	勢力	power; influence; a force (military, political etc)
L5-0692	5	试图	試圖	shì tú	4,2	V	试图	試圖	to attempt; to try
L5-0693	5	视频	視頻	shì pín	4,2	N	视频	視頻	video
L5-0694	5	视为	視為	shì wéi	4,2		视为	視為	to view as; to see as; to consider to be; to deem
L5-0695	5	收购	收購	shōu gòu	1,4	V	收购	收購	to purchase or acquire in bulk or at an official level (esp. by a state or organization); to acquire or take over (a company or equity); acquisition; takeover
L5-0696	5	收集	收集	shōu jí	1,2	V	收集	收集	to gather; to collect
L5-0697	5	收拾	收拾	shōu shi	1,5	V	收拾	收拾	to put in order; to tidy up; to pack; to repair; (coll.) to sort sb out; to fix sb
L5-0698	5	手段	手段	shǒu duàn	3,4	N	手段	手段	method; way; means (of doing sth); skill; ability; trick; wile
L5-0699	5	手法	手法	shǒu fǎ	3,3	N	手法	手法	technique; trick; skill
L5-0700	5	寿司	壽司	shòu sī	4,1	N	寿司	壽司	sushi
L5-0701	5	受灾	受災	shòu zāi	4,1		受灾	受災	disaster-stricken; to be hit by a natural calamity
L5-0702	5	瘦	瘦	shòu	4	Adj	瘦	瘦	thin; to lose weight; (of clothing) tight; (of meat) lean; (of land) unproductive
L5-0703	5	书法	書法	shū fǎ	1,3	N	书法	書法	calligraphy; handwriting; penmanship
L5-0704	5	书柜	書櫃	shū guì	1,4	N	书柜	書櫃	bookcase
L5-0705	5	书桌	書桌	shū zhuō	1,1	N	书桌	書桌	desk; CL:張|张[zhang1]
L5-0706	5	输出	輸出	shū chū	1,1	V	输出	輸出	to output; to deliver (energy, data, signals etc); to export (goods, services, technology etc)
L5-0707	5	蔬菜	蔬菜	shū cài	1,4	N	蔬菜	蔬菜	vegetables
L5-0708	5	熟悉	熟悉	shú xī	2,1	V	熟悉	熟悉	to be familiar with; to know well
L5-0709	5	鼠	鼠	shǔ	3	N	鼠	鼠	(bound form) rat; mouse
L5-0710	5	鼠标	鼠標	shǔ biāo	3,1	N	鼠标	鼠標	(computing) mouse
L5-0711	5	数目	數目	shù mù	4,4	N	数目	數目	amount; number
L5-0712	5	摔	摔	shuāi	1	V	摔	摔	to throw down; to fall; to drop and break
L5-0713	5	摔倒	摔倒	shuāi dǎo	1,3		摔倒	摔倒	to fall down; to slip and fall; to throw sb to the ground
L5-0714	5	率领	率領	shuài lǐng	4,3	V	率领	率領	to lead; to command; to head
L5-0715	5	双手	雙手	shuāng shǒu	1,3		双手	雙手	both hands
L5-0716	5	水产品	水產品	shuǐ chǎn pǐn	3,3,3	N	水产品	水產品	aquatic products (including fish, crabs, seaweed etc)
L5-0717	5	水分	水分	shuǐ fèn	3,4	N	水分	水分	moisture content; (fig.) overstatement; padding
L5-0718	5	水库	水庫	shuǐ kù	3,4	N	水库	水庫	reservoir; CL:座[zuo4]
L5-0719	5	水灾	水災	shuǐ zāi	3,1	N	水灾	水災	flood; flood damage
L5-0720	5	睡眠	睡眠	shuì mián	4,2	N	睡眠	睡眠	sleep; to sleep; (computing) to enter sleep mode
L5-0721	5	说法	說法	shuō fǎ	1,3	N	说法	說法	to expound Buddhist teachings
L5-0722	5	硕士	碩士	shuò shì	4,4	N	硕士	碩士	master's degree; person who has a master's degree; learned person
L5-0723	5	私人	私人	sī rén	1,2	N	私人	私人	private; personal; interpersonal; sb with whom one has a close personal relationship; a member of one's clique
L5-0724	5	思维	思維	sī wéi	1,2	N	思维	思維	(line of) thought; thinking
L5-0725	5	四周	四周	sì zhōu	4,1	N	四周	四周	all around
L5-0726	5	搜	搜	sōu	1	V	搜	搜	to search; variant of 蒐|搜[sou1]
L5-0727	5	搜索	搜索	sōu suǒ	1,3	V	搜索	搜索	to search (a place, a database, online etc); to search for (sth)
L5-0728	5	宿舍	宿舍	sù shè	4,4	N	宿舍	宿舍	dormitory; dorm room; living quarters; hostel; CL:間|间[jian1]
L5-0729	5	酸甜苦辣	酸甜苦辣	suān tián kǔ là	1,2,3,4		酸甜苦辣	酸甜苦辣	(lit.) sour, sweet, bitter and spicy (idiom); (fig.) all kinds of flavors; the joys and sorrows of life
L5-0730	5	随后	隨後	suí hòu	2,4	Adv	随后	隨後	afterward; later; subsequently; following that
L5-0731	5	随意	隨意	suí yì	2,4		随意	隨意	as one wishes; according to one's wishes; at will; voluntary; conscious
L5-0732	5	随着	隨著	suí zhe	2,5	Prep	随着	隨著	along with; in the wake of; following
L5-0733	5	岁月	歲月	suì yuè	4,4	N	岁月	歲月	years; time
L5-0734	5	碎	碎	suì	4	Adj	碎	碎	(transitive or intransitive) to break into pieces; to shatter; to crumble; broken; fragmentary; scattered; garrulous
L5-0735	5	损害	損害	sǔn hài	3,4	V	损害	損害	harm; to damage; to impair
L5-0736	5	损失	損失	sǔn shī	3,1	V/N	损失	損失	loss; damage; CL:個|个[ge4]; to lose; to suffer damage
L5-0737	5	所在	所在	suǒ zài	3,4	N	所在	所在	place; location; (after a noun) place where it is located
L5-0738	5	锁	鎖	suǒ	3	N/V	锁	鎖	to lock; to lock up; a lock (CL:把[ba3])
L5-0739	5	台风	颱風	tái fēng	2,1	N	台风	颱風	typhoon
L5-0740	5	抬	抬	tái	2	V	抬	抬	to lift; to raise; (of two or more persons) to carry
L5-0741	5	抬头	抬頭	tái tóu	2,2		抬头	抬頭	to raise one's head; to look up; (fig.) to begin to emerge; to show signs of growth; (commerce) account name, or space for writing the name on checks, bills etc
L5-0742	5	太空	太空	tài kōng	4,1	N	太空	太空	outer space
L5-0743	5	弹	彈	tán	2	V	弹	彈	to pluck (a string); to play (a string instrument); to spring or leap; to shoot (e.g. with a catapult); (of cotton) to fluff or tease; to flick; to flip; to accuse; to impeach; elastic (of materials)
L5-0744	5	逃	逃	táo	2	V	逃	逃	to escape; to run away; to flee
L5-0745	5	逃跑	逃跑	táo pǎo	2,3	V	逃跑	逃跑	to flee from sth; to run away; to escape
L5-0746	5	逃走	逃走	táo zǒu	2,3	V	逃走	逃走	to escape; to flee; to run away
L5-0747	5	桃	桃	táo	2	N	桃	桃	peach
L5-0748	5	桃花	桃花	táo huā	2,1	N	桃花	桃花	peach blossom; (fig.) love affair
L5-0749	5	桃树	桃樹	táo shù	2,4	N	桃树	桃樹	peach tree; CL:株[zhu1]
L5-0750	5	讨厌	討厭	tǎo yàn	3,4		讨厌	討厭	to dislike; to loathe; disagreeable; troublesome; annoying
L5-0751	5	特定	特定	tè dìng	4,4	Adj	特定	特定	special; specific; designated; particular
L5-0752	5	特性	特性	tè xìng	4,4	N	特性	特性	property; characteristic
L5-0753	5	特有	特有	tè yǒu	4,3	Adj	特有	特有	specific (to); characteristic (of); distinctive
L5-0754	5	提倡	提倡	tí chàng	2,4	V	提倡	提倡	to promote; to advocate
L5-0755	5	提起	提起	tí qǐ	2,3	V	提起	提起	to mention; to bring up; (lit. and fig.) to lift; to raise; to initiate (legal proceedings)
L5-0756	5	提示	提示	tí shì	2,4	V	提示	提示	to point out; to remind (sb of sth); to suggest; suggestion; tip; reminder; notice
L5-0757	5	题材	題材	tí cái	2,2	N	题材	題材	subject matter
L5-0758	5	体积	體積	tǐ jī	3,1	N	体积	體積	volume (amount of space an object occupies)
L5-0759	5	体力	體力	tǐ lì	3,4	N	体力	體力	physical strength; physical power
L5-0760	5	天才	天才	tiān cái	1,2	N	天才	天才	talent; gift; genius; talented; gifted
L5-0761	5	天然气	天然氣	tiān rán qì	1,2,4	N	天然气	天然氣	natural gas
L5-0762	5	天文	天文	tiān wén	1,2	N	天文	天文	astronomy
L5-0763	5	调节	調節	tiáo jié	2,2	V	调节	調節	to adjust; to regulate; to harmonize; to reconcile (accountancy etc)
L5-0764	5	调解	調解	tiáo jiě	2,3	V	调解	調解	to mediate; to bring parties to an agreement
L5-0765	5	厅	廳	tīng	1	N	厅	廳	(reception) hall; living room; office; provincial government department
L5-0766	5	停留	停留	tíng liú	2,2	V	停留	停留	to stay somewhere temporarily; to stop over
L5-0767	5	通用	通用	tōng yòng	1,4	V	通用	通用	to use anywhere, anytime (card, ticket etc); to be used by everyone (language, textbook etc); (of two or more things) interchangeable
L5-0768	5	偷	偷	tōu	1	V/Adv	偷	偷	to steal; to pilfer; to snatch; thief; stealthily
L5-0769	5	偷偷	偷偷	tōu tōu	1,1	Adv	偷偷	偷偷	stealthily; secretly; covertly; furtively; on the sly
L5-0770	5	突破	突破	tū pò	1,4	V/N	突破	突破	to break through; to make a breakthrough; to surmount (an obstacle); (sports) to break through the opponent's defense
L5-0771	5	土豆	土豆	tǔ dòu	3,4	N	土豆	土豆	potato; (Tw) peanut (CL:顆|颗[ke1])
L5-0772	5	吐	吐	tǔ	3	V	吐	吐	to spit; to send out (silk from a silkworm, bolls from cotton flowers etc); to say; to pour out (one's grievances)
L5-0773	5	吐	吐	tù	4	V	吐	吐	to vomit; to throw up
L5-0774	5	兔	兔	tù	4	N	兔	兔	rabbit
L5-0775	5	团长	團長	tuán zhǎng	2,3	N	团长	團長	regimental command; head of a delegation; group buy organizer; group-buying coordinator
L5-0776	5	推行	推行	tuī xíng	1,2	V	推行	推行	to implement; to carry out; to introduce (a policy, system, reform etc); to promote; to advance (the practice of an art form, the use of a language etc); to push along (a bicycle etc while walking)
L5-0777	5	脱离	脫離	tuō lí	1,2	V	脱离	脫離	to separate oneself from; to break away from; diastasis (medicine); abscission; abjunction (botany)
L5-0778	5	外界	外界	wài jiè	4,4	N	外界	外界	the outside world; external
L5-0779	5	完了	完了	wán le	2,5	Conj	完了	完了	to be finished; to be done for; ruined; gone to the dogs; oh no
L5-0780	5	微博	微博	wēi bó	1,2	N	微博	微博	microblogging; microblog
L5-0781	5	为难	為難	wéi nán	2,2	Adj/V	为难	為難	to feel embarrassed or awkward; to make things difficult (for someone); to find things difficult (to do or manage)
L5-0782	5	为期	為期	wéi qī	2,1	V	为期	為期	(to be done) by (a certain date); lasting (a certain time)
L5-0783	5	为止	為止	wéi zhǐ	2,3	V	为止	為止	until; (used in combination with words like 到[dao4] or 至[zhi4] in constructs of the form 到...為止|到...为止)
L5-0784	5	为主	為主	wéi zhǔ	2,3	V	为主	為主	to rely mainly on; to attach most importance to
L5-0785	5	违法	違法	wéi fǎ	2,3		违法	違法	illegal; to break the law
L5-0786	5	违反	違反	wéi fǎn	2,3	V	违反	違反	to violate (a law)
L5-0787	5	违规	違規	wéi guī	2,1		违规	違規	to violate the rules
L5-0788	5	围绕	圍繞	wéi rào	2,4	V	围绕	圍繞	to revolve around; to center on (an issue)
L5-0789	5	唯一	唯一	wéi yī	2,1	Adj	唯一	唯一	only; sole
L5-0790	5	委托	委託	wěi tuō	3,1	V	委托	委託	to entrust; to trust; to commission
L5-0791	5	卫星	衛星	wèi xīng	4,1	N	卫星	衛星	(aerospace) satellite; (astronomy) satellite; moon; CL:顆|颗[ke1]
L5-0792	5	胃	胃	wèi	4	N	胃	胃	stomach; CL:個|个[ge4]
L5-0793	5	慰问	慰問	wèi wèn	4,4	V	慰问	慰問	to express sympathy, greetings, consolation etc
L5-0794	5	温和	溫和	wēn hé	1,2	Adj	温和	溫和	mild; gentle; moderate
L5-0795	5	文艺	文藝	wén yì	2,4	N	文艺	文藝	literature and art
L5-0796	5	卧室	臥室	wò shì	4,4	N	卧室	臥室	bedroom; CL:間|间[jian1]
L5-0797	5	握	握	wò	4	V	握	握	to hold; to grasp; to clench (one's fist); (bound form) to have in one's control; classifier: a handful
L5-0798	5	污染	污染	wū rǎn	1,3	V	污染	污染	(lit. and fig.) to pollute; to contaminate
L5-0799	5	污水	污水	wū shuǐ	1,3	N	污水	污水	sewage
L5-0800	5	屋	屋	wū	1	N	屋	屋	(bound form) house; (bound form) room
L5-0801	5	无奈	無奈	wú nài	2,4	V/Conj	无奈	無奈	to have no alternative; frustrated; exasperated; helpless; (conjunction) but unfortunately
L5-0802	5	无疑	無疑	wú yí	2,2	V	无疑	無疑	undoubtedly; without doubt; for sure
L5-0803	5	舞	舞	wǔ	3	N/V	舞	舞	to dance; to wield; to brandish
L5-0804	5	物价	物價	wù jià	4,4	N	物价	物價	(commodity) prices; CL:個|个[ge4]
L5-0805	5	物业	物業	wù yè	4,4	N	物业	物業	property; real estate; abbr. for 物業管理|物业管理[wu4 ye4 guan3 li3], property management
L5-0806	5	物质	物質	wù zhì	4,4	N	物质	物質	matter; substance; material; materialistic; CL:個|个[ge4]
L5-0807	5	误解	誤解	wù jiě	4,3	V/N	误解	誤解	to misunderstand; misunderstanding
L5-0808	5	西红柿	西紅柿	xī hóng shì	1,2,4	N	西红柿	西紅柿	tomato
L5-0809	5	西装	西裝	xī zhuāng	1,1	N	西装	西裝	suit; Western-style clothes; CL:套[tao4]
L5-0810	5	喜剧	喜劇	xǐ jù	3,4	N	喜剧	喜劇	a comedy; CL:部[bu4],齣|出[chu1]
L5-0811	5	戏	戲	xì	4	N	戏	戲	trick; drama; play; show; CL:齣|出[chu1],場|场[chang3],臺|台[tai2]
L5-0812	5	戏剧	戲劇	xì jù	4,4	N	戏剧	戲劇	a drama; a play; theater; script of a play
L5-0813	5	吓	嚇	xià	4	V	吓	嚇	to frighten; to scare
L5-0814	5	先后	先後	xiān hòu	1,4	N/Adv	先后	先後	early or late; first and last; priority; in succession; one after another
L5-0815	5	先前	先前	xiān qián	1,2	N	先前	先前	before; previously
L5-0816	5	鲜艳	鮮艷	xiān yàn	1,4	Adj	鲜艳	鮮艷	variant of 鮮豔|鲜艳[xian1 yan4]
L5-0817	5	闲	閒	xián	2	Adj	闲	閒	idle; unoccupied; leisure
L5-0818	5	显	顯	xiǎn	3	V	显	顯	to make visible; to reveal; prominent; conspicuous; (prefix) phanero-
L5-0819	5	现有	現有	xiàn yǒu	4,3		现有	現有	currently existing; currently available
L5-0820	5	现状	現狀	xiàn zhuàng	4,4	N	现状	現狀	current situation
L5-0821	5	线索	線索	xiàn suǒ	4,3	N	线索	線索	trail; clues; thread (of a story)
L5-0822	5	献	獻	xiàn	4	V	献	獻	to offer; to present; to dedicate; to donate; to show; to put on display; worthy person (old)
L5-0823	5	乡	鄉	xiāng	1	N	乡	鄉	country or countryside; native place; home village or town; township (PRC administrative unit)
L5-0824	5	乡村	鄉村	xiāng cūn	1,1	N	乡村	鄉村	rustic; village; countryside
L5-0825	5	相等	相等	xiāng děng	1,3	V	相等	相等	equal; equally; equivalent
L5-0826	5	相应	相應	xiāng yìng	1,4	V	相应	相應	to correspond; answering (one another); to agree (among the part); corresponding; relevant; appropriate; (modify) accordingly
L5-0827	5	香肠	香腸	xiāng cháng	1,2	N	香肠	香腸	sausage; CL:根[gen1]
L5-0828	5	详细	詳細	xiáng xì	2,4	Adj	详细	詳細	detailed; in detail; minute
L5-0829	5	享受	享受	xiǎng shòu	3,4	V/N	享受	享受	to enjoy; to live it up; pleasure; CL:種|种[zhong3]
L5-0830	5	向导	嚮導	xiàng dǎo	4,3	N	向导	嚮導	guide
L5-0831	5	向前	向前	xiàng qián	4,2		向前	向前	forward; onward
L5-0832	5	向上	向上	xiàng shàng	4,4	V	向上	向上	upward; up; to advance; to try to improve oneself; to make progress
L5-0833	5	相声	相聲	xiàng sheng	4,5	N	相声	相聲	comic dialogue; sketch; crosstalk
L5-0834	5	象征	象徵	xiàng zhēng	4,1	V/N	象征	象徵	symbol; emblem; to symbolize; to signify; to represent
L5-0835	5	消除	消除	xiāo chú	1,2	V	消除	消除	to eliminate; to remove
L5-0836	5	消毒	消毒	xiāo dú	1,2		消毒	消毒	to disinfect; to sterilize
L5-0837	5	消防	消防	xiāo fáng	1,2	V	消防	消防	firefighting; fire control
L5-0838	5	消费者	消費者	xiāo fèi zhě	1,4,3	N	消费者	消費者	consumer
L5-0839	5	消极	消極	xiāo jí	1,2	Adj	消极	消極	negative; passive; inactive
L5-0840	5	小偷儿	小偷兒	xiǎo tōu r	3,1,5	N	小偷儿	小偷兒	erhua form of 小偷[xiao3 tou1]
L5-0841	5	歇	歇	xiē	1	V	歇	歇	to rest; to take a break; to stop; to halt; (dialect) to sleep; a moment; a short while
L5-0842	5	协议	協議	xié yì	2,4	V/N	协议	協議	agreement; pact; protocol; CL:項|项[xiang4]
L5-0843	5	协议书	協議書	xié yì shū	2,4,1	N	协议书	協議書	contract; protocol
L5-0844	5	斜	斜	xié	2	Adj	斜	斜	inclined; slanting; oblique; tilting
L5-0845	5	心态	心態	xīn tài	1,4	N	心态	心態	attitude (of the heart); state of one's psyche; way of thinking; mentality
L5-0846	5	心疼	心疼	xīn téng	1,2	V	心疼	心疼	to love dearly; to feel sorry for sb; to regret; to grudge; to be distressed
L5-0847	5	辛苦	辛苦	xīn kǔ	1,3	Adj/V	辛苦	辛苦	exhausting; hard; tough; arduous; to work hard; to go to a lot of trouble; hardship(s)
L5-0848	5	欣赏	欣賞	xīn shǎng	1,3	V	欣赏	欣賞	to appreciate; to enjoy; to admire
L5-0849	5	信念	信念	xìn niàn	4,4	N	信念	信念	faith; belief; conviction
L5-0850	5	信箱	信箱	xìn xiāng	4,1	N	信箱	信箱	mailbox; post office box
L5-0851	5	行驶	行駛	xíng shǐ	2,3	V	行驶	行駛	to travel along a route (of vehicles etc)
L5-0852	5	形态	形態	xíng tài	2,4	N	形态	形態	shape; form; pattern; morphology
L5-0853	5	性能	性能	xìng néng	4,2	N	性能	性能	function; performance; behavior
L5-0854	5	雄伟	雄偉	xióng wěi	2,3	Adj	雄伟	雄偉	grand; imposing; magnificent; majestic
L5-0855	5	熊	熊	xióng	2	N	熊	熊	bear; (coll.) to scold; to rebuke; (coll.) weak; incapable
L5-0856	5	休闲	休閒	xiū xián	1,2	V	休闲	休閒	leisure; relaxation; not working; idle; to enjoy leisure; to lie fallow
L5-0857	5	修复	修復	xiū fù	1,4	V	修复	修復	to restore; to renovate; (computing) to repair (a corrupted file etc)
L5-0858	5	修建	修建	xiū jiàn	1,4	V	修建	修建	to build; to construct
L5-0859	5	修养	修養	xiū yǎng	1,3	N	修养	修養	accomplishment; training; self-cultivation
L5-0860	5	虚心	虛心	xū xīn	1,1	Adj	虚心	虛心	open-minded; humble
L5-0861	5	许可	許可	xǔ kě	3,3	V	许可	許可	to allow; to permit
L5-0862	5	选修	選修	xuǎn xiū	3,1	V	选修	選修	(at a school) to take as an elective; an elective; elective (subject)
L5-0863	5	学科	學科	xué kē	2,1	N	学科	學科	subject; branch of learning; course; academic discipline
L5-0864	5	学位	學位	xué wèi	2,4	N	学位	學位	academic degree; place in school
L5-0865	5	学者	學者	xué zhě	2,3	N	学者	學者	scholar
L5-0866	5	寻求	尋求	xún qiú	2,2	V	寻求	尋求	to seek; to look for
L5-0867	5	询问	詢問	xún wèn	2,4	V	询问	詢問	to inquire; to ask about
L5-0868	5	押金	押金	yā jīn	1,1	N	押金	押金	deposit; down payment
L5-0869	5	鸭子	鴨子	yā zi	1,5	N	鸭子	鴨子	duck (CL:隻|只[zhi1]); (slang) male prostitute
L5-0870	5	亚军	亞軍	yà jūn	4,1	N	亚军	亞軍	second place (in a sports contest); runner-up
L5-0871	5	延伸	延伸	yán shēn	2,1	V	延伸	延伸	to extend; to stretch; to expand; to spread
L5-0872	5	严厉	嚴厲	yán lì	2,4	Adj	严厉	嚴厲	severe; strict
L5-0873	5	严肃	嚴肅	yán sù	2,4	Adj/V	严肃	嚴肅	(of an atmosphere etc) solemn; grave; serious; (of a manner etc) earnest; severe; exacting; to strictly enforce
L5-0874	5	言语	言語	yán yǔ	2,3	N	言语	言語	words; speech; (spoken) language
L5-0875	5	研究所	研究所	yán jiū suǒ	2,1,3	N	研究所	研究所	research institute; graduate studies; graduate school; CL:個|个[ge4]
L5-0876	5	眼光	眼光	yǎn guāng	3,1	N	眼光	眼光	gaze; insight; foresight; vision; way of looking at things
L5-0877	5	邀请	邀請	yāo qǐng	1,3	V/N	邀请	邀請	to invite; invitation; CL:個|个[ge4]
L5-0878	5	摇头	搖頭	yáo tóu	2,2		摇头	搖頭	to shake one's head
L5-0879	5	咬	咬	yǎo	3	V	咬	咬	to bite; to nip
L5-0880	5	也好	也好	yě hǎo	3,3	Aux	也好	也好	that's fine; may as well; (reduplicated) regardless of whether ... or ...
L5-0881	5	业务	業務	yè wù	4,4	N	业务	業務	business; professional work; service; CL:項|项[xiang4]
L5-0882	5	夜间	夜間	yè jiān	4,1	N	夜间	夜間	nighttime; evening or night (e.g. classes)
L5-0883	5	一流	一流	yī liú	1,2	N/Adj	一流	一流	top quality; front ranking
L5-0884	5	依法	依法	yī fǎ	1,3	Adv	依法	依法	legal (proceedings); according to law
L5-0885	5	依旧	依舊	yī jiù	1,4	V/Adv	依旧	依舊	as before; still; to remain the same
L5-0886	5	依据	依據	yī jù	1,4	V/N	依据	依據	according to; basis; foundation
L5-0887	5	依照	依照	yī zhào	1,4	V/Prep	依照	依照	according to; in light of
L5-0888	5	一辈子	一輩子	yī bèi zi	1,4,5	N	一辈子	一輩子	(for) a lifetime
L5-0889	5	一带	一帶	yī dài	1,4	N	一带	一帶	region; area
L5-0890	5	一旦	一旦	yī dàn	1,4	N/Adv	一旦	一旦	in case (sth happens); if; once (sth happens, then...); when; in a short time; in one day
L5-0891	5	一句话	一句話	yī jù huà	1,4,4		一句话	一句話	in a word; in short
L5-0892	5	一路	一路	yī lù	1,4	N/Adv	一路	一路	the whole journey; all the way; going the same way; going in the same direction; of the same kind
L5-0893	5	一下儿	一下兒	yī xià r	1,4,5	Adv	一下儿	一下兒	erhua form of 一下[yi1 xia4]
L5-0894	5	一下子	一下子	yī xià zi	1,4,5	Adv	一下子	一下子	once; one time; (following a verb) for a moment; briefly; for a little while; in no time; almost immediately; all at once; all of a sudden
L5-0895	5	一向	一向	yī xiàng	1,4	Adv	一向	一向	a period of time in the recent past; (indicating a period of time up to the present) all along; the whole time
L5-0896	5	乙	乙	yǐ	3	N	乙	乙	second of the ten Heavenly Stems 十天干[shi2 tian1 gan1]; second in order; letter "B" or Roman "II" in list "A, B, C", or "I, II, III" etc; second party (in legal contract, usually 乙方[yi3 fang1], as opposed to 甲方[jia3 fang1]); ethyl; bent; winding; radical in Chinese characters (Kangxi radical 5); ancient Chinese compass point: 105°
L5-0897	5	以便	以便	yǐ biàn	3,4	Conj	以便	以便	so that; so as to; in order to
L5-0898	5	以往	以往	yǐ wǎng	3,3	N	以往	以往	in the past; formerly
L5-0899	5	一口气	一口氣	yī kǒu qì	1,3,4	Adv	一口气	一口氣	one breath; in one breath; at a stretch
L5-0900	5	一身	一身	yī shēn	1,1	N	一身	一身	whole body; from head to toe; single person; a suit of clothes
L5-0901	5	意识	意識	yì shí	4,2	N/V	意识	意識	consciousness; awareness; (usu. followed by 到[dao4]) to be aware of; to realize
L5-0902	5	意味着	意味著	yì wèi zhe	4,4,5	V	意味着	意味著	to signify; to mean; to imply
L5-0903	5	意志	意志	yì zhì	4,4	N	意志	意志	will; willpower; determination
L5-0904	5	因而	因而	yīn ér	1,2	Conj	因而	因而	therefore; as a result; thus; and as a result, ...
L5-0905	5	饮料	飲料	yǐn liào	3,4	N	饮料	飲料	drink; beverage
L5-0906	5	饮食	飲食	yǐn shí	3,2	N	饮食	飲食	eating and drinking; food and drink; diet
L5-0907	5	印刷	印刷	yìn shuā	4,1	V	印刷	印刷	to print; printing
L5-0908	5	应	應	yìng	4	V	应	應	to answer; to respond; to comply with; to deal or cope with
L5-0909	5	硬	硬	yìng	4	Adj/Adv	硬	硬	hard; stiff; solid; (fig.) strong; firm; resolutely; uncompromisingly; laboriously; with great difficulty; good (quality); able (person); (of food) filling; substantial
L5-0910	5	硬件	硬件	yìng jiàn	4,4	N	硬件	硬件	hardware
L5-0911	5	拥抱	擁抱	yōng bào	1,4	V	拥抱	擁抱	to embrace; to hug
L5-0912	5	拥有	擁有	yōng yǒu	1,3	V	拥有	擁有	to have; to possess; to own
L5-0913	5	用不着	用不著	yòng bu zháo	4,5,2	V	用不着	用不著	not need; have no use for
L5-0914	5	用户	用戶	yòng hù	4,4	N	用户	用戶	user; consumer; subscriber; customer
L5-0915	5	用来	用來	yòng lái	4,2		用来	用來	to be used for
L5-0916	5	用于	用於	yòng yú	4,2		用于	用於	to use in; to use on; to use for
L5-0917	5	优惠	優惠	yōu huì	1,4	Adj	优惠	優惠	privilege; favorable (terms); preferential (treatment); discount (price)
L5-0918	5	优先	優先	yōu xiān	1,1	V	优先	優先	to have priority; to take precedence
L5-0919	5	幽默	幽默	yōu mò	1,4	Adj	幽默	幽默	(loanword) humor; humorous
L5-0920	5	尤其	尤其	yóu qí	2,2	Adv	尤其	尤其	especially; particularly
L5-0921	5	由此	由此	yóu cǐ	2,3		由此	由此	hereby; from this
L5-0922	5	犹豫	猶豫	yóu yù	2,4	Adj	犹豫	猶豫	to hesitate
L5-0923	5	游泳池	游泳池	yóu yǒng chí	2,3,2	N	游泳池	游泳池	swimming pool
L5-0924	5	友谊	友誼	yǒu yì	3,4	N	友谊	友誼	companionship; fellowship; friendship
L5-0925	5	有毒	有毒	yǒu dú	3,2		有毒	有毒	poisonous
L5-0926	5	有害	有害	yǒu hài	3,4		有害	有害	destructive; harmful; damaging
L5-0927	5	有力	有力	yǒu lì	3,4	Adj	有力	有力	powerful; forceful; vigorous
L5-0928	5	有利于	有利於	yǒu lì yú	3,4,2		有利于	有利於	to be advantageous to; to be beneficial for
L5-0929	5	有着	有著	yǒu zhe	3,5	V	有着	有著	to have; to possess
L5-0930	5	羽毛球	羽毛球	yǔ máo qiú	3,2,2	N	羽毛球	羽毛球	badminton; shuttlecock
L5-0931	5	羽绒服	羽絨服	yǔ róng fú	3,2,2	N	羽绒服	羽絨服	down jacket; down coat
L5-0932	5	雨水	雨水	yǔ shuǐ	3,3	N	雨水	雨水	rainwater; rainfall; rain
L5-0933	5	预备	預備	yù bèi	4,4	V	预备	預備	to prepare; to make ready; preparation; preparatory
L5-0934	5	预期	預期	yù qī	4,1	V	预期	預期	to expect; to anticipate
L5-0935	5	元旦	元旦	Yuán dàn	2,4	N	元旦	元旦	New Year's Day
L5-0936	5	园林	園林	yuán lín	2,2	N	园林	園林	gardens; park; landscape garden
L5-0937	5	原理	原理	yuán lǐ	2,3	N	原理	原理	principle; theory
L5-0938	5	原始	原始	yuán shǐ	2,3	Adj	原始	原始	first; original; primitive; original (document etc)
L5-0939	5	原先	原先	yuán xiān	2,1	N	原先	原先	originally; original; former
L5-0940	5	原有	原有	yuán yǒu	2,3		原有	原有	original; former
L5-0941	5	远处	遠處	yuǎn chù	3,4	N	远处	遠處	distant place
L5-0942	5	怨	怨	yuàn	4	V	怨	怨	to blame; (bound form) resentment; hatred; grudge
L5-0943	5	愿	願	yuàn	4	V	愿	願	(bound form) wish; hope; desire; to be willing; to wish (that sth may happen); may ...; vow; pledge
L5-0944	5	约束	約束	yuē shù	1,4	V	约束	約束	to restrict; to limit to; to constrain; restriction; constraint
L5-0945	5	月饼	月餅	yuè bǐng	4,3	N	月饼	月餅	mooncake (esp. for the Mid-Autumn Festival)
L5-0946	5	月球	月球	yuè qiú	4,2	N	月球	月球	the moon
L5-0947	5	阅览室	閱覽室	yuè lǎn shì	4,3,4	N	阅览室	閱覽室	reading room; CL:間|间[jian1]
L5-0948	5	运	運	yùn	4	V	运	運	to move; to transport; to use; to apply; fortune; luck; fate
L5-0949	5	运行	運行	yùn xíng	4,2	V	运行	運行	(of celestial bodies etc) to move along one's course; (fig.) to function; to be in operation; (of a train service etc) to operate; to run; (of a computer) to run
L5-0950	5	灾	災	zāi	1	N	灾	災	disaster; calamity
L5-0951	5	灾害	災害	zāi hài	1,4	N	灾害	災害	calamity; disaster; CL:個|个[ge4]
L5-0952	5	灾难	災難	zāi nàn	1,4	N	灾难	災難	disaster; catastrophe
L5-0953	5	灾区	災區	zāi qū	1,1	N	灾区	災區	disaster area; stricken region
L5-0954	5	再次	再次	zài cì	4,4	Adv	再次	再次	once more; once again
L5-0955	5	再也	再也	zài yě	4,3		再也	再也	(not) ever again; (not) any longer
L5-0956	5	在场	在場	zài chǎng	4,3	V	在场	在場	to be present; to be on the scene
L5-0957	5	在内	在內	zài nèi	4,4	V	在内	在內	(included) in it; among them
L5-0958	5	暂时	暫時	zàn shí	4,2	Adj	暂时	暫時	temporary; provisional; for the time being
L5-0959	5	暂停	暫停	zàn tíng	4,2	V	暂停	暫停	to suspend; time-out (e.g. in sports); stoppage; pause (media player)
L5-0960	5	糟	糟	zāo	1	Adj	糟	糟	dregs; draff; pickled in wine; rotten; messy; ruined
L5-0961	5	糟糕	糟糕	zāo gāo	1,1	Adj	糟糕	糟糕	too bad; how terrible; what bad luck; terrible; bad
L5-0962	5	早期	早期	zǎo qī	3,1	N	早期	早期	early period; early phase; early stage
L5-0963	5	增	增	zēng	1	V	增	增	(bound form) to increase; to augment; to add to
L5-0964	5	增产	增產	zēng chǎn	1,3		增产	增產	to increase production
L5-0965	5	增大	增大	zēng dà	1,4	V	增大	增大	to enlarge; to amplify; to magnify
L5-0966	5	增多	增多	zēng duō	1,1	V	增多	增多	to increase; to grow in number
L5-0967	5	增强	增強	zēng qiáng	1,2	V	增强	增強	to increase; to strengthen
L5-0968	5	赠	贈	zèng	4	V	赠	贈	to give as a present; to repel; to bestow an honorary title after death (old)
L5-0969	5	赠送	贈送	zèng sòng	4,4	V	赠送	贈送	to present as a gift
L5-0970	5	摘	摘	zhāi	1	V	摘	摘	to take; to pick (flowers, fruit etc); to pluck; to remove; to take off (glasses, hat etc); to select; to pick out; to borrow money at a time of urgent need
L5-0971	5	展览	展覽	zhǎn lǎn	3,3	V/N	展览	展覽	to put on display; to exhibit; exhibition; show; CL:個|个[ge4],次[ci4]
L5-0972	5	展示	展示	zhǎn shì	3,4	V	展示	展示	to reveal; to display; to show; to exhibit
L5-0973	5	展现	展現	zhǎn xiàn	3,4	V	展现	展現	to unfold before one's eyes; to emerge; to reveal; to display
L5-0974	5	占领	佔領	zhàn lǐng	4,3	V	占领	佔領	to capture; to seize; to occupy by force
L5-0975	5	占有	佔有	zhàn yǒu	4,3	V	占有	佔有	to have; to own; to hold; to occupy; to possess; to account for (a high proportion etc)
L5-0976	5	涨	漲	zhǎng	3	V	涨	漲	to rise (of prices, rivers)
L5-0977	5	涨价	漲價	zhǎng jià	3,4		涨价	漲價	to appreciate (in value); to increase in price
L5-0978	5	掌握	掌握	zhǎng wò	3,4	V	掌握	掌握	to grasp (often fig.); to control; to seize (initiative, opportunity, destiny); to master; to know well; to understand sth well and know how to use it; fluency
L5-0979	5	招生	招生	zhāo shēng	1,1		招生	招生	to enroll new students; to get students
L5-0980	5	招手	招手	zhāo shǒu	1,3		招手	招手	to wave; to beckon
L5-0981	5	珍贵	珍貴	zhēn guì	1,4	Adj	珍贵	珍貴	precious
L5-0982	5	珍惜	珍惜	zhēn xī	1,1	V	珍惜	珍惜	to treasure; to value; to cherish
L5-0983	5	珍珠	珍珠	zhēn zhū	1,1	N	珍珠	珍珠	pearl (CL:顆|颗[ke1],粒[li4]); (fig.) teardrop; tear
L5-0984	5	真诚	真誠	zhēn chéng	1,2	Adj	真诚	真誠	sincere; genuine; true
L5-0985	5	真理	真理	zhēn lǐ	1,3	N	真理	真理	truth; CL:個|个[ge4]
L5-0986	5	真相	真相	zhēn xiàng	1,4	N	真相	真相	the truth about sth; the actual facts
L5-0987	5	诊断	診斷	zhěn duàn	3,4	V	诊断	診斷	to diagnose
L5-0988	5	振动	振動	zhèn dòng	4,4	V	振动	振動	to vibrate; to shake; vibration
L5-0989	5	震惊	震驚	zhèn jīng	4,1	Adj/V	震惊	震驚	to shock; to astonish
L5-0990	5	争议	爭議	zhēng yì	1,4	V	争议	爭議	controversy; dispute; to dispute
L5-0991	5	正版	正版	zhèng bǎn	4,3	N	正版	正版	genuine; legal; see also 盜版|盗版[dao4 ban3]
L5-0992	5	正规	正規	zhèng guī	4,1	Adj	正规	正規	regular; according to standards
L5-0993	5	正如	正如	zhèng rú	4,2	V	正如	正如	just as; precisely as
L5-0994	5	正义	正義	zhèng yì	4,4	N/Adj	正义	正義	justice; righteousness; just; righteous; (in the titles of traditional commentaries) correct interpretation
L5-0995	5	证实	證實	zhèng shí	4,2	V	证实	證實	to confirm (sth to be true); to verify
L5-0996	5	证书	證書	zhèng shū	4,1	N	证书	證書	credentials; certificate
L5-0997	5	挣	掙	zhèng	4	V	挣	掙	to struggle to get free; to strive to acquire; to make (money)
L5-0998	5	挣钱	掙錢	zhèng qián	4,2		挣钱	掙錢	to make money
L5-0999	5	之内	之內	zhī nèi	1,4	N	之内	之內	inside; within
L5-1000	5	之外	之外	zhī wài	1,4	N	之外	之外	outside; excluding
L5-1001	5	之下	之下	zhī xià	1,4	N	之下	之下	under; beneath; less than
L5-1002	5	之中	之中	zhī zhōng	1,1	N	之中	之中	inside; among; in the midst of (doing sth); during
L5-1003	5	支出	支出	zhī chū	1,1	V/N	支出	支出	to spend; to pay out; expenses; expenditure
L5-1004	5	支配	支配	zhī pèi	1,4	V	支配	支配	to control; to dominate; to allocate
L5-1005	5	执行	執行	zhí xíng	2,2	V	执行	執行	to implement; to carry out; to execute; to run
L5-1006	5	直线	直線	zhí xiàn	2,4	N/Adj	直线	直線	straight line; sharply (rise or fall)
L5-1007	5	值班	值班	zhí bān	2,1		值班	值班	to work a shift; on duty
L5-1008	5	职能	職能	zhí néng	2,2	N	职能	職能	function; role
L5-1009	5	职位	職位	zhí wèi	2,4	N	职位	職位	position; post; job
L5-1010	5	职务	職務	zhí wù	2,4	N	职务	職務	post; position; job; duties
L5-1011	5	只不过	只不過	zhǐ bu guò	3,5,4	Adv	只不过	只不過	only; merely; nothing but; no more than; it's just that ...
L5-1012	5	只见	只見	zhǐ jiàn	3,4		只见	只見	to see (the same thing) over and over again; to see, to one's surprise, (sth happen suddenly)
L5-1013	5	指标	指標	zhǐ biāo	3,1	N	指标	指標	(production) target; quota; index; indicator; sign; signpost; (computing) pointer
L5-1014	5	指甲	指甲	zhǐ jia	3,5	N	指甲	指甲	fingernail
L5-1015	5	指示	指示	zhǐ shì	3,4	N/V	指示	指示	to point out; to indicate; to instruct; directives; instructions; CL:個|个[ge4]
L5-1016	5	指责	指責	zhǐ zé	3,2	V	指责	指責	to criticize; to find fault with; to denounce
L5-1017	5	至	至	zhì	4	V	至	至	to arrive; most; to; until
L5-1018	5	制成	製成	zhì chéng	4,2		制成	製成	to manufacture; to turn out (a product)
L5-1019	5	制约	制約	zhì yuē	4,1	V	制约	制約	to restrict; condition
L5-1020	5	治安	治安	zhì ān	4,1	N	治安	治安	law and order; public security
L5-1021	5	治理	治理	zhì lǐ	4,3	V	治理	治理	to govern; to administer; to manage; to control; governance
L5-1022	5	中断	中斷	zhōng duàn	1,4	V	中断	中斷	to cut short; to break off; to discontinue; to interrupt
L5-1023	5	中秋节	中秋節	Zhōng qiū jié	1,1,2	N	中秋节	中秋節	the Mid-Autumn Festival on 15th of 8th lunar month
L5-1024	5	中央	中央	zhōng yāng	1,1	N	中央	中央	central; middle; center; central authorities (of a state)
L5-1025	5	中药	中藥	zhōng yào	1,4	N	中药	中藥	traditional Chinese medicine; CL:服[fu4]
L5-1026	5	终点	終點	zhōng diǎn	1,3	N	终点	終點	the end; end point; finishing line (in a race); destination; terminus; CL:個|个[ge4]
L5-1027	5	终身	終身	zhōng shēn	1,1	N	终身	終身	lifelong; all one's life; marriage
L5-1028	5	终止	終止	zhōng zhǐ	1,3	V	终止	終止	to stop; to terminate
L5-1029	5	中毒	中毒	zhòng dú	4,2		中毒	中毒	to be poisoned
L5-1030	5	众多	眾多	zhòng duō	4,1	Adj	众多	眾多	numerous
L5-1031	5	周期	週期	zhōu qī	1,1	N	周期	週期	period; cycle
L5-1032	5	竹子	竹子	zhú zi	2,5	N	竹子	竹子	bamboo; CL:棵[ke1],根[gen1]
L5-1033	5	主办	主辦	zhǔ bàn	3,4	V	主办	主辦	to organize; to host (a conference or sports event)
L5-1034	5	主导	主導	zhǔ dǎo	3,3	V/N	主导	主導	leading; dominant; prevailing; to lead; to direct; to dominate
L5-1035	5	主观	主觀	zhǔ guān	3,1	Adj	主观	主觀	subjective
L5-1036	5	主管	主管	zhǔ guǎn	3,3	V/N	主管	主管	in charge; responsible for; person in charge; manager
L5-1037	5	主体	主體	zhǔ tǐ	3,3	N	主体	主體	main part; bulk; body; subject; agent
L5-1038	5	助理	助理	zhù lǐ	4,3	N	助理	助理	assistant
L5-1039	5	助手	助手	zhù shǒu	4,3	N	助手	助手	assistant; helper
L5-1040	5	注册	註冊	zhù cè	4,4		注册	註冊	to register; to enroll
L5-1041	5	注射	注射	zhù shè	4,4	V	注射	注射	injection; to inject
L5-1042	5	注视	注視	zhù shì	4,4	V	注视	注視	to look attentively at; to closely watch; to gaze at
L5-1043	5	注重	注重	zhù zhòng	4,4	V	注重	注重	to pay attention to; to emphasize
L5-1044	5	祝贺	祝賀	zhù hè	4,4	V	祝贺	祝賀	to congratulate; congratulations; CL:個|个[ge4]
L5-1045	5	专辑	專輯	zhuān jí	1,2	N	专辑	專輯	album; record (music); special collection of printed or broadcast material
L5-1046	5	专利	專利	zhuān lì	1,4	N	专利	專利	patent; sth uniquely enjoyed (or possessed etc) by a certain group of people; monopoly
L5-1047	5	转化	轉化	zhuǎn huà	3,4	V	转化	轉化	to change; to turn; to convert; (genetics) to transform; (chemistry) isomerization
L5-1048	5	转换	轉換	zhuǎn huàn	3,4	V	转换	轉換	to change; to switch; to convert; to transform
L5-1049	5	转让	轉讓	zhuǎn ràng	3,4	V	转让	轉讓	to transfer (ownership, rights etc)
L5-1050	5	转向	轉向	zhuǎn xiàng	3,4	V	转向	轉向	to change direction; fig. to change one's stance
L5-1051	5	装饰	裝飾	zhuāng shì	1,4	V/N	装饰	裝飾	to decorate; decoration; decorative; ornamental
L5-1052	5	撞	撞	zhuàng	4	V	撞	撞	to knock against; to bump into; to run into; to meet by accident
L5-1053	5	资本	資本	zī běn	1,3	N	资本	資本	capital (economics)
L5-1054	5	资产	資產	zī chǎn	1,3	N	资产	資產	property; assets
L5-1055	5	资助	資助	zī zhù	1,4	V	资助	資助	to subsidize; to provide financial aid; subsidy
L5-1056	5	子弹	子彈	zǐ dàn	3,4	N	子弹	子彈	bullet; CL:粒[li4],顆|颗[ke1],發|发[fa1]
L5-1057	5	仔细	仔細	zǐ xì	3,4	Adj	仔细	仔細	careful; attentive; cautious; to be careful; to look out; (dialect) thrifty; frugal
L5-1058	5	紫	紫	zǐ	3	Adj	紫	紫	purple; violet
L5-1059	5	自豪	自豪	zì háo	4,2	Adj	自豪	自豪	proud (of one's achievements etc)
L5-1060	5	自杀	自殺	zì shā	4,1	V	自杀	自殺	to kill oneself; to commit suicide; to attempt suicide
L5-1061	5	自愿	自願	zì yuàn	4,4	V	自愿	自願	voluntary
L5-1062	5	总裁	總裁	zǒng cái	3,2	N	总裁	總裁	chairman; director-general (of a company etc)
L5-1063	5	总数	總數	zǒng shù	3,4	N	总数	總數	total; sum; aggregate
L5-1064	5	总算	總算	zǒng suàn	3,4	Adv	总算	總算	at long last; finally; on the whole
L5-1065	5	总体	總體	zǒng tǐ	3,3	N	总体	總體	completely; totally; total; entire; overall; population (statistics)
L5-1066	5	阻碍	阻礙	zǔ ài	3,4	V/N	阻碍	阻礙	to obstruct; to hinder; to block; obstruction; hindrance
L5-1067	5	组织	組織	zǔ zhī	3,1	V/N	组织	組織	to organize; organization; (biology) tissue; (textiles) weave; CL:個|个[ge4]
L5-1068	5	醉	醉	zuì	4	V	醉	醉	intoxicated
L5-1069	5	尊敬	尊敬	zūn jìng	1,4	V/Adj	尊敬	尊敬	to respect; to revere; to esteem; honorable; distinguished (used on formal occasions before a term of address)
L5-1070	5	尊重	尊重	zūn zhòng	1,4	V	尊重	尊重	to esteem; to respect; to honor; to value; eminent; serious; proper
L5-1071	5	遵守	遵守	zūn shǒu	1,3	V	遵守	遵守	to comply with; to abide by; to respect (an agreement)
L6-0001	6	挨着	挨著	āi zhe	1,5		挨着	挨著	near
L6-0002	6	挨	挨	ái	2	V	挨	挨	to suffer; to endure; to pull through (hard times); to delay; to stall; to play for time; to dawdle
L6-0003	6	挨打	挨打	ái dǎ	2,3	V	挨打	挨打	to take a beating; to come under attack
L6-0004	6	安检	安檢	ān jiǎn	1,3	V	安检	安檢	security check (abbr. for 安全檢查|安全检查[an1 quan2 jian3 cha2]); to do a security check
L6-0005	6	罢工	罷工	bà gōng	4,1		罢工	罷工	a strike; to go on strike
L6-0006	6	罢了	罷了	bà le	4,5	Aux	罢了	罷了	a modal particle indicating (that's all, only, nothing much)
L6-0007	6	白领	白領	bái lǐng	2,3	N	白领	白領	white-collar; white-collar worker
L6-0008	6	百分点	百分點	bǎi fēn diǎn	3,1,3	N	百分点	百分點	percentage point
L6-0009	6	办公	辦公	bàn gōng	4,1		办公	辦公	to handle official business (usu. in an office); to do (office) work
L6-0010	6	办事处	辦事處	bàn shì chù	4,4,4	N	办事处	辦事處	office; agency; bureau
L6-0011	6	办学	辦學	bàn xué	4,2	V	办学	辦學	to run a school
L6-0012	6	半决赛	半決賽	bàn jué sài	4,2,4	N	半决赛	半決賽	semifinals
L6-0013	6	傍晚	傍晚	bàng wǎn	4,3	N	傍晚	傍晚	in the evening; when night falls; towards evening; at night fall; at dusk
L6-0014	6	保健	保健	bǎo jiàn	3,4	V	保健	保健	health protection; health care; to maintain in good health
L6-0015	6	报刊	報刊	bào kān	4,1	N	报刊	報刊	newspapers and periodicals; the press
L6-0016	6	报考	報考	bào kǎo	4,3	V	报考	報考	to enter oneself for an examination
L6-0017	6	抱歉	抱歉	bào qiàn	4,4	Adj	抱歉	抱歉	to be sorry; to feel apologetic; sorry!
L6-0018	6	暴风雨	暴風雨	bào fēng yǔ	4,1,3	N	暴风雨	暴風雨	rainstorm; storm; tempest
L6-0019	6	暴力	暴力	bào lì	4,4	N	暴力	暴力	violence; force; violent
L6-0020	6	暴露	暴露	bào lù	4,4	V	暴露	暴露	to expose; to reveal; to lay bare; also pr. [pu4 lu4]
L6-0021	6	暴雨	暴雨	bào yǔ	4,3	N	暴雨	暴雨	torrential rain; rainstorm; CL:場|场[chang2],陣|阵[zhen4]
L6-0022	6	爆	爆	bào	4	V	爆	爆	to explode; to burst; to stir-fry briefly; to quick-boil
L6-0023	6	爆发	爆發	bào fā	4,1	V	爆发	爆發	to break out; to erupt; to explode; to burst out
L6-0024	6	爆炸	爆炸	bào zhà	4,4	V	爆炸	爆炸	explosion; to explode; to blow up; to detonate
L6-0025	6	悲惨	悲慘	bēi cǎn	1,3	Adj	悲惨	悲慘	miserable; tragic
L6-0026	6	背心	背心	bèi xīn	4,1	N	背心	背心	sleeveless garment (vest, waistcoat, singlet, tank top etc); CL:件[jian4]
L6-0027	6	背着	背著	bèi zhe	4,5		背着	背著	turning one's back to (sth or sb); keeping sth secret from (sb); keeping (one's hands) behind one's back
L6-0028	6	被告	被告	bèi gào	4,4	N	被告	被告	(law) the defendant; the accused
L6-0029	6	奔跑	奔跑	bēn pǎo	1,3	V	奔跑	奔跑	to run
L6-0030	6	本	本	běn	3	Pron/Adv	本	本	(bound form) root; stem; (bound form) origin; source; (bound form) one's own; this; (bound form) this; the current (year etc); (bound form) original; (bound form) inherent; originally; initially; capital; principal; classifier for books, periodicals, files etc
L6-0031	6	本地	本地	běn dì	3,4	N	本地	本地	local; this locality
L6-0032	6	本期	本期	běn qī	3,1		本期	本期	the current period; this term (usually in finance)
L6-0033	6	本身	本身	běn shēn	3,1	Pron	本身	本身	itself; in itself; per se
L6-0034	6	本土	本土	běn tǔ	3,3	N	本土	本土	one's native country; native; local; metropolitan territory
L6-0035	6	本质	本質	běn zhì	3,4	N	本质	本質	essence; nature; innate character; intrinsic quality
L6-0036	6	逼	逼	bī	1	V	逼	逼	to force (sb to do sth); to compel; to press for; to extort; to press on towards; to press up to; to close in on; euphemistic variant of 屄[bi1]
L6-0037	6	笔试	筆試	bǐ shì	3,4	V	笔试	筆試	written examination; paper test (for an applicant)
L6-0038	6	必将	必將	bì jiāng	4,1	Adv	必将	必將	inevitably
L6-0039	6	必修	必修	bì xiū	4,1	Adj	必修	必修	(of an academic course) required; compulsory
L6-0040	6	闭	閉	bì	4	V	闭	閉	to close; to stop up; to shut; to obstruct
L6-0041	6	边缘	邊緣	biān yuán	1,2	N	边缘	邊緣	edge; fringe; verge; brink; periphery; marginal; borderline
L6-0042	6	编制	編制	biān zhì	1,4	V	编制	編制|編製	to establish (a unit or department); authorized staffing allocation in government or public institutions (excluding temporary or contract staff)
L6-0043	6	扁	扁	biǎn	3	Adj	扁	扁	flat; (coll.) to beat (sb) up; old variant of 匾[bian3]
L6-0044	6	变更	變更	biàn gēng	4,1	V	变更	變更	to change; to alter; to modify
L6-0045	6	变换	變換	biàn huàn	4,4	V	变换	變換	to transform; to convert; to vary; to alternate; a transformation
L6-0046	6	变形	變形	biàn xíng	4,2		变形	變形	to become deformed; to change shape; to morph
L6-0047	6	便	便	biàn	4	Adv/Conj	便	便	plain; informal; suitable; convenient; opportune; to urinate or defecate; equivalent to 就[jiu4]: then; in that case; even if; soon afterwards
L6-0048	6	便是	便是	biàn shì	4,4		便是	便是	(emphasizes that sth is precisely or exactly as stated); precisely; exactly; even; if; just like; in the same way as
L6-0049	6	遍地	遍地	biàn dì	4,4	Adv	遍地	遍地	everywhere; all over
L6-0050	6	表面上	表面上	biǎo miàn shang	3,4,5		表面上	表面上	outwardly; superficially; on the face of it
L6-0051	6	病房	病房	bìng fáng	4,2	N	病房	病房	ward (of a hospital); sickroom; CL:間|间[jian1]
L6-0052	6	病情	病情	bìng qíng	4,2	N	病情	病情	state of an illness; patient's condition
L6-0053	6	拨打	撥打	bō dǎ	1,3	V	拨打	撥打	to call; to dial
L6-0054	6	波动	波動	bō dòng	1,4	V	波动	波動	to undulate; to fluctuate; wave motion; rise and fall
L6-0055	6	波浪	波浪	bō làng	1,4	N	波浪	波浪	wave
L6-0056	6	播	播	bō	1	V	播	播	(bound form) to sow (seeds); to spread (ideas, rumors etc); to broadcast (radio signals etc); Taiwan pr. [bo4]
L6-0057	6	不便	不便	bù biàn	4,4	Adj/V	不便	不便	inconvenient; inappropriate; unsuitable; short of cash
L6-0058	6	不见	不見	bù jiàn	4,4	V	不见	不見	not to see; not to meet; to have disappeared; to be missing
L6-0059	6	不料	不料	bù liào	4,4	Conj	不料	不料	unexpectedly; to one's surprise
L6-0060	6	不再	不再	bù zài	4,4	V	不再	不再	no more; no longer
L6-0061	6	不至于	不至於	bù zhì yú	4,4,2	V	不至于	不至於	unlikely to go so far as to; not as bad as
L6-0062	6	补考	補考	bǔ kǎo	3,3	V	补考	補考	to sit for a makeup exam; to resit an exam; makeup exam; resit
L6-0063	6	补课	補課	bǔ kè	3,4		补课	補課	to make up missed lesson; to reschedule a class
L6-0064	6	补习	補習	bǔ xí	3,2	V	补习	補習	to take extra lessons in a cram school or with a private tutor
L6-0065	6	补助	補助	bǔ zhù	3,4	V/N	补助	補助	to subsidize; subsidy; allowance
L6-0066	6	捕	捕	bǔ	3	V	捕	捕	to catch; to seize; to capture
L6-0067	6	不成	不成	bù chéng	4,2	V/Adj	不成	不成	won't do; unable to; (at the end of a rhetorical question) can that be?
L6-0068	6	不禁	不禁	bù jīn	4,1	Adv	不禁	不禁	can't help (doing sth); can't refrain from
L6-0069	6	不仅仅	不僅僅	bù jǐn jǐn	4,3,3		不仅仅	不僅僅	not only; not just
L6-0070	6	不通	不通	bù tōng	4,1	V	不通	不通	to be obstructed; to be blocked up; to be impassable; to make no sense; to be illogical
L6-0071	6	不怎么	不怎麼	bù zěn me	4,3,5	Adv	不怎么	不怎麼	not very; not particularly
L6-0072	6	不怎么样	不怎麼樣	bù zěn me yàng	4,3,5,4		不怎么样	不怎麼樣	not up to much; very indifferent; nothing great about it; nothing good to be said about it
L6-0073	6	不值	不值	bù zhí	4,2	V	不值	不值	not worth
L6-0074	6	布满	布滿	bù mǎn	4,3		布满	布滿	to be covered with; to be filled with
L6-0075	6	部队	部隊	bù duì	4,4	N	部队	部隊	army; armed forces; troops; force; unit; CL:個|个[ge4]
L6-0076	6	采纳	採納	cǎi nà	3,4	V	采纳	採納	to accept; to adopt
L6-0077	6	踩	踩	cǎi	3	V	踩	踩	to step on; to tread; to stamp; to press a pedal; to pedal (a bike); (online) to downvote
L6-0078	6	参赛	參賽	cān sài	1,4	V	参赛	參賽	to compete; to take part in a competition
L6-0079	6	参展	參展	cān zhǎn	1,3	V	参展	參展	to exhibit at or take part in a trade show etc
L6-0080	6	餐	餐	cān	1	M	餐	餐	meal; to eat; classifier for meals
L6-0081	6	残疾	殘疾	cán jí	2,2	N	残疾	殘疾	disabled; handicapped; deformity on a person or animal
L6-0082	6	残疾人	殘疾人	cán jí rén	2,2,2	N	残疾人	殘疾人	disabled person
L6-0083	6	残酷	殘酷	cán kù	2,4	Adj	残酷	殘酷	cruel; harsh; merciless
L6-0084	6	惨	慘	cǎn	3	Adj	惨	慘	miserable; wretched; cruel; inhuman; disastrous; tragic; dim; gloomy
L6-0085	6	仓库	倉庫	cāng kù	1,4	N	仓库	倉庫	depot; storehouse; warehouse
L6-0086	6	藏	藏	cáng	2	V	藏	藏	to conceal; to hide away; to harbor; to store; to collect
L6-0087	6	操纵	操縱	cāo zòng	1,4	V	操纵	操縱	to operate; to control; to rig; to manipulate
L6-0088	6	厕所	廁所	cè suǒ	4,3	N	厕所	廁所	toilet; lavatory; CL:間|间[jian1],處|处[chu4]
L6-0089	6	侧	側	cè	4	N/V	侧	側	the side; to incline towards; to lean; inclined; lateral; side
L6-0090	6	测定	測定	cè dìng	4,4	V	测定	測定	to determine (by measuring or surveying)
L6-0091	6	策划	策劃	cè huà	4,4	V	策划	策劃	to plot; to scheme; to bring about; to engineer; planning; producer; planner
L6-0092	6	策略	策略	cè lüè	4,4	N	策略	策略	strategy; tactics; crafty; adroit
L6-0093	6	层面	層面	céng miàn	2,4	N	层面	層面	aspect; facet; level (political, psychological, spiritual etc); (geology) bedding plane
L6-0094	6	差异	差異	chā yì	1,4	N	差异	差異	difference; discrepancy
L6-0095	6	查出	查出	chá chū	2,1		查出	查出	to find out; to discover
L6-0096	6	查看	查看	chá kàn	2,4	V	查看	查看	to look over; to examine; to check up; to ferret out
L6-0097	6	拆迁	拆遷	chāi qiān	1,1	V	拆迁	拆遷	to demolish a building and relocate the inhabitants
L6-0098	6	产量	產量	chǎn liàng	3,4	N	产量	產量	output
L6-0099	6	昌盛	昌盛	chāng shèng	1,4	Adj	昌盛	昌盛	prosperous
L6-0100	6	长短	長短	cháng duǎn	2,3	N	长短	長短	length; accident; mishap; right and wrong; good and bad; merits and demerits
L6-0101	6	长假	長假	cháng jià	2,4	N	长假	長假	long vacation
L6-0102	6	长久	長久	cháng jiǔ	2,3	Adj	长久	長久	long-time; long-term; lasting; enduring; permanent; for a long time
L6-0103	6	长跑	長跑	cháng pǎo	2,3	N	长跑	長跑	long-distance running
L6-0104	6	长远	長遠	cháng yuǎn	2,3	Adj	长远	長遠	long-term; long-range
L6-0105	6	常规	常規	cháng guī	2,1	N	常规	常規	code of conduct; conventions; common practice; routine (medical procedure etc)
L6-0106	6	常年	常年	cháng nián	2,2	Adv/N	常年	常年	all year round; for years on end; average year
L6-0107	6	厂商	廠商	chǎng shāng	3,1	N	厂商	廠商	manufacturer; producer
L6-0108	6	场地	場地	chǎng dì	3,4	N	场地	場地	space; site; place; sports pitch
L6-0109	6	场馆	場館	chǎng guǎn	3,3	N	场馆	場館	sporting venue; arena
L6-0110	6	场景	場景	chǎng jǐng	3,3	N	场景	場景	scene; scenario; situation; setting
L6-0111	6	畅通	暢通	chàng tōng	4,1	Adj	畅通	暢通	unobstructed; unimpeded; free-flowing; smooth
L6-0112	6	超	超	chāo	1	V	超	超	to exceed; to overtake; to surpass; to transcend; to pass; to cross; ultra-; super-
L6-0113	6	超出	超出	chāo chū	1,1	V	超出	超出	to exceed; to overstep; to go too far; to encroach
L6-0114	6	炒	炒	chǎo	3	V	炒	炒	to sauté; to stir-fry; to speculate (in real estate etc); to scalp; to hype up; to sack; to fire (sb)
L6-0115	6	炒股	炒股	chǎo gǔ	3,3		炒股	炒股	(coll.) to speculate in stocks
L6-0116	6	炒作	炒作	chǎo zuò	3,4	V	炒作	炒作	to hype; to promote (in the media)
L6-0117	6	车号	車號	chē hào	1,4	N	车号	車號	vehicle number (license plate number, taxi number, bus number, train car number)
L6-0118	6	车牌	車牌	chē pái	1,2	N	车牌	車牌	vehicle license plate
L6-0119	6	车展	車展	chē zhǎn	1,3	N	车展	車展	auto show; motor show
L6-0120	6	撤离	撤離	chè lí	4,2	V	撤离	撤離	to withdraw from; to evacuate
L6-0121	6	撤销	撤銷	chè xiāo	4,1	V	撤销	撤銷	to cancel; to revoke; to rescind; (computing) to undo
L6-0122	6	撑	撐	chēng	1	V	撑	撐	to support; to prop up; to push or move with a pole; to maintain; to open or unfurl; to fill to bursting point; brace; stay; support
L6-0123	6	成	成	chéng	2	M	成	成	to succeed; to finish; to complete; to accomplish; to become; to turn into; to be all right; OK!; one tenth
L6-0124	6	成分	成分	chéng fèn	2,4	N	成分	成分	composition; ingredient; element; component; one's social status
L6-0125	6	成品	成品	chéng pǐn	2,3	N	成品	成品	finished goods; a finished product
L6-0126	6	承诺	承諾	chéng nuò	2,4	V	承诺	承諾	to promise; to undertake to do something; commitment
L6-0127	6	城区	城區	chéng qū	2,1	N	城区	城區	city district; urban area
L6-0128	6	城乡	城鄉	chéng xiāng	2,1		城乡	城鄉	city and countryside
L6-0129	6	城镇	城鎮	chéng zhèn	2,4	N	城镇	城鎮	town; cities and towns
L6-0130	6	持有	持有	chí yǒu	2,3	V	持有	持有	to hold (passport, views etc)
L6-0131	6	冲击	衝擊	chōng jī	1,1	V/N	冲击	衝擊	to attack; to batter; (of waves) to pound against; shock; impact
L6-0132	6	重建	重建	chóng jiàn	2,4	V	重建	重建	to rebuild; to reconstruct; to reestablish
L6-0133	6	重组	重組	chóng zǔ	2,3	V	重组	重組	to reorganize; to recombine; to restructure
L6-0134	6	崇拜	崇拜	chóng bài	2,4	V	崇拜	崇拜	to worship; adoration
L6-0135	6	宠物	寵物	chǒng wù	3,4	N	宠物	寵物	house pet
L6-0136	6	冲	衝	chòng	4	Prep/V	冲	衝	powerful; vigorous; pungent; towards; in view of
L6-0137	6	出场	出場	chū chǎng	1,3		出场	出場	(of a performer) to come onto the stage to perform; (of an athlete) to enter the arena to compete; (fig.) to enter the scene (e.g. a new product); (of an examinee etc) to leave the venue
L6-0138	6	出动	出動	chū dòng	1,4	V	出动	出動	to start out on a trip; to dispatch troops
L6-0139	6	出访	出訪	chū fǎng	1,3	V	出访	出訪	to go and visit in an official capacity or for investigation
L6-0140	6	出路	出路	chū lù	1,4	N	出路	出路	a way out (lit. and fig.); opportunity for advancement; a way forward; outlet (for one's products)
L6-0141	6	出面	出面	chū miàn	1,4		出面	出面	to appear personally; to step in; to step forth; to show up
L6-0142	6	出名	出名	chū míng	1,2		出名	出名	well-known for sth; to become well known; to make one's mark; to lend one's name (to an event, endeavor etc)
L6-0143	6	出入	出入	chū rù	1,4	V/N	出入	出入	to go out and come in; entrance and exit; expenditure and income; discrepancy; inconsistent
L6-0144	6	出事	出事	chū shì	1,4		出事	出事	to have an accident; to meet with a mishap
L6-0145	6	出台	出臺	chū tái	1,2		出台	出臺	to officially launch (a policy, program etc); to appear on stage; to appear publicly; (of a bar girl) to leave with a client
L6-0146	6	出行	出行	chū xíng	1,2	V	出行	出行	to go out somewhere (relatively short trip); to set off on a journey (longer trip)
L6-0147	6	初等	初等	chū děng	1,3	Adj	初等	初等	elementary (i.e. easy)
L6-0148	6	除	除	chú	2	Prep/V	除	除	to get rid of; to remove; to exclude; to eliminate; to wipe out; to divide; except; not including
L6-0149	6	厨师	廚師	chú shī	2,1	N	厨师	廚師	cook; chef
L6-0150	6	储存	儲存	chǔ cún	3,2	V	储存	儲存	stockpile; to store; to stockpile; storage
L6-0151	6	处处	處處	chù chù	4,4	Adv	处处	處處	everywhere; in all respects
L6-0152	6	处长	處長	chù zhǎng	4,3	N	处长	處長	department head; section chief
L6-0153	6	传出	傳出	chuán chū	2,1		传出	傳出	to transmit outwards; to disseminate; efferent (nerve)
L6-0154	6	传媒	傳媒	chuán méi	2,2	N	传媒	傳媒	the media; mass media; (epidemiology) medium or route of transmission (of a disease)
L6-0155	6	传输	傳輸	chuán shū	2,1	V	传输	傳輸	to transmit; transmission
L6-0156	6	传言	傳言	chuán yán	2,2	N/V	传言	傳言	rumor; hearsay
L6-0157	6	船员	船員	chuán yuán	2,2	N	船员	船員	sailor; crew member
L6-0158	6	船长	船長	chuán zhǎng	2,3	N	船长	船長	captain (of a boat); skipper
L6-0159	6	船只	船隻	chuán zhī	2,1	N	船只	船隻	ship; boat; vessel
L6-0160	6	串	串	chuàn	4	M/V	串	串	to string together; to skewer; to connect wrongly; to gang up; to rove; string; bunch; skewer; classifier for things that are strung together, or in a bunch, or in a row: string of, bunch of, series of; to make a swift or abrupt linear movement (like a bead on an abacus); to move across
L6-0161	6	窗口	窗口	chuāng kǒu	1,3	N	窗口	窗口	window; opening providing restricted access (e.g. customer service window); computer operating system window; fig. medium; intermediary; showpiece; testing ground
L6-0162	6	创办	創辦	chuàng bàn	4,4	V	创办	創辦	to establish; to found
L6-0163	6	创建	創建	chuàng jiàn	4,4	V	创建	創建	to found; to establish
L6-0164	6	创意	創意	chuàng yì	4,4	N/V	创意	創意	creative; creativity
L6-0165	6	此处	此處	cǐ chù	3,4		此处	此處	this place; here (literary)
L6-0166	6	此次	此次	cǐ cì	3,4		此次	此次	this time
L6-0167	6	此前	此前	cǐ qián	3,2	N	此前	此前	before this; before then; previously
L6-0168	6	此事	此事	cǐ shì	3,4	N	此事	此事	this matter
L6-0169	6	此致	此致	cǐ zhì	3,4	V	此致	此致	(used at the end of a letter to introduce a polite salutation)
L6-0170	6	次数	次數	cì shù	4,4	N	次数	次數	number of times; frequency; order number (in a series); power (math.); degree of a polynomial (math.)
L6-0171	6	从不	從不	cóng bù	2,4		从不	從不	never
L6-0172	6	从没	從沒	cóng méi	2,2		从没	從沒	never (in the past); never did
L6-0173	6	醋	醋	cù	4	N	醋	醋	vinegar; jealousy (in love rivalry)
L6-0174	6	村庄	村莊	cūn zhuāng	1,1	N	村庄	村莊	village; hamlet; CL:座[zuo4]
L6-0175	6	错过	錯過	cuò guò	4,4	V	错过	錯過	to miss (train, opportunity etc)
L6-0176	6	搭	搭	dā	1	V	搭	搭	to put up; to build (scaffolding); to hang (clothes on a pole); to connect; to join; to arrange in pairs; to match; to add; to throw in (resources); to take (boat, train); variant of 褡[da1]
L6-0177	6	搭档	搭檔	dā dàng	1,4	V/N	搭档	搭檔	to cooperate; partner
L6-0178	6	搭配	搭配	dā pèi	1,4	V	搭配	搭配	to pair up; to match; to arrange in pairs; to add sth into a group
L6-0179	6	打动	打動	dǎ dòng	3,4	V	打动	打動	to move (to pity); arousing (sympathy); touching
L6-0180	6	打断	打斷	dǎ duàn	3,4	V	打断	打斷	to interrupt; to break off; to break (a bone)
L6-0181	6	打发	打發	dǎ fa	3,5	V	打发	打發	to dispatch sb to do sth; to make sb leave; to pass (the time); (old) to make arrangements; (old) to bestow (alms etc)
L6-0182	6	打官司	打官司	dǎ guān si	3,1,5		打官司	打官司	to file a lawsuit; to sue; to dispute
L6-0183	6	打牌	打牌	dǎ pái	3,2	V	打牌	打牌	to play mahjong or cards
L6-0184	6	打印机	打印機	dǎ yìn jī	3,4,1	N	打印机	打印機	printer
L6-0185	6	打造	打造	dǎ zào	3,4	V	打造	打造	to forge (metal); (fig.) to create; to build; to develop
L6-0186	6	大道	大道	dà dào	4,4	N	大道	大道	main street; avenue
L6-0187	6	大街	大街	dà jiē	4,1	N	大街	大街	street; main street; CL:條|条[tiao2]
L6-0188	6	大力	大力	dà lì	4,4	Adv	大力	大力	energetically; vigorously
L6-0189	6	大米	大米	dà mǐ	4,3	N	大米	大米	(husked) rice
L6-0190	6	大批	大批	dà pī	4,1	Adj	大批	大批	large quantities of
L6-0191	6	大赛	大賽	dà sài	4,4	N	大赛	大賽	grand contest
L6-0192	6	大师	大師	dà shī	4,1	N	大师	大師	great master; master
L6-0193	6	大使	大使	dà shǐ	4,3	N	大使	大使	ambassador; envoy; CL:名[ming2],位[wei4]
L6-0194	6	待会儿	待會兒	dāi huì r	1,4,5		待会儿	待會兒	in a moment; later; also pr. [dai1 hui3 r5] or [dai1 hui5 r5]
L6-0195	6	担忧	擔憂	dān yōu	1,1	V	担忧	擔憂	to worry; to be concerned
L6-0196	6	单打	單打	dān dǎ	1,3	N	单打	單打	singles (in sports); CL:場|场[chang3]
L6-0197	6	诞生	誕生	dàn shēng	4,1	V	诞生	誕生	to be born
L6-0198	6	党	黨	dǎng	3	N	党	黨	party; association; club; society; CL:個|个[ge4]
L6-0199	6	当	當	dàng	4	V	当	當	at or in the very same...; suitable; adequate; fitting; proper; to replace; to regard as; to think; to pawn; (coll.) to fail (a student)
L6-0200	6	当成	當成	dàng chéng	4,2	V	当成	當成	to consider as; to take to be
L6-0201	6	当天	當天	dàng tiān	4,1	N	当天	當天	the same day
L6-0202	6	当作	當作	dàng zuò	4,4	V	当作	當作	to treat as; to regard as
L6-0203	6	档	檔	dàng	4	N	档	檔	(bound form) shelves (for files); pigeonholes; (bound form) files; crosspiece (of a table etc); (bound form) (of goods) grade; vendor's open-air stall; (Tw) timeslot for a show or program; classifier for shows; classifier for events, affairs etc; Taiwan pr. [dang3]
L6-0204	6	档案	檔案	dàng àn	4,4	N	档案	檔案	file; record; archive
L6-0205	6	岛	島	dǎo	3	N	岛	島	island; CL:個|个[ge4],座[zuo4]
L6-0206	6	到期	到期	dào qī	4,1		到期	到期	to fall due (loan etc); to expire (visa etc); to mature (investment bond etc)
L6-0207	6	盗版	盜版	dào bǎn	4,3	N	盗版	盜版	pirated; illegal; see also 正版[zheng4 ban3]
L6-0208	6	道教	道教	Dào jiào	4,4	N	道教	道教	Taoism; Daoism
L6-0209	6	道歉	道歉	dào qiàn	4,4		道歉	道歉	to apologize
L6-0210	6	低头	低頭	dī tóu	1,2		低头	低頭	to bow the head; to yield; to give in
L6-0211	6	低温	低溫	dī wēn	1,1	N	低温	低溫	low temperature
L6-0212	6	滴	滴	dī	1	V/M	滴	滴	to drip; to let drip; to apply (eye drops etc); (bound form) a drop (of liquid); classifier for drops of liquid
L6-0213	6	抵达	抵達	dǐ dá	3,2	V	抵达	抵達	to arrive; to reach (a destination)
L6-0214	6	抵抗	抵抗	dǐ kàng	3,4	V	抵抗	抵抗	to resist; resistance
L6-0215	6	地板	地板	dì bǎn	4,3	N	地板	地板	floor
L6-0216	6	地名	地名	dì míng	4,2	N	地名	地名	place name; toponym
L6-0217	6	地下室	地下室	dì xià shì	4,4,4	N	地下室	地下室	basement; cellar
L6-0218	6	电车	電車	diàn chē	4,1	N	电车	電車	tram; streetcar; trolleybus; electric car; e-bike; (in the context of Japan) electric train
L6-0219	6	电动	電動	diàn dòng	4,4	Adj	电动	電動	electric-powered; (Tw) video game
L6-0220	6	电力	電力	diàn lì	4,4	N	电力	電力	electrical power; electricity
L6-0221	6	电器	電器	diàn qì	4,4	N	电器	電器	(electrical) appliance; device
L6-0222	6	吊	吊	diào	4	V	吊	吊	to suspend; to hang up; to hang a person
L6-0223	6	调研	調研	diào yán	4,2	V	调研	調研	to investigate and research; research; investigation
L6-0224	6	跌	跌	diē	1	V	跌	跌	to fall; to tumble; to trip; (of prices etc) to drop; Taiwan pr. [die2]
L6-0225	6	定价	定價	dìng jià	4,4	N	定价	定價	to set a price; to fix a price
L6-0226	6	定时	定時	dìng shí	4,2	V/N	定时	定時	to fix a time; fixed time; timed (of explosive etc)
L6-0227	6	定位	定位	dìng wèi	4,4		定位	定位	to orientate; to position; to categorize (as); to characterize (as); positioning; position; niche
L6-0228	6	动画	動畫	dòng huà	4,4	N	动画	動畫	animation; cartoon
L6-0229	6	斗争	鬥爭	dòu zhēng	4,1	V/N	斗争	鬥爭	a struggle; fight; battle
L6-0230	6	都市	都市	dū shì	1,4	N	都市	都市	city; metropolis
L6-0231	6	毒品	毒品	dú pǐn	2,3	N	毒品	毒品	drugs; narcotics
L6-0232	6	赌	賭	dǔ	3	V	赌	賭	to bet; to gamble
L6-0233	6	赌博	賭博	dǔ bó	3,2	V	赌博	賭博	to gamble
L6-0234	6	渡	渡	dù	4	V	渡	渡	to cross; to pass through; to ferry
L6-0235	6	端	端	duān	1	V	端	端	(bound form) tip; end; extremity; (bound form) aspect; facet; (bound form) upright; proper; to hold sth level with both hands; to carry; to eliminate; to wipe out
L6-0236	6	端午节	端午節	Duān wǔ jié	1,3,2	N	端午节	端午節	Dragon Boat Festival (5th day of the 5th lunar month)
L6-0237	6	短片	短片	duǎn piàn	3,4	N	短片	短片	short film; video clip
L6-0238	6	队伍	隊伍	duì wǔ	4,3	N	队伍	隊伍	ranks; troops; queue; line; procession; CL:個|个[ge4],支[zhi1],條|条[tiao2]
L6-0239	6	对抗	對抗	duì kàng	4,4	V	对抗	對抗	to withstand; to resist; to stand off; antagonism; confrontation
L6-0240	6	对外	對外	duì wài	4,4	V	对外	對外	external; foreign; pertaining to external or foreign (affairs)
L6-0241	6	蹲	蹲	dūn	1	V	蹲	蹲	to crouch; to squat; to stay (somewhere)
L6-0242	6	多半	多半	duō bàn	1,4	Num/Adv	多半	多半	most; mostly; most likely
L6-0243	6	多方面	多方面	duō fāng miàn	1,1,4		多方面	多方面	many-sided; in many aspects
L6-0244	6	多媒体	多媒體	duō méi tǐ	1,2,3	N	多媒体	多媒體	multimedia
L6-0245	6	夺	奪	duó	2	V	夺	奪	to seize; to take away forcibly; to wrest control of; to compete or strive for; to force one's way through; to leave out; to lose
L6-0246	6	夺取	奪取	duó qǔ	2,3	V	夺取	奪取	to seize; to capture; to wrest control of
L6-0247	6	恩人	恩人	ēn rén	1,2	N	恩人	恩人	a benefactor; a person who has significantly helped sb else
L6-0248	6	儿科	兒科	ér kē	2,1	N	儿科	兒科	pediatrics
L6-0249	6	发病	發病	fā bìng	1,4		发病	發病	(of an illness) to occur; (of a person) to get sick; to fall ill; onset (of a medical condition)
L6-0250	6	发电	發電	fā diàn	1,4		发电	發電	to generate electricity; to send a telegram
L6-0251	6	发放	發放	fā fàng	1,4	V	发放	發放	to provide; to give; to grant
L6-0252	6	发怒	發怒	fā nù	1,4		发怒	發怒	to get angry
L6-0253	6	发起	發起	fā qǐ	1,3	V	发起	發起	to originate; to initiate; to launch (an attack, an initiative etc); to start; to propose sth (for the first time)
L6-0254	6	发言人	發言人	fā yán rén	1,2,2	N	发言人	發言人	spokesperson
L6-0255	6	发炎	發炎	fā yán	1,2	V	发炎	發炎	to become inflamed; inflammation
L6-0256	6	法庭	法庭	fǎ tíng	3,2	N	法庭	法庭	court of law
L6-0257	6	法语	法語	Fǎ yǔ	3,3	N	法语	法語	French (language)
L6-0258	6	番	番	fān	1	M	番	番	(bound form) foreign (non-Chinese); barbarian; classifier for processes or actions that take time and effort; (classifier) a kind; a sort; (classifier) (used after the verb 翻[fan1] to indicate how many times a quantity doubles, as in 翻一番[fan1 yi1 fan1] "to double")
L6-0259	6	番茄	番茄	fān qié	1,2	N	番茄	番茄	tomato
L6-0260	6	凡是	凡是	fán shì	2,4	Adv	凡是	凡是	each and every; every; all; any
L6-0261	6	繁殖	繁殖	fán zhí	2,2	V	繁殖	繁殖	to breed; to reproduce; to propagate
L6-0262	6	反抗	反抗	fǎn kàng	3,4	V	反抗	反抗	to resist; to rebel
L6-0263	6	反问	反問	fǎn wèn	3,4	V	反问	反問	to ask (a question) in reply; to answer a question with a question; rhetorical question
L6-0264	6	反响	反響	fǎn xiǎng	3,3	N	反响	反響	repercussions; reaction; echo
L6-0265	6	犯	犯	fàn	4	V	犯	犯	to violate; to offend; to assault; criminal; crime; to make a mistake; recurrence (of mistake or sth bad)
L6-0266	6	犯规	犯規	fàn guī	4,1		犯规	犯規	to break the rules; an illegality; a foul
L6-0267	6	犯罪	犯罪	fàn zuì	4,4		犯罪	犯罪	to commit a crime; crime; offense
L6-0268	6	防范	防範	fáng fàn	2,4	V	防范	防範	to be on guard; wariness; to guard against; preventive
L6-0269	6	防守	防守	fáng shǒu	2,3	V	防守	防守	to defend; to protect (against)
L6-0270	6	房价	房價	fáng jià	2,4	N	房价	房價	house price; cost of housing
L6-0271	6	仿佛	彷彿	fǎng fú	3,2	Adv	仿佛	彷彿	to seem; as if; seemingly; alike; similar
L6-0272	6	飞船	飛船	fēi chuán	1,2	N	飞船	飛船	spaceship; spacecraft; dirigible; airship
L6-0273	6	飞行员	飛行員	fēi xíng yuán	1,2,2	N	飞行员	飛行員	pilot; aviator
L6-0274	6	肺	肺	fèi	4	N	肺	肺	lung; CL:個|个[ge4]
L6-0275	6	分工	分工	fēn gōng	1,1		分工	分工	to divide up the work; division of labor
L6-0276	6	分裂	分裂	fēn liè	1,4	V	分裂	分裂	to split up; to divide; to break up; fission; schism
L6-0277	6	愤怒	憤怒	fèn nù	4,4	Adj	愤怒	憤怒	angry; indignant; wrath; ire
L6-0278	6	风暴	風暴	fēng bào	1,4	N	风暴	風暴	storm; violent commotion; fig. crisis (e.g. revolution, uprising, financial crisis etc)
L6-0279	6	峰会	峰會	fēng huì	1,4	N	峰会	峰會	summit meeting
L6-0280	6	奉献	奉獻	fèng xiàn	4,4	V	奉献	奉獻	to offer respectfully; to consecrate; to dedicate; to devote
L6-0281	6	佛	佛	Fó	2	N	佛	佛	Buddha; Buddhism (abbr. for 佛陀[Fo2 tuo2])
L6-0282	6	佛教	佛教	Fó jiào	2,4	N	佛教	佛教	Buddhism
L6-0283	6	服	服	fú	2	V	服	服	clothes; dress; garment; to serve (in the military, a prison sentence etc); to obey; to be convinced (by an argument); to convince; to admire; to acclimatize; to take (medicine); mourning clothes; to wear mourning clothes
L6-0284	6	浮	浮	fú	2	V	浮	浮	to float; superficial; floating; unstable; movable; provisional; temporary; transient; impetuous; hollow; inflated; to exceed; superfluous; excessive; surplus
L6-0285	6	父女	父女	fù nǚ	4,3	N	父女	父女	father and daughter
L6-0286	6	父子	父子	fù zǐ	4,3	N	父子	父子	father and son
L6-0287	6	负	負	fù	4	V	负	負	to bear; to carry (on one's back); to turn one's back on; to be defeated; negative (math. etc)
L6-0288	6	妇女	婦女	fù nǚ	4,3	N	妇女	婦女	woman
L6-0289	6	复苏	復甦	fù sū	4,1	V	复苏	復甦	to recover (health, economic); to resuscitate; anabiosis
L6-0290	6	副	副	fù	4	Adj	副	副	secondary; auxiliary; deputy; assistant; vice-; abbr. for 副詞|副词 adverb; classifier for pairs, sets of things & facial expressions
L6-0291	6	副	副	fù	4	M	副	副	secondary; auxiliary; deputy; assistant; vice-; abbr. for 副詞|副词 adverb; classifier for pairs, sets of things & facial expressions
L6-0292	6	富人	富人	fù rén	4,2	N	富人	富人	rich person; the rich
L6-0293	6	富有	富有	fù yǒu	4,3	Adj/V	富有	富有	rich; wealthy; affluent; to be rich in; to be replete with
L6-0294	6	改装	改裝	gǎi zhuāng	3,1	V	改装	改裝	to change one's costume; to repackage; to remodel; to refit; to modify; to convert
L6-0295	6	干涉	干涉	gān shè	1,4	V	干涉	干涉	to interfere; to meddle; interference
L6-0296	6	肝	肝	gān	1	N	肝	肝	liver (CL:葉|叶[ye4]); (slang) to put in long hours, typically late into the night, playing (a video game); (of a video game) involving a lot of repetition in order to progress; grindy
L6-0297	6	杆	桿	gǎn	3	N	杆	桿	stick; pole; lever; classifier for long objects such as guns
L6-0298	6	赶不上	趕不上	gǎn bù shàng	3,4,4	V	赶不上	趕不上	can't keep up with; can't catch up with; cannot overtake
L6-0299	6	赶忙	趕忙	gǎn máng	3,2	Adv	赶忙	趕忙	to hurry; to hasten; to make haste
L6-0300	6	赶上	趕上	gǎn shàng	3,4		赶上	趕上	to keep up with; to catch up with; to overtake; to chance upon; in time for
L6-0301	6	敢于	敢於	gǎn yú	3,2	V	敢于	敢於	to have the courage to do sth; to dare to; bold in
L6-0302	6	感人	感人	gǎn rén	3,2	Adj	感人	感人	touching; moving
L6-0303	6	刚好	剛好	gāng hǎo	1,3	Adv	刚好	剛好	just; exactly; to happen to be
L6-0304	6	岗位	崗位	gǎng wèi	3,4	N	岗位	崗位	a post; a job
L6-0305	6	港口	港口	gǎng kǒu	3,3	N	港口	港口	port; harbor
L6-0306	6	高层	高層	gāo céng	1,2	N/Adj	高层	高層	high-rise; high level; high class
L6-0307	6	高档	高檔	gāo dàng	1,4	Adj	高档	高檔	superior quality; high grade; top grade
L6-0308	6	高等	高等	gāo děng	1,3	Adj	高等	高等	high-level; higher (animals, education etc); advanced (math etc)
L6-0309	6	高峰	高峰	gāo fēng	1,1	N	高峰	高峰	peak; summit; height
L6-0310	6	高考	高考	gāo kǎo	1,3	N	高考	高考	college entrance exam (especially as abbr. for 普通高等學校招生全國統一考試|普通高等学校招生全国统一考试[Pu3 tong1 Gao1 deng3 Xue2 xiao4 Zhao1 sheng1 Quan2 guo2 Tong3 yi1 Kao3 shi4]); (Tw) entrance exam for senior government service posts (abbr. for 公務人員高等考試|公务人员高等考试)
L6-0311	6	高科技	高科技	gāo kē jì	1,1,4	N	高科技	高科技	high tech; high technology
L6-0312	6	高手	高手	gāo shǒu	1,3	N	高手	高手	expert; past master; dab hand
L6-0313	6	稿子	稿子	gǎo zi	3,5	N	稿子	稿子	draft of a document; script; manuscript; mental plan; precedent
L6-0314	6	歌唱	歌唱	gē chàng	1,4	V	歌唱	歌唱	to sing
L6-0315	6	歌词	歌詞	gē cí	1,2	N	歌词	歌詞	song lyric; lyrics
L6-0316	6	歌星	歌星	gē xīng	1,1	N	歌星	歌星	singing star; famous singer
L6-0317	6	革新	革新	gé xīn	2,1	V/N	革新	革新	to innovate; innovation
L6-0318	6	更是	更是	gèng shì	4,4		更是	更是	even more (so)
L6-0319	6	工商	工商	gōng shāng	1,1	N	工商	工商	industry and commerce
L6-0320	6	公	公	gōng	1	Adj	公	公	public; collectively owned; common; international (e.g. high seas, metric system, calendar); make public; fair; just; Duke, highest of five orders of nobility 五等爵位[wu3 deng3 jue2 wei4]; honorable (gentlemen); father-in-law; male (animal)
L6-0321	6	公安	公安	gōng ān	1,1	N	公安	公安	(Ministry of) Public Security; public safety; public security
L6-0322	6	公鸡	公雞	gōng jī	1,1	N	公鸡	公雞	cock; rooster
L6-0323	6	公众	公眾	gōng zhòng	1,4	N	公众	公眾	public
L6-0324	6	公主	公主	gōng zhǔ	1,3	N	公主	公主	princess
L6-0325	6	攻击	攻擊	gōng jī	1,1	V	攻击	攻擊	to attack; to accuse; to charge; an attack (terrorist or military)
L6-0326	6	供给	供給	gōng jǐ	1,3	V	供给	供給	to furnish; to provide; supply (as in supply and demand)
L6-0327	6	宫	宮	gōng	1	N	宫	宮	palace; temple; castration (as corporal punishment); first note in pentatonic scale
L6-0328	6	巩固	鞏固	gǒng gù	3,4	Adj/V	巩固	鞏固	to consolidate; to strengthen; firm; solid; stable
L6-0329	6	贡献	貢獻	gòng xiàn	4,4	V/N	贡献	貢獻	to contribute; to dedicate; to devote; contribution; CL:個|个[ge4]
L6-0330	6	构建	構建	gòu jiàn	4,4	V	构建	構建	to construct (sth abstract)
L6-0331	6	孤独	孤獨	gū dú	1,2	Adj	孤独	孤獨	lonely; solitary
L6-0332	6	孤儿	孤兒	gū ér	1,2	N	孤儿	孤兒	orphan
L6-0333	6	姑姑	姑姑	gū gu	1,5	N	姑姑	姑姑	paternal aunt; CL:個|个[ge4]
L6-0334	6	古典	古典	gǔ diǎn	3,3	Adj	古典	古典	classical
L6-0335	6	股	股	gǔ	3	M	股	股	thigh; part of a whole; portion of a sum; (finance) stock; share; strand of a thread; low-level administrative unit, translated as "section" or "department" etc, ranked below 科[ke1]; classifier for long winding things like ropes, rivers etc; classifier for smoke, smells etc: thread, puff, whiff; classifier for bands of people, gangs etc; classifier for sudden forceful actions
L6-0336	6	股东	股東	gǔ dōng	3,1	N	股东	股東	shareholder; stockholder
L6-0337	6	股票	股票	gǔ piào	3,4	N	股票	股票	share certificate; stock (finance)
L6-0338	6	故障	故障	gù zhàng	4,4	N	故障	故障	malfunction; breakdown; defect; shortcoming; fault; failure; impediment; error; bug (in software)
L6-0339	6	顾	顧	gù	4	V	顾	顧	to look after; to take into consideration; to attend to
L6-0340	6	刮	刮	guā	1	V	刮	刮|颳	to scrape; to blow; to shave; to plunder; to extort
L6-0341	6	拐	拐	guǎi	3	V	拐	拐	to turn (a corner etc); to kidnap; to swindle; to misappropriate; seven (used as a substitute for 七[qi1]); variant of 枴|拐[guai3]
L6-0342	6	关爱	關愛	guān ài	1,4	V	关爱	關愛	to show concern and care for
L6-0343	6	关联	關聯	guān lián	1,2	V	关联	關聯	to be related; to be connected; relationship; connection
L6-0344	6	观光	觀光	guān guāng	1,1	V	观光	觀光	to tour; sightseeing; tourism
L6-0345	6	官司	官司	guān si	1,5	N	官司	官司	lawsuit; CL:場|场[chang2]
L6-0346	6	管道	管道	guǎn dào	3,4	N	管道	管道	tubing; pipeline; (fig.) channel; means
L6-0347	6	光辉	光輝	guāng huī	1,1	N/Adj	光辉	光輝	radiance; glory; brilliant; magnificent
L6-0348	6	广阔	廣闊	guǎng kuò	3,4	Adj	广阔	廣闊	wide; vast
L6-0349	6	轨道	軌道	guǐ dào	3,4	N	轨道	軌道	track (for trains etc); orbit (of a satellite); (fig.) a person's established path in life; desired trajectory (of a business or other endeavor); (audio engineering) track; (quantum mechanics) orbital
L6-0350	6	跪	跪	guì	4	V	跪	跪	to kneel
L6-0351	6	国产	國產	guó chǎn	2,3	Adj	国产	國產	domestically produced
L6-0352	6	国歌	國歌	guó gē	2,1	N	国歌	國歌	national anthem
L6-0353	6	国会	國會	Guó huì	2,4	N	国会	國會	Parliament (UK); Congress (US); Diet (Japan); Legislative Yuan (Taiwan)
L6-0354	6	国旗	國旗	guó qí	2,2	N	国旗	國旗	flag (of a country); CL:面[mian4]
L6-0355	6	国王	國王	guó wáng	2,2	N	国王	國王	king
L6-0356	6	果酱	果醬	guǒ jiàng	3,4	N	果酱	果醬	jam
L6-0357	6	果树	果樹	guǒ shù	3,4	N	果树	果樹	fruit tree; CL:棵[ke1]
L6-0358	6	过渡	過渡	guò dù	4,4	V	过渡	過渡	to cross over (by ferry); transition; interim; caretaker (administration)
L6-0359	6	过后	過後	guò hòu	4,4	N	过后	過後	after the event
L6-0360	6	过时	過時	guò shí	4,2	Adj	过时	過時	old-fashioned; out of date; to be later than the time stipulated or agreed upon
L6-0361	6	海报	海報	hǎi bào	3,4	N	海报	海報	poster; playbill; notice
L6-0362	6	海底	海底	hǎi dǐ	3,3	N	海底	海底	seabed; seafloor; bottom of the ocean
L6-0363	6	海军	海軍	hǎi jūn	3,1	N	海军	海軍	navy
L6-0364	6	海浪	海浪	hǎi làng	3,4	N	海浪	海浪	sea wave
L6-0365	6	海外	海外	hǎi wài	3,4	N	海外	海外	overseas; abroad
L6-0366	6	海湾	海灣	hǎi wān	3,1	N	海湾	海灣	bay; gulf
L6-0367	6	海洋	海洋	hǎi yáng	3,2	N	海洋	海洋	ocean
L6-0368	6	好容易	好容易	hǎo róng yì	3,2,4	Adj	好（不）容易	好（不）容易	(idiomatic usage) with great difficulty; to have a hard time (convincing sb, relinquishing sth etc); (literal usage) so easy
L6-0369	6	好似	好似	hǎo sì	3,4	V	好似	好似	to seem; to be like
L6-0370	6	好转	好轉	hǎo zhuǎn	3,3	V	好转	好轉	to improve; to take a turn for the better; improvement
L6-0371	6	好学	好學	hào xué	4,2	V	好学	好學	eager to study; studious; erudite
L6-0372	6	合约	合約	hé yuē	2,1	N	合约	合約	contract; agreement; CL:份[fen4]
L6-0373	6	和谐	和諧	hé xié	2,2	Adj	和谐	和諧	harmonious; harmony; (euphemism) to censor
L6-0374	6	核心	核心	hé xīn	2,1	N	核心	核心	core; nucleus
L6-0375	6	黑夜	黑夜	hēi yè	1,4	N	黑夜	黑夜	night
L6-0376	6	很难说	很難說	hěn nánshuō			很难说	很難說	hard to say
L6-0377	6	狠	狠	hěn	3	Adj	狠	狠	ruthless; fierce; ferocious; determined; resolute; to harden (one's heart); old variant of 很[hen3]
L6-0378	6	横	橫	héng	2	V/Adj	横	橫	horizontal; across; crosswise; horizontal stroke (in Chinese characters); to place (sth) flat (on a surface); to cross (a river, etc); in a jumble; chaotic; (in fixed expressions) harsh and unreasonable; violent
L6-0379	6	衡量	衡量	héng liáng	2,2	V	衡量	衡量	to weigh; to examine; to consider
L6-0380	6	宏大	宏大	hóng dà	2,4	Adj	宏大	宏大	great; grand
L6-0381	6	洪水	洪水	hóng shuǐ	2,3	N	洪水	洪水	deluge; flood
L6-0382	6	忽略	忽略	hū lüè	1,4	V	忽略	忽略	to neglect; to overlook; to ignore
L6-0383	6	壶	壺	hú	2	N/M	壶	壺	pot; classifier for bottled liquid
L6-0384	6	互动	互動	hù dòng	4,4	V	互动	互動	to interact; interactive
L6-0385	6	户外	戶外	hù wài	4,4	N	户外	戶外	outdoor
L6-0386	6	护	護	hù	4	V	护	護	to protect
L6-0387	6	花费	花費	huā fèi	1,4	V	花费	花費	expense; cost; to spend (time or money); expenditure
L6-0388	6	花瓶	花瓶	huā píng	1,2	N	花瓶	花瓶	flower vase; (fig.) female employee considered to be just a pretty face (attractive but not very competent)
L6-0389	6	花生	花生	huā shēng	1,1	N	花生	花生	peanut; CL:粒[li4]
L6-0390	6	化解	化解	huà jiě	4,3	V	化解	化解	to dissolve; to resolve (contradictions); to dispel (doubts); to iron out (difficulties); to defuse (conflicts); to neutralize (fears)
L6-0391	6	幻想	幻想	huàn xiǎng	4,3	V/N	幻想	幻想	to fantasize; to imagine; an illusion; a fantasy
L6-0392	6	患者	患者	huàn zhě	4,3	N	患者	患者	patient; sufferer
L6-0393	6	皇帝	皇帝	huáng dì	2,4	N	皇帝	皇帝	emperor; CL:個|个[ge4]
L6-0394	6	回应	回應	huí yìng	2,4	V	回应	回應	to respond; response
L6-0395	6	毁	毀	huǐ	3	V	毁	毀	to destroy; to ruin; to defame; to slander
L6-0396	6	会见	會見	huì jiàn	4,4	V	会见	會見	to meet with (sb who is paying a visit); CL:次[ci4]
L6-0397	6	会长	會長	huì zhǎng	4,3	N	会长	會長	president of a club, committee etc
L6-0398	6	绘画	繪畫	huì huà	4,4	V	绘画	繪畫	to draw; to paint
L6-0399	6	昏	昏	hūn	1	V	昏	昏	muddle-headed; twilight; to faint; to lose consciousness
L6-0400	6	混	混	hùn	4	V/Adv	混	混	to mix; to mingle; muddled; to drift along; to muddle along; to pass for; to get along with sb; thoughtless; reckless
L6-0401	6	混合	混合	hùn hé	4,2	V	混合	混合	to mix; to blend; hybrid; composite
L6-0402	6	混乱	混亂	hùn luàn	4,4	Adj	混乱	混亂	confused; chaotic; disorderly
L6-0403	6	活跃	活躍	huó yuè	2,4	Adj/V	活跃	活躍	active; lively; excited; to enliven; to brighten up
L6-0404	6	火箭	火箭	huǒ jiàn	3,4	N	火箭	火箭	rocket; CL:枚[mei2]
L6-0405	6	机动车	機動車	jī dòng chē	1,4,1	N	机动车	機動車	motor vehicle
L6-0406	6	机关	機關	jī guān	1,1	N	机关	機關	mechanism; gear; machine-operated; office; agency; organ; organization; establishment; institution; body; stratagem; scheme; intrigue; plot; trick
L6-0407	6	机械	機械	jī xiè	1,4	N	机械	機械	machine; machinery; mechanical; (old) cunning; scheming
L6-0408	6	基督教	基督教	Jī dū jiào	1,1,4	N	基督教	基督教	Christianity
L6-0409	6	激情	激情	jī qíng	1,2	N	激情	激情	passion; fervor; enthusiasm; strong emotion
L6-0410	6	吉利	吉利	jí lì	2,4	Adj	吉利	吉利	auspicious; lucky; propitious
L6-0411	6	吉祥	吉祥	jí xiáng	2,2	Adj	吉祥	吉祥	lucky; auspicious; propitious
L6-0412	6	极端	極端	jí duān	2,1	N/Adj	极端	極端	extreme
L6-0413	6	急救	急救	jí jiù	2,4	V	急救	急救	to give emergency treatment; first aid
L6-0414	6	疾病	疾病	jí bìng	2,4	N	疾病	疾病	disease; sickness; ailment
L6-0415	6	集	集	jí	2	N/M	集	集	to gather; to collect; collected works; classifier for sections of a TV series etc: episode
L6-0416	6	给予	給予	jǐ yǔ	3,3	V	给予	給予	(literary) to give; to accord; to render
L6-0417	6	加盟	加盟	jiā méng	1,2	V	加盟	加盟	(of a nation) to join an alliance; (of an athlete) to join a sports team; (of an entrepreneur) to join a franchise; (of an actor) to join the cast of a movie; (of a recording artist) to sign with a label
L6-0418	6	家电	家電	jiā diàn	1,4	N	家电	家電	household electric appliance; abbr. for 家用電器|家用电器
L6-0419	6	家园	家園	jiā yuán	1,2	N	家园	家園	home; homeland
L6-0420	6	嘉宾	嘉賓	jiā bīn	1,1	N	嘉宾	嘉賓	esteemed guest; honored guest; guest (on a show)
L6-0421	6	假日	假日	jià rì	4,4	N	假日	假日	a holiday; a day off
L6-0422	6	尖	尖	jiān	1	Adj	尖	尖	pointed; tapering; sharp; (of a sound) shrill; piercing; (of one's hearing, sight etc) sharp; acute; keen; to make (one's voice) shrill; sharp point; tip; the best of sth; the cream of the crop
L6-0423	6	监测	監測	jiān cè	1,4	V	监测	監測	to monitor
L6-0424	6	监督	監督	jiān dū	1,1	V/N	监督	監督	to supervise; to oversee; to inspect
L6-0425	6	捡	撿	jiǎn	3	V	捡	撿	to pick up; to collect; to gather
L6-0426	6	简介	簡介	jiǎn jiè	3,4	V/N	简介	簡介	summary; brief introduction
L6-0427	6	剑	劍	jiàn	4	N	剑	劍	double-edged sword; CL:口[kou3],把[ba3]; classifier for blows of a sword
L6-0428	6	鉴定	鑑定	jiàn dìng	4,4	V/N	鉴定	鑑定	to examine sth to determine its authenticity, quality, value etc; to appraise; to evaluate; to authenticate
L6-0429	6	箭	箭	jiàn	4	N	箭	箭	arrow; CL:支[zhi1]
L6-0430	6	将军	將軍	jiāng jūn	1,1	N	将军	將軍	general; high-ranking military officer; to check or checkmate; fig. to embarrass; to challenge; to put sb on the spot
L6-0431	6	讲课	講課	jiǎng kè	3,4		讲课	講課	to give a lecture; to teach a class
L6-0432	6	酱	醬	jiàng	4	N	酱	醬	thick paste of fermented soybean; marinated in soy paste; paste; jam
L6-0433	6	酱油	醬油	jiàng yóu	4,2	N	酱油	醬油	soy sauce
L6-0434	6	骄傲	驕傲	jiāo ào	1,4	Adj/N	骄傲	驕傲	pride; arrogance; conceited; proud of sth
L6-0435	6	焦点	焦點	jiāo diǎn	1,3	N	焦点	焦點	(lit. and fig.) focal point; focus
L6-0436	6	脚印	腳印	jiǎo yìn	3,4	N	脚印	腳印	footprint
L6-0437	6	觉	覺	jiào	4	N	觉	覺	a nap; a sleep; CL:場|场[chang2]
L6-0438	6	教堂	教堂	jiào táng	4,2	N	教堂	教堂	church; chapel; CL:座[zuo4],所[suo3],間|间[jian1]
L6-0439	6	教育部	教育部	Jiào yù bù	4,4,4	N	教育部	教育部	Ministry of Education
L6-0440	6	接收	接收	jiē shōu	1,1	V	接收	接收	reception (of transmitted signal); to receive; to accept; to admit; to take over (e.g. a factory); to expropriate
L6-0441	6	揭	揭	jiē	1	V	揭	揭	to take the lid off; to expose; to unmask
L6-0442	6	街头	街頭	jiē tóu	1,2	N	街头	街頭	street
L6-0443	6	节	節	jié	2	V	节	節	joint; node; (bound form) section; segment; solar term (one of the 24 divisions of the year in the traditional Chinese calendar); seasonal festival; (bound form) to economize; to save; (bound form) moral integrity; chastity; classifier for segments: lessons, train wagons, biblical verses etc; knot (nautical miles per hour)
L6-0444	6	节假日	節假日	jié jià rì	2,4,4	N	节假日	節假日	public holiday
L6-0445	6	节能	節能	jié néng	2,2	V	节能	節能	to conserve energy; to minimize energy consumption
L6-0446	6	节奏	節奏	jié zòu	2,4	N	节奏	節奏	rhythm; tempo; musical pulse; cadence; beat
L6-0447	6	杰出	傑出	jié chū	2,1	Adj	杰出	傑出	outstanding; distinguished; remarkable; prominent; illustrious
L6-0448	6	截止	截止	jié zhǐ	2,3	V	截止	截止	to end; to close; (electricity) cut-off
L6-0449	6	截至	截至	jié zhì	2,4	V	截至	截至	up to (a time); by (a time)
L6-0450	6	解	解	jiě	3	V	解	解	to divide; to break up; to split; to separate; to dissolve; to solve; to melt; to remove; to untie; to loosen; to open; to emancipate; to explain; to understand; to know; a solution; a dissection
L6-0451	6	解说	解說	jiě shuō	3,1	V	解说	解說	to explain (verbally); to give a running commentary
L6-0452	6	界	界	jiè	4	N	界	界	(bound form) boundary; border; (bound form) realm
L6-0453	6	界	界	jiè	4	Suffix	界（文艺界）	界（文藝界）	(bound form) boundary; border; (bound form) realm
L6-0454	6	借鉴	借鑒	jiè jiàn	4,4	V	借鉴	借鑒	to draw on (others' experience); to learn from (how others do things); lesson to be learned (by observing others)
L6-0455	6	金额	金額	jīn é	1,2	N	金额	金額	sum of money; amount of money
L6-0456	6	金钱	金錢	jīn qián	1,2	N	金钱	金錢	money; currency
L6-0457	6	金融	金融	jīn róng	1,2	N	金融	金融	banking; finance; financial
L6-0458	6	尽	盡	jìn	4	V/Adv	尽	盡	to use up; to exhaust; to end; to finish; to the utmost; exhausted; finished; to the limit (of sth); all; entirely
L6-0459	6	进攻	進攻	jìn gōng	4,1	V	进攻	進攻	to attack; to assault; to go on the offensive; attack; assault; offense (sports)
L6-0460	6	近日	近日	jìn rì	4,4	N	近日	近日	(in) the past few days; recently; (within) the next few days
L6-0461	6	近视	近視	jìn shì	4,4	Adj	近视	近視	myopic; nearsighted; (fig.) shortsighted
L6-0462	6	惊人	驚人	jīng rén	1,2	Adj	惊人	驚人	astonishing
L6-0463	6	惊喜	驚喜	jīng xǐ	1,3	Adj/N	惊喜	驚喜	nice surprise; to be pleasantly surprised
L6-0464	6	精	精	jīng	1	Adj	精	精	essence; extract; vitality; energy; semen; sperm; mythical goblin spirit; highly perfected; elite; the pick of sth; proficient (refined ability); extremely (fine); selected rice (archaic)
L6-0465	6	精美	精美	jīng měi	1,3	Adj	精美	精美	exquisite; elegant; fine
L6-0466	6	精品	精品	jīng pǐn	1,3	N	精品	精品	quality goods; premium product; fine work (of art)
L6-0467	6	井	井	jǐng	3	N	井	井	a well; CL:口[kou3]; neat; orderly
L6-0468	6	景	景	jǐng	3	N	景	景	(bound form) scenery; circumstance; situation; scene (of a play); (literary) sunlight
L6-0469	6	景点	景點	jǐng diǎn	3,3	N	景点	景點	tourist attraction; scenic spot
L6-0470	6	净	淨	jìng	4	Adj/Adv	净	淨	clean; completely; only; net (income, exports etc); (Chinese opera) painted face male role
L6-0471	6	纠纷	糾紛	jiū fēn	1,1	N	纠纷	糾紛	dispute
L6-0472	6	纠正	糾正	jiū zhèng	1,4	V	纠正	糾正	to correct; to make right
L6-0473	6	酒水	酒水	jiǔ shuǐ	3,3	N	酒水	酒水	alcoholic and non-alcoholic beverages (e.g. on a menu)
L6-0474	6	救命	救命	jiù mìng	4,4		救命	救命	to save sb's life; (interj.) Help!; Save me!
L6-0475	6	救援	救援	jiù yuán	4,2	V	救援	救援	to save; to support; to help; to assist
L6-0476	6	救助	救助	jiù zhù	4,4	V	救助	救助	to help sb in trouble; aid; assistance
L6-0477	6	就是说	就是說	jiù shì shuō	4,4,1		就是说	就是說	in other words; that is
L6-0478	6	就算	就算	jiù suàn	4,4	Conj	就算	就算	(coll.) even if
L6-0479	6	局	局	jú	2	M	局	局	office; situation; classifier for games: match, set, round etc
L6-0480	6	剧	劇	jù	4	N	剧	劇	theatrical work (play, opera, TV series etc); dramatic (change, increase etc); acute; severe
L6-0481	6	据	據	jù	4	Prep	据	據	according to; to act in accordance with; to depend on; to seize; to occupy
L6-0482	6	捐	捐	juān	1	V	捐	捐	to relinquish; to abandon; to contribute; to donate; (bound form) tax; levy
L6-0483	6	捐款	捐款	juān kuǎn	1,3	N	捐款	捐款	to donate money; to contribute funds; donation; contribution (of money)
L6-0484	6	捐赠	捐贈	juān zèng	1,4	V	捐赠	捐贈	to contribute (as a gift); to donate; benefaction
L6-0485	6	捐助	捐助	juān zhù	1,4	V	捐助	捐助	to donate; to offer (aid); contribution; donation
L6-0486	6	决策	決策	jué cè	2,4	V/N	决策	決策	strategic decision; decision-making; policy decision; to determine policy
L6-0487	6	觉悟	覺悟	jué wù	2,4	V/N	觉悟	覺悟	to come to understand; to realize; consciousness; awareness; Buddhist enlightenment (Sanskrit: cittotpāda)
L6-0488	6	绝	絕	jué	2	Adj/Adv	绝	絕	to cut short; extinct; to disappear; to vanish; absolutely; by no means
L6-0489	6	绝大多数	絕大多數	jué dà duō shù	2,4,1,4		绝大多数	絕大多數	the vast majority
L6-0490	6	军队	軍隊	jūn duì	1,4	N	军队	軍隊	armed forces; troops; CL:支[zhi1]
L6-0491	6	军舰	軍艦	jūn jiàn	1,4	N	军舰	軍艦	warship; military naval vessel; CL:艘[sou1]
L6-0492	6	军事	軍事	jūn shì	1,4	N	军事	軍事	military affairs; (attributive) military
L6-0493	6	开创	開創	kāi chuàng	1,4	V	开创	開創	to initiate; to start; to found
L6-0494	6	开关	開關	kāi guān	1,1	N	开关	開關	power switch; gas valve; to open the city (or frontier) gate; to open and close; to switch on and off
L6-0495	6	开设	開設	kāi shè	1,4	V	开设	開設	to offer (goods or services); to open (for business etc)
L6-0496	6	开通	開通	kāi tōng	1,1	V	开通	開通	to open (a new road or railway line); to set up (a hotline); to launch (a service); to subscribe to (a members-only service)
L6-0497	6	开头	開頭	kāi tóu	1,2	N	开头	開頭	beginning; to start
L6-0498	6	开夜车	開夜車	kāi yè chē	1,4,1		开夜车	開夜車	to burn the midnight oil; to work late into the night
L6-0499	6	看	看	kān	1	V	看	看	to look after; to take care of; to watch; to guard
L6-0500	6	看管	看管	kān guǎn	1,3	V	看管	看管	to look after
L6-0501	6	看得见	看得見	kàn de jiàn	4,5,4	V	看得见	看得見	to be able to see; can see
L6-0502	6	看得起	看得起	kàn de qǐ	4,5,3	V	看得起	看得起	to show respect for; to think highly of
L6-0503	6	看好	看好	kàn hǎo	4,3	V	看好	看好	to regard as having good prospects
L6-0504	6	看作	看作	kàn zuò	4,4	V	看作	看作	to look upon as; to regard as
L6-0505	6	康复	康復	kāng fù	1,4	V	康复	康復	to recuperate; to recover (health); to convalesce
L6-0506	6	抗议	抗議	kàng yì	4,4	V	抗议	抗議	to protest; protest
L6-0507	6	考场	考場	kǎo chǎng	3,3	N	考场	考場	exam room
L6-0508	6	考题	考題	kǎo tí	3,2	N	考题	考題	exam question
L6-0509	6	科研	科研	kē yán	1,2	V/N	科研	科研	(scientific) research
L6-0510	6	客车	客車	kè chē	4,1	N	客车	客車	coach; bus; passenger train
L6-0511	6	肯	肯	kěn	3	V	肯	肯	to agree; to consent; to be willing to
L6-0512	6	空军	空軍	kōng jūn	1,1	N	空军	空軍	air force; (slang) to fail to catch anything (on a fishing trip); to get skunked
L6-0513	6	口试	口試	kǒu shì	3,4	V	口试	口試	oral examination; oral test
L6-0514	6	扣	扣	kòu	4	V	扣	扣	to fasten; to button; button; buckle; knot; to arrest; to confiscate; to deduct (money); discount; to knock; to smash, spike or dunk (a ball); to cover (with a bowl etc); (fig.) to tag a label on sb; (Tw) (loanword) code
L6-0515	6	酷	酷	kù	4	Adj	酷	酷	ruthless; strong (e.g. of wine); (loanword) cool; hip
L6-0516	6	跨	跨	kuà	4	V	跨	跨	to step across; to stride over; to straddle; to span
L6-0517	6	快车	快車	kuài chē	4,1	N	快车	快車	express (train, bus etc)
L6-0518	6	宽阔	寬闊	kuān kuò	1,4	Adj	宽阔	寬闊	expansive; wide; width; thickness
L6-0519	6	矿	礦	kuàng	4	N	矿	礦	mineral deposit; ore deposit; ore; a mine
L6-0520	6	阔	闊	kuò	4	Adj	阔	闊	rich; wide; broad
L6-0521	6	啦	啦	la	5	Aux	啦	啦	sentence-final particle, contraction of 了啊, indicating exclamation; particle placed after each item in a list of examples
L6-0522	6	来往	來往	lái wǎng	2,3	V	来往	來往	to come and go; to have dealings with; to be in relation with
L6-0523	6	赖	賴	lài	4	V/Adj	赖	賴	to depend on; to hang on in a place; bad; to renege (on promise); to disclaim; to rat (on debts); rascally; to blame; to put the blame on
L6-0524	6	栏目	欄目	lán mù	2,4	N	栏目	欄目	regular column or segment (in a publication or broadcast program); program (TV or radio)
L6-0525	6	蓝领	藍領	lán lǐng	2,3	N	蓝领	藍領	blue-collar; blue-collar worker
L6-0526	6	蓝天	藍天	lán tiān	2,1		蓝天	藍天	blue sky
L6-0527	6	懒	懶	lǎn	3	Adj	懒	懶	lazy
L6-0528	6	牢	牢	láo	2	Adj	牢	牢	(literary) pen; fold (for livestock); prison; jail; firm; secure; fast
L6-0529	6	老乡	老鄉	lǎo xiāng	3,1	N	老乡	老鄉	fellow townsman; fellow villager; sb from the same hometown
L6-0530	6	冷气	冷氣	lěng qì	3,4	N	冷气	冷氣	cold air; air conditioning
L6-0531	6	冷水	冷水	lěng shuǐ	3,3	N	冷水	冷水	cold water; unboiled water; fig. not yet ready (of plans)
L6-0532	6	礼堂	禮堂	lǐ táng	3,2	N	礼堂	禮堂	assembly hall; auditorium; CL:座[zuo4]
L6-0533	6	理	理	lǐ	3	V/N	理	理	texture; grain (of wood); inner essence; intrinsic order; reason; logic; truth; science; natural science (esp. physics); to manage; to pay attention to; to run (affairs); to handle; to put in order; to tidy up
L6-0534	6	理财	理財	lǐ cái	3,2		理财	理財	to manage wealth; to manage finances; money management
L6-0535	6	理智	理智	lǐ zhì	3,4	N/Adj	理智	理智	reason; intellect; rationality; rational
L6-0536	6	力	力	lì	4	Suffix	力（影响力）	力（影響力）	power; force; strength; ability; strenuously
L6-0537	6	利	利	lì	4	N	利	利	sharp; favorable; advantage; benefit; profit; interest; to do good to; to benefit
L6-0538	6	联盟	聯盟	lián méng	2,2	N	联盟	聯盟	alliance; union; coalition
L6-0539	6	联赛	聯賽	lián sài	2,4	N	联赛	聯賽	(sports) league; league tournament
L6-0540	6	联手	聯手	lián shǒu	2,3	V	联手	聯手	lit. to join hands; to act together
L6-0541	6	凉鞋	涼鞋	liáng xié	2,2	N	凉鞋	涼鞋	sandal
L6-0542	6	两侧	兩側	liǎng cè	3,4	N	两侧	兩側	two sides; both sides
L6-0543	6	两手	兩手	liǎng shǒu	3,3	N	两手	兩手	one's two hands; two prongs (of a strategy); both aspects, eventualities etc; skills; expertise
L6-0544	6	聊	聊	liáo	2	V	聊	聊	(coll.) to chat; (literary) temporarily; for a while; (literary) somewhat; slightly; (literary) to depend upon
L6-0545	6	聊天儿	聊天兒	liáo tiān r	2,1,5		聊天儿	聊天兒	erhua variant of 聊天[liao2 tian1]
L6-0546	6	料	料	liào	4	V	料	料	material; stuff; grain; feed; to expect; to anticipate; to guess
L6-0547	6	料	料	liào	4	N	料	料	material; stuff; grain; feed; to expect; to anticipate; to guess
L6-0548	6	裂	裂	liè	4	V	裂	裂	to split; to crack; to break open; to rend
L6-0549	6	灵活	靈活	líng huó	2,2	Adj	灵活	靈活	flexible; nimble; agile
L6-0550	6	领取	領取	lǐng qǔ	3,3	V	领取	領取	to receive; to draw; to get
L6-0551	6	领袖	領袖	lǐng xiù	3,4	N	领袖	領袖	leader
L6-0552	6	另	另	lìng	4	Pron/Adv	另	另	other; another; separate; separately
L6-0553	6	留言	留言	liú yán	2,2	V/N	留言	留言	to leave a message; to leave one's comments; message
L6-0554	6	流感	流感	liú gǎn	2,3	N	流感	流感	flu; influenza
L6-0555	6	楼道	樓道	lóu dào	2,4	N	楼道	樓道	corridor; passageway (in storied building)
L6-0556	6	楼房	樓房	lóu fáng	2,2	N	楼房	樓房	a building of two or more stories; CL:棟|栋[dong4],幢[zhuang4],座[zuo4]
L6-0557	6	露	露	lòu	4	V	露	露	to show; to reveal; to betray; to expose
L6-0558	6	陆军	陸軍	lù jūn	4,1	N	陆军	陸軍	army; ground forces
L6-0559	6	录像	錄像	lù xiàng	4,4	V/N	录像	錄像	to videotape; to videorecord; video recording; CL:盤|盘[pan2]
L6-0560	6	录音机	錄音機	lù yīn jī	4,1,1	N	录音机	錄音機	(tape) recording machine; tape recorder; CL:臺|台[tai2]
L6-0561	6	路过	路過	lù guò	4,4	V	路过	路過	to pass by; to pass through
L6-0562	6	露	露	lù	4	V	露	露	dew; syrup; nectar; outdoors (not under cover); to show; to reveal; to betray; to expose
L6-0563	6	旅店	旅店	lǚ diàn	3,4	N	旅店	旅店	inn; small hotel
L6-0564	6	绿化	綠化	lǜ huà	4,4	V	绿化	綠化	to make green with plants; to reforest; (Internet slang) Islamization
L6-0565	6	马车	馬車	mǎ chē	3,1	N	马车	馬車	cart; chariot; carriage; buggy
L6-0566	6	嘛	嘛	ma	5	Aux	嘛	嘛	modal particle indicating that sth is obvious; particle indicating a pause for emphasis
L6-0567	6	埋	埋	mái	2	V	埋	埋	to bury
L6-0568	6	馒头	饅頭	mán tou	2,5	N	馒头	饅頭	steamed bun
L6-0569	6	慢车	慢車	màn chē	4,1	N	慢车	慢車	local bus or train; slow train with many stops
L6-0570	6	盲人	盲人	máng rén	2,2	N	盲人	盲人	blind person
L6-0571	6	梅花	梅花	méi huā	2,1	N	梅花	梅花	plum blossom; clubs ♣ (a suit in card games); (dialect) wintersweet
L6-0572	6	美容	美容	měi róng	3,2	V	美容	美容	to improve one's appearance (using cosmetics or cosmetic surgery); to make oneself more attractive; to beautify
L6-0573	6	蒙	蒙	mēng	1	V	蒙	蒙	(knocked) unconscious; dazed; stunned
L6-0574	6	蒙	蒙	méng	2	V	蒙	蒙	to cover; ignorant; to suffer (misfortune); to receive (a favor); to cheat
L6-0575	6	猛	猛	měng	3	Adj	猛	猛	ferocious; fierce; violent; brave; suddenly; abrupt; (slang) awesome
L6-0576	6	棉	棉	mián	2	N	棉	棉	generic term for cotton or kapok; cotton; padded or quilted with cotton
L6-0577	6	免得	免得	miǎn de	3,5	Conj	免得	免得	so as not to; so as to avoid
L6-0578	6	面对面	面對面	miàn duì miàn	4,4,4		面对面	面對面	face to face
L6-0579	6	面向	面嚮	miàn xiàng	4,4	V	面向	面嚮	to face; to turn towards; geared towards; catering for; -oriented; (Tw) aspect; facet
L6-0580	6	妙	妙	miào	4	Adj	妙	妙	clever; wonderful
L6-0581	6	灭	滅	miè	4	V	灭	滅	to extinguish or put out; to go out (of a fire etc); to exterminate or wipe out; to drown
L6-0582	6	民歌	民歌	mín gē	2,1	N	民歌	民歌	folk song; CL:支[zhi1],首[shou3]
L6-0583	6	民工	民工	mín gōng	2,1	N	民工	民工	migrant worker (who moved from a rural area of China to a city to find work); temporary worker enlisted on a public project
L6-0584	6	民警	民警	mín jǐng	2,3	N	民警	民警	civil police; PRC police; abbr. for 人民警察
L6-0585	6	民意	民意	mín yì	2,4	N	民意	民意	public opinion; popular will; public will
L6-0586	6	民主	民主	mín zhǔ	2,3	N/Adj	民主	民主	democracy; democratic
L6-0587	6	名额	名額	míng é	2,2	N	名额	名額	quota; number of places; place (in an institution, a group etc)
L6-0588	6	名胜	名勝	míng shèng	2,4	N	名胜	名勝	a place famous for its scenery or historical relics; scenic spot; CL:處|处[chu4]
L6-0589	6	名义	名義	míng yì	2,4	N	名义	名義	name; titular; nominal; in name; ostensible purpose
L6-0590	6	名誉	名譽	míng yù	2,4	N/Adj	名誉	名譽	fame; reputation; honor; honorary; emeritus (of retired professor)
L6-0591	6	明日	明日	míng rì	2,4	N	明日	明日	tomorrow
L6-0592	6	命	命	mìng	4	N	命	命	life; fate; order or command; to assign a name, title etc
L6-0593	6	膜	膜	mó	2	N	膜	膜	membrane; film
L6-0594	6	磨	磨	mó	2	V	磨	磨	to rub; to grind; to polish; to sharpen; to wear down; to die out; to waste time; to pester; to insist
L6-0595	6	没收	沒收	mò shōu	4,1	V	没收	沒收	to confiscate; to seize
L6-0596	6	墨水	墨水	mò shuǐ	4,3	N	墨水	墨水	ink; CL:瓶[ping2]
L6-0597	6	母	母	mǔ	3	Adj/N	母	母	mother; elderly female relative; origin; source; (of animals) female
L6-0598	6	母鸡	母雞	mǔ jī	3,1	N	母鸡	母雞	hen; don't know (humorous slang mimicking Cantonese 唔知, Jyutping: m4 zi1)
L6-0599	6	母女	母女	mǔ nǚ	3,3	N	母女	母女	mother and daughter; mother-daughter
L6-0600	6	母子	母子	mǔ zǐ	3,3	N	母子	母子	mother and child; parent and subsidiary (companies); principal and interest
L6-0601	6	墓	墓	mù	4	N	墓	墓	grave; tomb; mausoleum
L6-0602	6	拿走	拿走	ná zǒu	2,3		拿走	拿走	to take away
L6-0603	6	奶粉	奶粉	nǎi fěn	3,3	N	奶粉	奶粉	powdered milk
L6-0604	6	奶牛	奶牛	nǎi niú	3,2	N	奶牛	奶牛	milk cow; dairy cow
L6-0605	6	难忘	難忘	nán wàng	2,4	V	难忘	難忘	unforgettable
L6-0606	6	内地	內地	nèi dì	4,4	N	内地	內地	inland; interior; hinterland
L6-0607	6	内外	內外	nèi wài	4,4	N	内外	內外	inside and outside; domestic and foreign; approximately; about
L6-0608	6	内衣	內衣	nèi yī	4,1	N	内衣	內衣	undergarment; underwear; CL:件[jian4]
L6-0609	6	能否	能否	néng fǒu	2,3	V	能否	能否	whether one can; whether it is possible
L6-0610	6	泥	泥	ní	2	N	泥	泥	mud; clay; paste; pulp
L6-0611	6	扭	扭	niǔ	3	V	扭	扭	to turn; to twist; to wring; to sprain; to swing one's hips
L6-0612	6	排行榜	排行榜	pái háng bǎng	2,2,3	N	排行榜	排行榜	the charts (of best-sellers); table of ranking
L6-0613	6	派出	派出	pài chū	4,1		派出	派出	to send; to dispatch
L6-0614	6	判	判	pàn	4	V	判	判	(bound form) to differentiate; to distinguish; (bound form) clearly (different); to judge; to decide; to grade; (of a judge) to sentence
L6-0615	6	盼望	盼望	pàn wàng	4,4	V	盼望	盼望	to hope for; to look forward to
L6-0616	6	泡	泡	pào	4	V/N	泡	泡	bubble; foam; blister; to soak; to steep; to infuse; to dawdle; to loiter; to pick up (a girl); to get off with (a sexual partner); classifier for occurrences of an action; classifier for number of infusions
L6-0617	6	炮	炮	pào	4	N	炮	炮	cannon; CL:座[zuo4]; firecracker
L6-0618	6	陪同	陪同	péi tóng	2,2	V	陪同	陪同	to accompany
L6-0619	6	配置	配置	pèi zhì	4,4	V	配置	配置	to deploy; to allocate; configuration; allocation
L6-0620	6	皮球	皮球	pí qiú	2,2	N	皮球	皮球	ball (made of rubber, leather etc)
L6-0621	6	偏	偏	piān	1	Adj/Adv	偏	偏	to lean; to slant; oblique; prejudiced; to deviate from average; to stray from the intended line; stubbornly; contrary to expectations
L6-0622	6	贫困	貧困	pín kùn	2,4	Adj	贫困	貧困	impoverished; poverty
L6-0623	6	品牌	品牌	pǐn pái	3,2	N	品牌	品牌	brand; brand name
L6-0624	6	聘请	聘請	pìn qǐng	4,3	V	聘请	聘請	to engage; to hire (a lawyer etc)
L6-0625	6	平凡	平凡	píng fán	2,2	Adj	平凡	平凡	commonplace; ordinary; mediocre
L6-0626	6	平方米	平方米	píng fāng mǐ	2,1,3	M	平方米	平方米	square meter
L6-0627	6	平衡	平衡	píng héng	2,2	Adj	平衡	平衡	balance; equilibrium
L6-0628	6	平台	平臺	píng tái	2,2	N	平台	平臺	platform; terrace; flat-roofed building
L6-0629	6	评	評	píng	2	V	评	評	to discuss; to comment; to criticize; to judge; to choose (by public appraisal)
L6-0630	6	评选	評選	píng xuǎn	2,3	V	评选	評選	to select on the basis of a vote or consensus
L6-0631	6	屏幕	屏幕	píng mù	2,4	N	屏幕	屏幕	screen (TV, computer or movie)
L6-0632	6	坡	坡	pō	1	N	坡	坡	slope; CL:個|个[ge4]; sloping; slanted
L6-0633	6	扑	撲	pū	1	V	扑	撲	to throw oneself at; to pounce on; to devote one's energies; to flap; to flutter; to dab; to pat; to bend over
L6-0634	6	铺	鋪	pū	1	V	铺	鋪	to spread; to display; to set up; (old) holder for door-knocker
L6-0635	6	欺负	欺負	qī fu	1,5	V	欺负	欺負	to bully
L6-0636	6	奇妙	奇妙	qí miào	2,4	Adj	奇妙	奇妙	wonderful; marvelous; intriguing; mysterious; strange
L6-0637	6	企图	企圖	qǐ tú	3,2	V/N	企图	企圖	to attempt; to try; attempt; CL:種|种[zhong3]
L6-0638	6	起点	起點	qǐ diǎn	3,3	N	起点	起點	starting point
L6-0639	6	起诉	起訴	qǐ sù	3,4	V	起诉	起訴	to sue; to bring a lawsuit against; to prosecute
L6-0640	6	气氛	氣氛	qì fēn	4,1	N	气氛	氣氛	atmosphere; mood
L6-0641	6	恰当	恰當	qià dàng	4,4	Adj	恰当	恰當	appropriate; suitable
L6-0642	6	恰好	恰好	qià hǎo	4,3	Adv	恰好	恰好	as it turns out; by lucky coincidence; (of number, time, size etc) just right
L6-0643	6	恰恰	恰恰	qià qià	4,4	Adv	恰恰	恰恰	exactly; just; precisely; (loanword) cha-cha; cha-cha-cha (dance)
L6-0644	6	牵	牽	qiān	1	V	牵	牽	to lead along; to pull (an animal on a tether); (bound form) to involve; to draw in
L6-0645	6	铅笔	鉛筆	qiān bǐ	1,3	N	铅笔	鉛筆	(lead) pencil; CL:支[zhi1],枝[zhi1],桿|杆[gan3]
L6-0646	6	谦虚	謙虛	qiān xū	1,1	Adj	谦虚	謙虛	modest; self-effacing; to make modest remarks
L6-0647	6	前方	前方	qián fāng	2,1	N	前方	前方	ahead; the front
L6-0648	6	前来	前來	qián lái	2,2	V	前来	前來	to come (formal); before; previously
L6-0649	6	潜力	潛力	qián lì	2,4	N	潜力	潛力	potential; latent capacity
L6-0650	6	强盗	強盜	qiáng dào	2,4	N	强盗	強盜	to rob (with force); bandit; robber; CL:個|个[ge4]
L6-0651	6	强化	強化	qiáng huà	2,4	V	强化	強化	to strengthen; to intensify
L6-0652	6	强势	強勢	qiáng shì	2,4	N/Adj	强势	強勢	strong; powerful; (linguistics) emphatic; intensive
L6-0653	6	强壮	強壯	qiáng zhuàng	2,4	Adj/V	强壮	強壯	strong; sturdy; robust
L6-0654	6	桥梁	橋梁	qiáo liáng	2,2	N	桥梁	橋梁	bridge (lit. and fig.)
L6-0655	6	巧妙	巧妙	qiǎo miào	3,4	Adj	巧妙	巧妙	ingenious; clever; ingenuity; artifice
L6-0656	6	茄子	茄子	qié zi	2,5	N	茄子	茄子	eggplant (Solanum melongena L.); aubergine; brinjal; Guinea squash; phonetic "cheese" (when being photographed); equivalent of "say cheese"
L6-0657	6	切实	切實	qiè shí	4,2	Adj	切实	切實	feasible; realistic; practical; earnestly; conscientiously
L6-0658	6	侵犯	侵犯	qīn fàn	1,4	V	侵犯	侵犯	to infringe on; to encroach on; to violate; to assault
L6-0659	6	亲属	親屬	qīn shǔ	1,3	N	亲属	親屬	kin; kindred; relatives
L6-0660	6	亲眼	親眼	qīn yǎn	1,3	Adv	亲眼	親眼	with one's own eyes; personally
L6-0661	6	倾向	傾向	qīng xiàng	1,4	V/N	倾向	傾向	trend; tendency; orientation
L6-0662	6	清	清	qīng	1	Adj/V	清	清	(of water etc) clear; clean; quiet; still; pure; uncorrupted; clear; distinct; to clear; to settle (accounts)
L6-0663	6	清洁	清潔	qīng jié	1,2	Adj	清洁	清潔	clean; to clean
L6-0664	6	清洁工	清潔工	qīng jié gōng	1,2,1	N	清洁工	清潔工	cleaner; janitor; garbage collector
L6-0665	6	清明节	清明節	Qīng míng jié	1,2,2	N	清明节	清明節	Qingming or Pure Brightness Festival or Tomb Sweeping Day, celebration for the dead (in early April)
L6-0666	6	清洗	清洗	qīng xǐ	1,3	V	清洗	清洗	to wash; to rinse; to clean; (fig.) to purge; to get rid of (corrupt individuals etc)
L6-0667	6	情绪	情緒	qíng xù	2,4	N	情绪	情緒	mood; state of mind; moodiness; CL:種|种[zhong3]
L6-0668	6	求职	求職	qiú zhí	2,2	V	求职	求職	to seek employment
L6-0669	6	球拍	球拍	qiú pāi	2,1	N	球拍	球拍	(tennis, badminton etc) racket; (table tennis) paddle; (cricket) bat
L6-0670	6	球星	球星	qiú xīng	2,1	N	球星	球星	sports star (ball sport)
L6-0671	6	球员	球員	qiú yuán	2,2	N	球员	球員	(ball sports) player; team member
L6-0672	6	区分	區分	qū fēn	1,1	V	区分	區分	to differentiate; to draw a distinction; to divide into categories
L6-0673	6	渠道	渠道	qú dào	2,4	N	渠道	渠道	irrigation ditch; (fig.) channel; avenue
L6-0674	6	取款	取款	qǔ kuǎn	3,3	V	取款	取款	to withdraw money from a bank
L6-0675	6	取款机	取款機	qǔ kuǎn jī	3,3,1	N	取款机	取款機	ATM
L6-0676	6	去掉	去掉	qù diào	4,4		去掉	去掉	to get rid of; to exclude; to eliminate; to remove; to delete; to strip out; to extract
L6-0677	6	权	權	quán	2	N	权	權	authority; power; right; (literary) to weigh; expedient; temporary
L6-0678	6	权力	權力	quán lì	2,4	N	权力	權力	power; authority
L6-0679	6	全力	全力	quán lì	2,4	N	全力	全力	with all one's strength; full strength; all-out (effort); fully (support)
L6-0680	6	全新	全新	quán xīn	2,1	Adj	全新	全新	all new; completely new
L6-0681	6	券	券	quàn	4	N	券	券	bond (esp. document split in two, with each party holding one half); contract; deed (i.e. title deeds); ticket; voucher; certificate
L6-0682	6	缺陷	缺陷	quē xiàn	1,4	N	缺陷	缺陷	defect; flaw
L6-0683	6	却是	卻是	què shì	4,4		却是	卻是	nevertheless; actually; the fact is ...
L6-0684	6	让座	讓座	ràng zuò	4,4		让座	讓座	to give up one's seat for sb
L6-0685	6	热点	熱點	rè diǎn	4,3	N	热点	熱點	hot spot; point of special interest
L6-0686	6	热水	熱水	rè shuǐ	4,3	N	热水	熱水	hot water
L6-0687	6	热水器	熱水器	rè shuǐ qì	4,3,4	N	热水器	熱水器	water heater
L6-0688	6	热线	熱線	rè xiàn	4,4	N	热线	熱線	hotline (communications link)
L6-0689	6	人权	人權	rén quán	2,2	N	人权	人權	human rights
L6-0690	6	认同	認同	rèn tóng	4,2	V	认同	認同	to approve of; to endorse; to acknowledge; to recognize; to identify oneself with
L6-0691	6	日夜	日夜	rì yè	4,4	N	日夜	日夜	day and night; around the clock
L6-0692	6	日语	日語	Rì yǔ	4,3	N	日语	日語	Japanese language
L6-0693	6	融合	融合	róng hé	2,2	V	融合	融合	a mixture; an amalgam; fusion; welding together; to be in harmony with (nature); to harmonize with; to fit in
L6-0694	6	融入	融入	róng rù	2,4		融入	融入	to blend into; to integrate; to assimilate; to merge
L6-0695	6	如	如	rú	2	V/Conj	如	如	as; as if; such as
L6-0696	6	如一	如一	rú yī	2,1	V	如一	如一	consistent; the same; unvarying
L6-0697	6	乳制品	乳製品	rǔ zhì pǐn	3,4,3	N	乳制品	乳製品	dairy products
L6-0698	6	入	入	rù	4	V	入	入	to enter; to go into; to join; to become a member of; (bound form) to conform to (as in 入時|入时[ru4 shi2]); abbr. for 入聲|入声[ru4 sheng1]; (on product packaging, after {number n} + {classifier}) containing (n pieces) (from Japanese 入 "iri")
L6-0699	6	入学	入學	rù xué	4,2		入学	入學	to enter a school or college; to go to school for the first time as a child
L6-0700	6	若	若	ruò	4	Conj	若	若	to seem; like; as; if
L6-0701	6	塞	塞	sāi	1	V	塞	塞	to plug; to stop up; to stuff in; (bound form) a stopper; a cork
L6-0702	6	赛	賽	sài	4	V	赛	賽	to compete; competition; match; to surpass; better than; superior to; to excel
L6-0703	6	赛场	賽場	sài chǎng	4,3	N	赛场	賽場	racetrack; field (for athletics competition)
L6-0704	6	三明治	三明治	sān míng zhì	1,2,4	N	三明治	三明治	(loanword) sandwich
L6-0705	6	丧失	喪失	sàng shī	4,1	V	丧失	喪失	to lose; to forfeit
L6-0706	6	山峰	山峰	shān fēng	1,1	N	山峰	山峰	(mountain) peak
L6-0707	6	山谷	山谷	shān gǔ	1,3	N	山谷	山谷	valley; ravine
L6-0708	6	山坡	山坡	shān pō	1,1	N	山坡	山坡	hillside
L6-0709	6	伤口	傷口	shāng kǒu	1,3	N	伤口	傷口	wound; cut
L6-0710	6	伤亡	傷亡	shāng wáng	1,2	V/N	伤亡	傷亡	casualties; injuries and deaths
L6-0711	6	伤员	傷員	shāng yuán	1,2	N	伤员	傷員	wounded person
L6-0712	6	商城	商城	shāng chéng	1,2	N	商城	商城	shopping center; department store
L6-0713	6	上当	上當	shàng dàng	4,4		上当	上當	taken in (by sb's deceit); to be fooled; to be duped
L6-0714	6	上帝	上帝	Shàng dì	4,4	N	上帝	上帝	God
L6-0715	6	上市	上市	shàng shì	4,4		上市	上市	to hit the market (of a new product); to float (a company on the stock market)
L6-0716	6	上台	上台	shàng tái	4,2		上台	上台	to rise to power (in politics); to go on stage (in the theater)
L6-0717	6	上演	上演	shàng yǎn	4,3	V	上演	上演	to screen (a movie); to stage (a play); a screening; a staging
L6-0718	6	勺	勺	sháo	2	N	勺	勺	spoon; ladle; CL:把[ba3]; abbr. for 公勺[gong1 shao2], centiliter (unit of volume)
L6-0719	6	少儿	少兒	shào ér	4,2	N	少儿	少兒	child
L6-0720	6	舌头	舌頭	shé tou	2,5	N	舌头	舌頭	tongue; CL:個|个[ge4]; enemy soldier captured for the purpose of extracting information
L6-0721	6	设计师	設計師	shè jì shī	4,4,1	N	设计师	設計師	designer; architect
L6-0722	6	涉及	涉及	shè jí	4,2	V	涉及	涉及	to involve; to relate to; to concern; to touch upon
L6-0723	6	深化	深化	shēn huà	1,4	V	深化	深化	to deepen; to intensify
L6-0724	6	深深	深深	shēn shēn	1,1		深深	深深	deep; profound
L6-0725	6	审查	審查	shěn chá	3,2	V	审查	審查	to examine; to investigate; to censor out; censorship
L6-0726	6	升级	升級	shēng jí	1,2		升级	升級	to go up by one grade; to be promoted; to escalate (in intensity); (computing) to upgrade
L6-0727	6	升学	升學	shēng xué	1,2		升学	升學	to enter the next grade school
L6-0728	6	升值	升值	shēng zhí	1,2	V	升值	升值	to rise in value; to appreciate
L6-0729	6	生活费	生活費	shēng huó fèi	1,2,4	N	生活费	生活費	cost of living; living expenses; alimony
L6-0730	6	省钱	省錢	shěng qián	3,2		省钱	省錢	to save money
L6-0731	6	圣诞节	聖誕節	Shèng dàn jié	4,4,2	N	圣诞节	聖誕節	Christmas time; Christmas season; Christmas
L6-0732	6	盛行	盛行	shèng xíng	4,2	V	盛行	盛行	to be in vogue; to be popular; to be prevalent
L6-0733	6	师父	師父	shī fu	1,5	N	师父	師父	used for 師傅|师傅 (in Taiwan); master; qualified worker
L6-0734	6	师生	師生	shī shēng	1,1	N	师生	師生	teachers and students
L6-0735	6	时而	時而	shí ér	2,2	Adv	时而	時而	occasionally; from time to time
L6-0736	6	时节	時節	shí jié	2,2	N	时节	時節	season; time
L6-0737	6	时期	時期	shí qī	2,1	N	时期	時期	period; phase; CL:個|个[ge4]
L6-0738	6	时时	時時	shí shí	2,2	Adv	时时	時時	often; constantly
L6-0739	6	时装	時裝	shí zhuāng	2,1	N	时装	時裝	fashion; fashionable clothes
L6-0740	6	识	識	shí	2	V	识	識	to know; knowledge; Taiwan pr. [shi4]
L6-0741	6	识字	識字	shí zì	2,4		识字	識字	to learn to read; able to read; literate
L6-0742	6	实践	實踐	shí jiàn	2,4	V/N	实践	實踐	practice; to put into practice; to live up to (a promise); to carry out (a project)
L6-0743	6	食欲	食慾	shí yù	2,4	N	食欲	食慾	appetite
L6-0744	6	市民	市民	shì mín	4,2	N	市民	市民	city resident; townspeople
L6-0745	6	事后	事後	shì hòu	4,4	N	事后	事後	after the event; in hindsight; in retrospect
L6-0746	6	试点	試點	shì diǎn	4,3	V/N	试点	試點	test point; to carry out trial; pilot scheme
L6-0747	6	适当	適當	shì dàng	4,4	Adj	适当	適當	suitable; appropriate
L6-0748	6	收藏	收藏	shōu cáng	1,2	V	收藏	收藏	to collect (works of art, dolls, antiques etc); to put away for safekeeping; (Internet) to bookmark; a collection
L6-0749	6	收取	收取	shōu qǔ	1,3	V	收取	收取	to receive; to collect
L6-0750	6	收养	收養	shōu yǎng	1,3	V	收养	收養	to take in and care for (an elderly person, a dog etc); to adopt (a child); adoption
L6-0751	6	手续费	手續費	shǒu xù fèi	3,4,4	N	手续费	手續費	service charge; processing fee; commission
L6-0752	6	首	首	shǒu	3	N	首	首	head; chief; first (occasion, thing etc); classifier for poems, songs etc
L6-0753	6	首次	首次	shǒu cì	3,4		首次	首次	first; first time; for the first time
L6-0754	6	首脑	首腦	shǒu nǎo	3,3	N	首脑	首腦	head (of state); summit (meeting); leader
L6-0755	6	首席	首席	shǒu xí	3,2	N/Adj	首席	首席	chief (representative, correspondent etc)
L6-0756	6	首相	首相	shǒu xiàng	3,4	N	首相	首相	prime minister (of Japan or UK etc)
L6-0757	6	书房	書房	shū fáng	1,2	N	书房	書房	study (room); studio; CL:間|间[jian1]
L6-0758	6	薯片	薯片	shǔ piàn	3,4	N	薯片	薯片	fried potato chips
L6-0759	6	薯条	薯條	shǔ tiáo	3,2	N	薯条	薯條	french fries; french fried potatoes; chips
L6-0760	6	双打	雙打	shuāng dǎ	1,3	N	双打	雙打	doubles (in sports); CL:場|场[chang3]
L6-0761	6	爽	爽	shuǎng	3	Adj	爽	爽	bright; clear; crisp; open; frank; straightforward; to feel well; fine; pleasurable; invigorating; to deviate
L6-0762	6	水泥	水泥	shuǐ ní	3,2	N	水泥	水泥	cement; CL:袋[dai4]
L6-0763	6	税	稅	shuì	4	N	税	稅	taxes; duties
L6-0764	6	顺	順	shùn	4	Adj/V/Prep	顺	順	to obey; to follow; to arrange; to make reasonable; along; favorable
L6-0765	6	说明书	說明書	shuō míng shū	1,2,1	N	说明书	說明書	(technical) manual; (book of) directions; synopsis (of a play or film); specification (patent); CL:本[ben3]
L6-0766	6	说实话	說實話	shuō shí huà	1,2,4		说实话	說實話	to speak the truth; truth to tell; frankly
L6-0767	6	司长	司長	sī zhǎng	1,3	N	司长	司長	bureau chief
L6-0768	6	死亡	死亡	sǐ wáng	3,2	V	死亡	死亡	to die; death
L6-0769	6	四处	四處	sì chù	4,4	N	四处	四處	all over the place; everywhere and all directions
L6-0770	6	寺	寺	sì	4	N	寺	寺	Buddhist temple; mosque; government office (old)
L6-0771	6	送礼	送禮	sòng lǐ	4,3		送礼	送禮	to give a present
L6-0772	6	送行	送行	sòng xíng	4,2		送行	送行	to see someone off; to throw someone a send-off party
L6-0773	6	素质	素質	sù zhì	4,4	N	素质	素質	inner quality; basic essence
L6-0774	6	算了	算了	suàn le	4,5	V	算了	算了	let it be; let it pass; forget about it
L6-0775	6	算是	算是	suàn shì	4,4	Adv	算是	算是	considered to be; at last
L6-0776	6	虽	雖	suī	1	Conj	虽	雖	although; even though
L6-0777	6	岁数	歲數	suì shu	4,5	N	岁数	歲數	age (number of years old)
L6-0778	6	所	所	suǒ	3	Aux	所	所	actually; place; classifier for houses, small buildings, institutions etc; that which; particle introducing a relative clause or passive; CL:個|个[ge4]
L6-0779	6	踏实	踏實	tā shi	1,5	Adj	踏实	踏實	firmly-based; steady; steadfast; to have peace of mind; free from anxiety; Taiwan pr. [ta4 shi2]
L6-0780	6	塔	塔	tǎ	3	N	塔	塔	pagoda (abbr. for 塔婆[ta3 po2], a loanword from Sanskrit stūpa); tower; pylon (CL:座[zuo4]); (loanword) (pastry) tart
L6-0781	6	踏	踏	tà	4	V	踏	踏	to tread; to stamp; to step on; to press a pedal; to investigate on the spot
L6-0782	6	台灯	檯燈	tái dēng	2,1	N	台灯	檯燈	desk lamp; table lamp
L6-0783	6	太阳能	太陽能	tài yáng néng	4,2,2	N	太阳能	太陽能	solar energy
L6-0784	6	叹气	嘆氣	tàn qì	4,4		叹气	嘆氣	to sigh; to heave a sigh
L6-0785	6	探索	探索	tàn suǒ	4,3	V	探索	探索	to explore; to probe
L6-0786	6	探讨	探討	tàn tǎo	4,3	V	探讨	探討	to investigate; to probe
L6-0787	6	趟	趟	tàng	4	M	趟	趟	classifier for times, round trips or rows; a time; a trip
L6-0788	6	掏	掏	tāo	1	V	掏	掏	to fish out (from pocket); to scoop
L6-0789	6	特	特	tè	4	Adv	特	特	special; unique; distinguished; especially; unusual; very; abbr. for 特克斯[te4 ke4 si1], tex
L6-0790	6	特大	特大	tè dà	4,4	Adj	特大	特大	exceptionally big
L6-0791	6	特地	特地	tè dì	4,4	Adv	特地	特地	specially; for a special purpose
L6-0792	6	特快	特快	tè kuài	4,4	Adj	特快	特快	express (train, delivery etc)
L6-0793	6	特意	特意	tè yì	4,4	Adv	特意	特意	specially; intentionally
L6-0794	6	疼痛	疼痛	téng tòng	2,4	Adj	疼痛	疼痛	pain; (of a body part) to be painful; to be sore; to hurt; (of a person) to be in pain
L6-0795	6	踢	踢	tī	1	V	踢	踢	to kick; to play (e.g. soccer); (slang) butch (in a lesbian relationship)
L6-0796	6	提交	提交	tí jiāo	2,1	V	提交	提交	to submit (a report etc); to refer (a problem) to sb
L6-0797	6	提升	提升	tí shēng	2,1	V	提升	提升	to promote (to a higher-ranking position); to lift; to hoist; (fig.) to elevate; to raise; to improve
L6-0798	6	天然	天然	tiān rán	1,2	Adj	天然	天然	natural
L6-0799	6	天堂	天堂	tiān táng	1,2	N	天堂	天堂	paradise; heaven
L6-0800	6	天下	天下	tiān xià	1,4	N	天下	天下	land under heaven; the whole world; the whole of China; realm; rule
L6-0801	6	添	添	tiān	1	V	添	添	to add; to increase; to replenish
L6-0802	6	田	田	tián	2	N	田	田	field; farm; CL:片[pian4]
L6-0803	6	田径	田徑	tián jìng	2,4	N	田径	田徑	track and field (athletics)
L6-0804	6	跳水	跳水	tiào shuǐ	4,3	V	跳水	跳水	to dive (into water); (sports) diving; to commit suicide by jumping into water; (fig.) (of stock prices etc) to fall dramatically
L6-0805	6	听取	聽取	tīng qǔ	1,3	V	听取	聽取	to hear (news); to listen to
L6-0806	6	通报	通報	tōng bào	1,4	V/N	通报	通報	to inform; to notify; to announce; circular; bulletin; (scientific) journal
L6-0807	6	通道	通道	tōng dào	1,4	N	通道	通道	(communications) channel; thoroughfare; passage
L6-0808	6	通红	通紅	tōng hóng	1,2	Adj	通红	通紅	very red; red through and through; to blush (deep red)
L6-0809	6	通话	通話	tōng huà	1,4		通话	通話	to hold a conversation; to talk over the telephone; phone call
L6-0810	6	通行	通行	tōng xíng	1,2	V	通行	通行	to go through; to pass through; to be in general use
L6-0811	6	通讯	通訊	tōng xùn	1,4	N	通讯	通訊	communications; news story; dispatch; CL:個|个[ge4]
L6-0812	6	同	同	tóng	2	Adj/Adv/Prep	同	同	like; same; similar; together; alike; with
L6-0813	6	同胞	同胞	tóng bāo	2,1	N	同胞	同胞	born of the same parents; sibling; fellow citizen; compatriot
L6-0814	6	同行	同行	tóng háng	2,2	N	同行	同行	person of the same profession; of the same trade, occupation or industry
L6-0815	6	同期	同期	tóng qī	2,1	N	同期	同期	the corresponding time period (in a different year etc); concurrent; synchronous
L6-0816	6	同一	同一	tóng yī	2,1	Adj	同一	同一	identical; the same
L6-0817	6	铜牌	銅牌	tóng pái	2,2	N	铜牌	銅牌	bronze medal; bronze plaque bearing a business name or logo etc; CL:枚[mei2]
L6-0818	6	头疼	頭疼	tóu téng	2,2	Adj	头疼	頭疼	headache
L6-0819	6	投票	投票	tóu piào	2,4		投票	投票	to vote; to cast a vote
L6-0820	6	透露	透露	tòu lù	4,4	V	透露	透露	to leak out; to divulge; to reveal
L6-0821	6	图书	圖書	tú shū	2,1	N	图书	圖書	books (in a library or bookstore); CL:本[ben3],冊|册[ce4],部[bu4]
L6-0822	6	徒弟	徒弟	tú dì	2,4	N	徒弟	徒弟	apprentice; disciple
L6-0823	6	途径	途徑	tú jìng	2,4	N	途径	途徑	way; means; channel
L6-0824	6	土	土	tǔ	3	Adj	土	土	earth; dust; clay; local; indigenous; crude opium; unsophisticated; one of the eight categories of ancient musical instruments 八音[ba1 yin1]
L6-0825	6	团队	團隊	tuán duì	2,4	N	团队	團隊	team
L6-0826	6	推出	推出	tuī chū	1,1	V	推出	推出	to push out; to release; to launch; to publish; to recommend
L6-0827	6	退票	退票	tuì piào	4,4		退票	退票	to bounce (a check); to return a ticket; ticket refund
L6-0828	6	吞	吞	tūn	1	V	吞	吞	to swallow; to take
L6-0829	6	托	托	tuō	1	V	托	托|託	to hold up in one's hand; to support with one's palm; sth serving as a support: a prop, a rest (e.g. arm rest); (bound form) a shill; to ask; to beg; to entrust (variant of 託|托[tuo1]); torr (unit of pressure)
L6-0830	6	拖	拖	tuō	1	V	拖	拖	to drag; to tow; to trail; to hang down; to mop (the floor); to delay; to drag on
L6-0831	6	拖鞋	拖鞋	tuō xié	1,2	N	拖鞋	拖鞋	slippers; sandals; flip-flops; CL:雙|双[shuang1],隻|只[zhi1]
L6-0832	6	挖	挖	wā	1	V	挖	挖	to dig; to excavate; to scoop out
L6-0833	6	娃娃	娃娃	wá wa	2,5	N	娃娃	娃娃	baby; small child; doll
L6-0834	6	哇	哇	wa	5	Aux	哇	哇	replaces 啊[a5] when following the vowel "u" or "ao"
L6-0835	6	外币	外幣	wài bì	4,4	N	外币	外幣	foreign currency
L6-0836	6	外部	外部	wài bù	4,4	N	外部	外部	the outside; (attributive) external; exterior; surface
L6-0837	6	外出	外出	wài chū	4,1	V	外出	外出	to go out; to go away (on a trip etc)
L6-0838	6	外观	外觀	wài guān	4,1	N	外观	外觀	outward appearance
L6-0839	6	外科	外科	wài kē	4,1	N	外科	外科	surgery (branch of medicine)
L6-0840	6	外来	外來	wài lái	4,2	Adj	外来	外來	external; foreign; outside
L6-0841	6	外头	外頭	wài tou	4,5	N	外头	外頭	outside; outdoors
L6-0842	6	外衣	外衣	wài yī	4,1	N	外衣	外衣	outer clothing; semblance; appearance
L6-0843	6	外资	外資	wài zī	4,1	N	外资	外資	foreign investment; foreign capital
L6-0844	6	弯曲	彎曲	wān qū	1,1	Adj	弯曲	彎曲	to bend; to curve around; curved; crooked; to wind; to warp
L6-0845	6	顽皮	頑皮	wán pí	2,2	Adj	顽皮	頑皮	naughty
L6-0846	6	顽强	頑強	wán qiáng	2,2	Adj	顽强	頑強	tenacious; hard to defeat
L6-0847	6	王后	王后	wáng hòu	2,4	N	王后	王后	queen; CL:個|个[ge4],位[wei4]
L6-0848	6	王子	王子	wáng zǐ	2,3	N	王子	王子	prince; son of a king
L6-0849	6	网吧	網吧	wǎng bā	3,1	N	网吧	網吧	Internet café
L6-0850	6	网页	網頁	wǎng yè	3,4	N	网页	網頁	web page
L6-0851	6	往后	往後	wǎng hòu	3,4	N	往后	往後	from now on; in the future; time to come
L6-0852	6	往来	往來	wǎng lái	3,2	V	往来	往來	dealings; contacts; to go back and forth
L6-0853	6	往年	往年	wǎng nián	3,2	N	往年	往年	in former years; in previous years
L6-0854	6	望见	望見	wàng jiàn	4,4		望见	望見	to espy; to spot
L6-0855	6	危机	危機	wēi jī	1,1	N	危机	危機	crisis
L6-0856	6	威胁	威脅	wēi xié	1,2	V	威胁	威脅	to threaten; to menace
L6-0857	6	微波炉	微波爐	wēi bō lú	1,1,2	N	微波炉	微波爐	microwave oven; CL:臺|台[tai2]
L6-0858	6	维生素	維生素	wéi shēng sù	2,1,4	N	维生素	維生素	vitamin
L6-0859	6	为此	為此	wèi cǐ	4,3	Conj	为此	為此	for this reason; with regards to this; in this respect; in order to do this; to this end
L6-0860	6	为何	為何	wèi hé	4,2	Adv	为何	為何	why
L6-0861	6	文娱	文娛	wén yú	2,2	N	文娱	文娛	cultural recreation; entertainment
L6-0862	6	卧铺	臥鋪	wò pù	4,4	N	卧铺	臥鋪	a bed (on a train); a couchette
L6-0863	6	乌云	烏雲	wū yún	1,2	N	乌云	烏雲	black cloud
L6-0864	6	无边	無邊	wú biān	2,1	V	无边	無邊	without boundary; not bordered
L6-0865	6	无关	無關	wú guān	2,1	V	无关	無關	unrelated; having nothing to do (with sth else)
L6-0866	6	无效	無效	wú xiào	2,4	V	无效	無效	not valid; ineffective; in vain
L6-0867	6	舞蹈	舞蹈	wǔ dǎo	3,3	N	舞蹈	舞蹈	dance (performance art); dancing
L6-0868	6	物品	物品	wù pǐn	4,3	N	物品	物品	articles; goods
L6-0869	6	误	誤	wù	4	V	误	誤	mistake; error; to miss; to harm; to delay; to neglect; mistakenly
L6-0870	6	西班牙语	西班牙語	Xī bān yá yǔ	1,1,2,3	N	西班牙语	西班牙語	Spanish language
L6-0871	6	吸毒	吸毒	xī dú	1,2		吸毒	吸毒	to take drugs
L6-0872	6	牺牲	犧牲	xī shēng	1,1	V/N	牺牲	犧牲	to sacrifice one's life; to sacrifice (sth valued); beast slaughtered as a sacrifice
L6-0873	6	洗衣粉	洗衣粉	xǐ yī fěn	3,1,3	N	洗衣粉	洗衣粉	laundry detergent; washing powder
L6-0874	6	戏曲	戲曲	xì qǔ	4,3	N	戏曲	戲曲	Chinese opera
L6-0875	6	细胞	細胞	xì bāo	4,1	N	细胞	細胞	cell (biology)
L6-0876	6	细菌	細菌	xì jūn	4,1	N	细菌	細菌	bacterium; germ
L6-0877	6	先锋	先鋒	xiān fēng	1,1	N	先锋	先鋒	vanguard; pioneer; avant-garde
L6-0878	6	嫌	嫌	xián	2	V	嫌	嫌	to dislike; suspicion; resentment; enmity; abbr. for 嫌犯[xian2 fan4], criminal suspect
L6-0879	6	显出	顯出	xiǎn chū	3,1		显出	顯出	to express; to exhibit
L6-0880	6	险	險	xiǎn	3	Adj	险	險	danger; dangerous; rugged
L6-0881	6	线路	線路	xiàn lù	4,4	N	线路	線路	(electricity) line; circuit; wire; (traffic) road; track; route
L6-0882	6	陷入	陷入	xiàn rù	4,4	V	陷入	陷入	to sink into; to get caught up in; to land in (a predicament)
L6-0883	6	响声	響聲	xiǎng shēng	3,1	N	响声	響聲	noise
L6-0884	6	想不到	想不到	xiǎng bu dào	3,5,4	V	想不到	想不到	unexpected; hard to imagine; it had not occurred to me; who could have thought that
L6-0885	6	消耗	消耗	xiāo hào	1,4	V/N	消耗	消耗	to consume; to use up; to deplete; to expend; (old) news; mail; message
L6-0886	6	消灭	消滅	xiāo miè	1,4	V	消灭	消滅	to put an end to; to annihilate; to cause to perish; to perish; annihilation (in quantum field theory)
L6-0887	6	小费	小費	xiǎo fèi	3,4	N	小费	小費	tip; gratuity
L6-0888	6	小麦	小麥	xiǎo mài	3,4	N	小麦	小麥	wheat; CL:粒[li4]
L6-0889	6	小于	小於	xiǎo yú	3,2	V	小于	小於	less than, <
L6-0890	6	晓得	曉得	xiǎo de	3,5	V	晓得	曉得	to know
L6-0891	6	笑脸	笑臉	xiào liǎn	4,3	N	笑脸	笑臉	smiling face; smiley :) ☺; CL:副[fu4]
L6-0892	6	笑容	笑容	xiào róng	4,2	N	笑容	笑容	smile; smiling expression; CL:副[fu4]
L6-0893	6	笑声	笑聲	xiào shēng	4,1	N	笑声	笑聲	laughter
L6-0894	6	协会	協會	xié huì	2,4	N	协会	協會	an association; a society; CL:個|个[ge4],家[jia1]
L6-0895	6	协商	協商	xié shāng	2,1	V	协商	協商	to consult with; to talk things over; agreement
L6-0896	6	协调	協調	xié tiáo	2,2	V/Adj	协调	協調	to coordinate; to harmonize; to fit together; to match (colors etc); harmonious; concerted
L6-0897	6	协助	協助	xié zhù	2,4	V	协助	協助	to provide assistance; to aid
L6-0898	6	写字楼	寫字樓	xiě zì lóu	3,4,2	N	写字楼	寫字樓	office building
L6-0899	6	写字台	寫字檯	xiě zì tái	3,4,2	N	写字台	寫字檯	writing desk
L6-0900	6	心灵	心靈	xīn líng	1,2	N	心灵	心靈	bright; smart; quick-witted; heart; thoughts; spirit
L6-0901	6	心愿	心願	xīn yuàn	1,4	N	心愿	心願	cherished desire; dream; craving; wish; aspiration
L6-0902	6	心脏	心臟	xīn zàng	1,4	N	心脏	心臟	heart; CL:顆|颗[ke1],個|个[ge4]
L6-0903	6	心脏病	心臟病	xīn zàng bìng	1,4,4	N	心脏病	心臟病	heart disease
L6-0904	6	新人	新人	xīn rén	1,2	N	新人	新人	newcomer; new recruit; fresh talent; newlywed, esp. new bride; newlywed couple; bride and groom; (paleoanthropology) later-period Homo sapiens
L6-0905	6	新兴	新興	xīn xīng	1,1	Adj	新兴	新興	(of markets, industries, infectious diseases etc) rising; emerging; in the ascendant
L6-0906	6	薪水	薪水	xīn shuǐ	1,3	N	薪水	薪水	salary; wage
L6-0907	6	信仰	信仰	xìn yǎng	4,3	V	信仰	信仰	to believe in (a religion); firm belief; conviction
L6-0908	6	信用	信用	xìn yòng	4,4	N	信用	信用	trustworthiness; (commerce) credit; (literary) to trust and appoint
L6-0909	6	兴旺	興旺	xīng wàng	1,4	Adj	兴旺	興旺	prosperous; thriving; to prosper; to flourish
L6-0910	6	行程	行程	xíng chéng	2,2	N	行程	行程	journey; travel route; itinerary; distance of travel; course (of history); stroke (of a piston); (Tw) (computing) process
L6-0911	6	形	形	xíng	2	N	形	形	to appear; to look; form; shape
L6-0912	6	凶	凶	xiōng	1	Adj	凶	凶|兇	vicious; fierce; ominous; inauspicious; famine; variant of 兇|凶[xiong1]
L6-0913	6	凶手	兇手	xiōng shǒu	1,3	N	凶手	兇手	murderer; assassin
L6-0914	6	修车	修車	xiū chē	1,1		修车	修車	to repair a bike (car etc)
L6-0915	6	袖珍	袖珍	xiù zhēn	4,1	Adj	袖珍	袖珍	pocket-sized; pocket (book etc)
L6-0916	6	悬	懸	xuán	2	V	悬	懸	to hang or suspend; to worry; public announcement; unresolved; baseless; without foundation
L6-0917	6	旋转	旋轉	xuán zhuǎn	2,3	V	旋转	旋轉	to rotate; to revolve; to spin; to whirl
L6-0918	6	选拔	選拔	xuǎn bá	3,2	V	选拔	選拔	to select the best
L6-0919	6	选举	選舉	xuǎn jǔ	3,3	V/N	选举	選舉	to elect; election; CL:次[ci4],個|个[ge4]
L6-0920	6	学会	學會	xué huì	2,4	N	学会	學會	to learn; to master; institute; learned society; (scholarly) association
L6-0921	6	学员	學員	xué yuán	2,2	N	学员	學員	student; member of an institution of learning; officer cadet
L6-0922	6	血管	血管	xuè guǎn	4,3	N	血管	血管	vein; artery; CL:根[gen1]
L6-0923	6	血液	血液	xuè yè	4,4	N	血液	血液	blood; (fig.) lifeblood
L6-0924	6	循环	循環	xún huán	2,2	V	循环	循環	to cycle; to circulate; circle; loop
L6-0925	6	压迫	壓迫	yā pò	1,4	V	压迫	壓迫	to oppress; to repress; to constrict; oppression; stress (physics)
L6-0926	6	烟花	煙花	yān huā	1,1	N	烟花	煙花	fireworks; prostitute (esp. in Yuan theater)
L6-0927	6	沿	沿	yán	2	Prep	沿	沿	along; to follow (a line, tradition etc); to carry on; to trim (a border with braid, tape etc); border; edge
L6-0928	6	沿海	沿海	yán hǎi	2,3	N	沿海	沿海	coastal
L6-0929	6	沿着	沿著	yán zhe	2,5		沿着	沿著	to go along; to follow
L6-0930	6	研发	研發	yán fā	2,1	V	研发	研發	research and development; to develop
L6-0931	6	眼看	眼看	yǎn kàn	3,4	V/Adv	眼看	眼看	soon; in a moment; to look on as sth happens
L6-0932	6	演奏	演奏	yǎn zòu	3,4	V	演奏	演奏	to perform on a musical instrument
L6-0933	6	宴会	宴會	yàn huì	4,4	N	宴会	宴會	banquet; feast; dinner party; CL:席[xi2],個|个[ge4]
L6-0934	6	洋	洋	yáng	2	Adj	洋	洋	ocean; vast; foreign; silver dollar or coin
L6-0935	6	仰	仰	yǎng	3	V	仰	仰	to face upward; to look up; to admire; to rely on
L6-0936	6	养老	養老	yǎng lǎo	3,3		养老	養老	to provide for the elderly (family members); to enjoy a life in retirement
L6-0937	6	氧气	氧氣	yǎng qì	3,4	N	氧气	氧氣	oxygen
L6-0938	6	样	樣	yàng	4	N/M	样	樣	manner; pattern; way; appearance; shape; classifier: kind, type
L6-0939	6	药品	藥品	yào pǐn	4,3	N	药品	藥品	medicaments; medicine; drug
L6-0940	6	要不然	要不然	yào bù rán	4,4,2	Conj	要不然	要不然	otherwise; or else; or
L6-0941	6	要好	要好	yào hǎo	4,3	Adj	要好	要好	to be on good terms; to be close friends; striving for self-improvement
L6-0942	6	要么	要麼	yào me	4,5	Conj	要么	要麼	or; either one or the other
L6-0943	6	要素	要素	yào sù	4,4	N	要素	要素	essential factor; key constituent
L6-0944	6	野	野	yě	3	Adj	野	野	field; plain; open space; limit; boundary; rude; feral
L6-0945	6	野生	野生	yě shēng	3,1	Adj	野生	野生	wild; undomesticated
L6-0946	6	医药	醫藥	yī yào	1,4	N	医药	醫藥	medical care and medicines; medicine (drug); medical; pharmaceutical
L6-0947	6	依次	依次	yī cì	1,4	Adv	依次	依次	in order; in succession
L6-0948	6	依赖	依賴	yī lài	1,4	V	依赖	依賴	to depend on; to be dependent on
L6-0949	6	一次性	一次性	yī cì xìng	1,4,4	Adj	一次性	一次性	one-off (offer); one-time; single-use; disposable (goods)
L6-0950	6	一代	一代	yī dài	1,4	N	一代	一代	an era; an age; a generation
L6-0951	6	一道	一道	yī dào	1,4	Adv	一道	一道	together
L6-0952	6	一贯	一貫	yī guàn	1,4	Adj	一贯	一貫	consistent; constant; from start to finish; all along; persistent
L6-0953	6	一路上	一路上	yī lù shàng	1,4,4		一路上	一路上	along the way; the whole way; (fig.) the whole time
L6-0954	6	仪器	儀器	yí qì	2,4	N	仪器	儀器	instrument; apparatus; CL:臺|台[tai2]
L6-0955	6	仪式	儀式	yí shì	2,4	N	仪式	儀式	ceremony
L6-0956	6	遗憾	遺憾	yí hàn	2,4	Adj/N	遗憾	遺憾	regret; to regret; to be sorry that
L6-0957	6	一番	一番	yīfān			一番	一番	one round or spell; an amount of effort
L6-0958	6	一模一样	一模一樣	yī mú yī yàng	1,2,1,4		一模一样	一模一樣	(idiom) exactly alike; identical; also pr. [yi1mo2-yi1yang4]
L6-0959	6	一齐	一齊	yī qí	1,2	Adv	一齐	一齊	at the same time; simultaneously
L6-0960	6	一时	一時	yī shí	1,2	N/Adv	一时	一時	a period of time; a while; for a short while; temporary; momentary; at the same time
L6-0961	6	一同	一同	yī tóng	1,2	Adv	一同	一同	together
L6-0962	6	一行	一行	yī xíng	1,2	N	一行	一行	party; delegation
L6-0963	6	艺人	藝人	yì rén	4,2	N	艺人	藝人	entertainer; performing artist; artisan; craftsman
L6-0964	6	议题	議題	yì tí	4,2	N	议题	議題	topic of discussion; topic; subject; issue (under discussion); CL:項|项[xiang4]
L6-0965	6	异常	異常	yì cháng	4,2	Adj/Adv	异常	異常	unusual; abnormal; extremely; exceptionally
L6-0966	6	意想不到	意想不到	yì xiǎng bù dào	4,3,4,4		意想不到	意想不到	unexpected; previously unimagined
L6-0967	6	意愿	意願	yì yuàn	4,4	N	意愿	意願	aspiration; wish (for); desire
L6-0968	6	因	因	yīn	1	Prep/Conj	因	因	cause; reason; because
L6-0969	6	因素	因素	yīn sù	1,4	N	因素	因素	element; factor; CL:個|个[ge4]
L6-0970	6	阴谋	陰謀	yīn móu	1,2	N	阴谋	陰謀	to conspire; to plot; a conspiracy; a plot
L6-0971	6	阴影	陰影	yīn yǐng	1,3	N	阴影	陰影	(lit. and fig.) shadow; CL:道[dao4]
L6-0972	6	音量	音量	yīn liàng	1,4	N	音量	音量	loudness; volume
L6-0973	6	音像	音像	yīn xiàng	1,4	N	音像	音像	audio and video; audiovisual
L6-0974	6	隐藏	隱藏	yǐn cáng	3,2	V	隐藏	隱藏	to hide; to conceal; to mask; to shelter; to harbor (i.e. keep sth hidden); to hide oneself; to lie low; to nestle; hidden; implicit; private; covert; recessed (lighting)
L6-0975	6	隐私	隱私	yǐn sī	3,1	N	隐私	隱私	secrets; private business; privacy
L6-0976	6	印	印	yìn	4	V	印	印	to print; to mark; to engrave; a seal; a print; a stamp; a mark; a trace; image
L6-0977	6	英雄	英雄	yīng xióng	1,2	N	英雄	英雄	hero; CL:個|个[ge4]
L6-0978	6	迎来	迎來	yíng lái	2,2		迎来	迎來	to welcome (a visitor or newcomer); (fig.) to usher in
L6-0979	6	影迷	影迷	yǐng mí	3,2	N	影迷	影迷	film enthusiast; movie fan; CL:個|个[ge4]
L6-0980	6	影星	影星	yǐng xīng	3,1	N	影星	影星	film star
L6-0981	6	应对	應對	yìng duì	4,4	V	应对	應對	to answer; to reply; to handle; to deal with; response
L6-0982	6	应急	應急	yìng jí	4,2		应急	應急	to respond to an emergency; to meet a contingency; (attributive) emergency
L6-0983	6	用处	用處	yòng chu	4,5	N	用处	用處	usefulness; CL:個|个[ge4]
L6-0984	6	用得着	用得著	yòng de zháo	4,5,2	V	用得着	用得著	to be able to use; useable; to have a use for; (in a question) to be necessary to
L6-0985	6	用法	用法	yòng fǎ	4,3	N	用法	用法	usage
L6-0986	6	用品	用品	yòng pǐn	4,3	N	用品	用品	articles for use; products; goods
L6-0987	6	用心	用心	yòng xīn	4,1	N	用心	用心	motive; intention; to be diligent or attentive; careful
L6-0988	6	优质	優質	yōu zhì	1,4	Adj	优质	優質	excellent quality
L6-0989	6	游人	遊人	yóu rén	2,2	N	游人	遊人	a tourist
L6-0990	6	游玩	遊玩	yóu wán	2,2	V	游玩	遊玩	to amuse oneself; to have fun; to go sightseeing; to take a stroll
L6-0991	6	游戏机	遊戲機	yóu xì jī	2,4,1	N	游戏机	遊戲機	video game machine; video game console
L6-0992	6	游行	遊行	yóu xíng	2,2	V	游行	遊行	to march; to parade; to demonstrate; procession; march; demonstration; to travel around; to roam
L6-0993	6	有关	有關	yǒu guān	3,1	V	有关	有關	to have sth to do with; to relate to; related to; to concern; concerning
L6-0994	6	有没有	有沒有	yǒu méi yǒu	3,2,3		有没有	有沒有	(before a noun) Do (you, they etc) have ...?; Is there a ...?; (before a verb) Did (you, they etc) (verb, infinitive)?; Have (you, they etc) (verb, past participle)?
L6-0995	6	有事	有事	yǒu shì	3,4	V	有事	有事	to be occupied with sth; to have sth on one's mind; there is something the matter
L6-0996	6	于	于	yú	2	Prep	于	于|於	(of time or place) in; at; on; (indicating any indirect relation) to; toward; vis-à-vis; with regard to; for; (indicating a source) from; out of; (used in comparison) than; (used in the passive voice) by
L6-0997	6	娱乐	娛樂	yú lè	2,4	V/N	娱乐	娛樂	to entertain; to amuse; entertainment; recreation; amusement; hobby; fun; joy
L6-0998	6	愉快	愉快	yú kuài	2,4	Adj	愉快	愉快	cheerful; happy; pleasant; delighted
L6-0999	6	与	與	yǔ	3	Prep/Conj	与	與	(formal) and; together with (linking parallel nouns, verbs, or phrases); (formal) with; from (marking the other participant in an interaction, comparison, or contrast, e.g. 與他握手|与他握手[yu3 ta1 wo4 shou3] "shake hands with him", 與去年不同|与去年不同[yu3 qu4 nian2 bu4 tong2] "different from last year"); (literary) to give; to grant; to bestow
L6-1000	6	宇航员	宇航員	yǔ háng yuán	3,2,2	N	宇航员	宇航員	astronaut
L6-1001	6	雨衣	雨衣	yǔ yī	3,1	N	雨衣	雨衣	raincoat; CL:件[jian4]
L6-1002	6	预约	預約	yù yuē	4,1	V	预约	預約	booking; reservation; to book; to make an appointment
L6-1003	6	元素	元素	yuán sù	2,4	N	元素	元素	element (key component of sth); (chemistry) element; (math.) element (member of a set)
L6-1004	6	园	園	yuán	2	N	园	園	land used for growing plants; site used for public recreation; abbr. for a place ending in 園|园, such as a botanical garden 植物園|植物园, kindergarten 幼兒園|幼儿园 etc
L6-1005	6	园地	園地	yuán dì	2,4	N	园地	園地	garden area
L6-1006	6	原	原	yuán	2	Adj	原	原	former; original; primary; raw; level; cause; source
L6-1007	6	原告	原告	yuán gào	2,4	N	原告	原告	complainant; plaintiff
L6-1008	6	原谅	原諒	yuán liàng	2,4	V	原谅	原諒	to excuse; to forgive; to pardon
L6-1009	6	圆珠笔	圓珠筆	yuán zhū bǐ	2,1,3	N	圆珠笔	圓珠筆	ballpoint pen; CL:支[zhi1],枝[zhi1]
L6-1010	6	援助	援助	yuán zhù	2,4	V	援助	援助	to help; to support; to aid; aid; assistance
L6-1011	6	缘故	緣故	yuán gù	2,4	N	缘故	緣故	reason; cause
L6-1012	6	远方	遠方	yuǎn fāng	3,1	N	远方	遠方	far away; a distant location
L6-1013	6	远离	遠離	yuǎn lí	3,2	V	远离	遠離	to be far from; to keep away from
L6-1014	6	远远	遠遠	yuǎn yuǎn	3,3		远远	遠遠	distant; by far
L6-1015	6	约定	約定	yuē dìng	1,4	V	约定	約定	to agree on sth (after discussion); to conclude a bargain; to arrange; to promise; to stipulate; to make an appointment; stipulated (time, amount, quality etc); an arrangement; a deal; appointment; undertaking; commitment; understanding; engagement; stipulation
L6-1016	6	乐曲	樂曲	yuè qǔ	4,3	N	乐曲	樂曲	musical composition
L6-1017	6	晕	暈	yūn	1	V/Adj	晕	暈	confused; dizzy; giddy; to faint; to swoon; to lose consciousness; to pass out
L6-1018	6	允许	允許	yǔn xǔ	3,3	V	允许	允許	to permit; to allow
L6-1019	6	运作	運作	yùn zuò	4,4	V	运作	運作	to operate; operations; workings; activities (usu. of an organization); thread (computing)
L6-1020	6	晕车	暈車	yùn chē	4,1		晕车	暈車	to be carsick
L6-1021	6	杂	雜	zá	2	Adj	杂	雜	mixed; miscellaneous; various; to mix
L6-1022	6	再生	再生	zài shēng	4,1	V	再生	再生	to be reborn; to regenerate; to be a second so-and-so (famous dead person); recycling; regeneration
L6-1023	6	再说	再說	zài shuō	4,1	V/Conj	再说	再說	to say again; to put off a discussion until later; moreover; what's more; besides
L6-1024	6	遭到	遭到	zāo dào	1,4		遭到	遭到	to suffer; to meet with (sth unfortunate)
L6-1025	6	遭受	遭受	zāo shòu	1,4	V	遭受	遭受	to suffer; to sustain (loss, misfortune)
L6-1026	6	遭遇	遭遇	zāo yù	1,4	V/N	遭遇	遭遇	to meet with; to encounter (esp. misfortune or hardship); an experience (esp. adverse)
L6-1027	6	早晚	早晚	zǎo wǎn	3,3	N/Adv	早晚	早晚	morning and evening; (in reference to sth that is bound to happen) sooner or later; one of these days; (coll.) (this, or that) point of time; (dialect) at some time in the future
L6-1028	6	增进	增進	zēng jìn	1,4	V	增进	增進	to promote; to enhance; to further; to advance (a cause etc)
L6-1029	6	增值	增值	zēng zhí	1,2	V	增值	增值	to appreciate (financially); to increase in value; value-added (accountancy)
L6-1030	6	扎	扎	zā	1	V	扎	扎|紮	to tie; to bind; classifier for flowers, banknotes etc: bundle; Taiwan pr. [zha2]
L6-1031	6	扎实	紮實	zhā shi	1,5	Adj	扎实	紮實	variant of 扎實|扎实[zha1 shi5]
L6-1032	6	炸	炸	zhà	4	V	炸	炸	to burst; to explode; to blow up; to bomb; (coll.) to fly into a rage; (coll.) to scamper off; to scatter
L6-1033	6	炸弹	炸彈	zhà dàn	4,4	N	炸弹	炸彈	bomb; CL:枚[mei2],顆|颗[ke1]
L6-1034	6	炸药	炸藥	zhà yào	4,4	N	炸药	炸藥	explosive; blasting agent; dynamite
L6-1035	6	债	債	zhài	4	N	债	債	debt; CL:筆|笔[bi3]
L6-1036	6	占据	佔據	zhàn jù	4,4	V	占据	佔據	to occupy; to hold
L6-1037	6	战场	戰場	zhàn chǎng	4,3	N	战场	戰場	battlefield; CL:個|个[ge4]
L6-1038	6	战略	戰略	zhàn lüè	4,4	N	战略	戰略	strategy
L6-1039	6	战术	戰術	zhàn shù	4,4	N	战术	戰術	tactics
L6-1040	6	战友	戰友	zhàn yǒu	4,3	N	战友	戰友	comrade-in-arms; battle companion
L6-1041	6	站台	站臺	zhàn tái	4,2	N	站台	站臺	platform (at a railway station); (Tw) (of an influential person) to publicly endorse or campaign for (a candidate); (Tw) (dated) website
L6-1042	6	章	章	zhāng	1	M	章	章	chapter; section; clause; movement (of symphony); seal; badge; regulation; order
L6-1043	6	长	長	zhǎng	3	Suffix	长（秘书长）	長（秘書長）	chief; head; elder; to grow; to develop; to increase; to enhance
L6-1044	6	掌声	掌聲	zhǎng shēng	3,1	N	掌声	掌聲	applause; CL:陣|阵[zhen4]
L6-1045	6	账	賬	zhàng	4	N	账	賬	account; bill; debt; CL:本[ben3],筆|笔[bi3]
L6-1046	6	账户	賬戶	zhàng hù	4,4	N	账户	賬戶	(bank, computer etc) account
L6-1047	6	涨	漲	zhàng	4	V	涨	漲	to swell; to distend
L6-1048	6	障碍	障礙	zhàng ài	4,4	N/V	障碍	障礙	barrier; obstruction; hindrance; impediment; obstacle
L6-1049	6	招	招	zhāo	1	V	招	招	to recruit; to provoke; to beckon; to incur; to infect; contagious; a move (chess); a maneuver; device; trick; to confess
L6-1050	6	招聘	招聘	zhāo pìn	1,4	V	招聘	招聘	to invite applications for a job; to recruit
L6-1051	6	照样	照樣	zhào yàng	4,4	Adv	照样	照樣	as before; (same) as usual; in the same manner; still; nevertheless
L6-1052	6	照耀	照耀	zhào yào	4,4	V	照耀	照耀	to shine; to illuminate
L6-1053	6	哲学	哲學	zhé xué	2,2	N	哲学	哲學	philosophy
L6-1054	6	这就是说	這就是說	zhè jiù shì shuō	4,4,4,1		这就是说	這就是說	in other words; that is to say
L6-1055	6	镇	鎮	zhèn	4	V/N	镇	鎮	to press down; to calm; to subdue; to suppress; to guard; garrison; small town; to cool or chill (food or drinks)
L6-1056	6	争夺	爭奪	zhēng duó	1,2	V	争夺	爭奪	to fight over; to contest; to vie over
L6-1057	6	整顿	整頓	zhěng dùn	3,4	V	整顿	整頓	to tidy up; to reorganize; to consolidate; to rectify
L6-1058	6	整治	整治	zhěng zhì	3,4	V	整治	整治	to bring under control; to regulate; to restore to good condition; (coll.) to fix (a person); to prepare (a meal etc)
L6-1059	6	正当	正當	zhèng dàng	4,4	Adj	正当	正當	honest; reasonable; fair; sensible
L6-1060	6	政策	政策	zhèng cè	4,4	N	政策	政策	policy; CL:個|个[ge4]
L6-1061	6	政党	政黨	zhèng dǎng	4,3	N	政党	政黨	political party; CL:個|个[ge4]
L6-1062	6	政权	政權	zhèng quán	4,2	N	政权	政權	regime; political power
L6-1063	6	症状	症狀	zhèng zhuàng	4,4	N	症状	症狀	symptom (of an illness)
L6-1064	6	之类	之類	zhī lèi	1,4	N	之类	之類	and so on; and such
L6-1065	6	支撑	支撐	zhī chēng	1,1	V	支撑	支撐	to prop up; to support; strut; brace
L6-1066	6	支援	支援	zhī yuán	1,2	V/N	支援	支援	to provide assistance; to support; to back
L6-1067	6	枝	枝	zhī	1	N/M	枝	枝	branch; classifier for sticks, rods, pencils etc
L6-1068	6	知名	知名	zhī míng	1,2	Adj	知名	知名	well-known; famous
L6-1069	6	织	織	zhī	1	V	织	織	to weave; to knit
L6-1070	6	直升机	直升機	zhí shēng jī	2,1,1	N	直升机	直升機	helicopter; CL:架[jia4]
L6-1071	6	职责	職責	zhí zé	2,2	N	职责	職責	duty; responsibility; obligation
L6-1072	6	止	止	zhǐ	3	V	止	止	to stop; to prohibit; until; only
L6-1073	6	只得	只得	zhǐ dé	3,2	Adv	只得	只得	to have no alternative but to; to be obliged to
L6-1074	6	只顾	只顧	zhǐ gù	3,4	Adv	只顾	只顧	to focus solely on; to pay attention only to; to be preoccupied with
L6-1075	6	只管	只管	zhǐ guǎn	3,3	Adv	只管	只管	solely engrossed in one thing; just (one thing, no need to worry about the rest); simply; by all means; please feel free; do not hesitate (to ask for sth)
L6-1076	6	指定	指定	zhǐ dìng	3,4	V	指定	指定	to appoint; to assign; to indicate clearly and with certainty; designated
L6-1077	6	指数	指數	zhǐ shù	3,4	N	指数	指數	(numerical, statistical) index; (math.) exponent; (attributive) exponential
L6-1078	6	指头	指頭	zhǐ tou	3,5	N	指头	指頭	finger; toe; CL:個|个[ge4]
L6-1079	6	指着	指著	zhǐzhe			指着	指著	to point at; to point to
L6-1080	6	至于	至於	zhì yú	4,2	V/Prep	至于	至於	as for; as to; to go so far as to
L6-1081	6	治病	治病	zhì bìng	4,4		治病	治病	to treat an illness
L6-1082	6	智慧	智慧	zhì huì	4,4	N	智慧	智慧	wisdom; intelligence
L6-1083	6	中等	中等	zhōng děng	1,3	Adj	中等	中等	medium
L6-1084	6	中华	中華	Zhōng huá	1,2	N	中华	中華	Zhonghua, historical and cultural term for China, often used to denote Chinese civilization and identity (as in 中華文化|中华文化[Zhong1 hua2 wen2 hua4] "Chinese culture"); used in the official name of the Republic of China, 中華民國|中华民国[Zhong1 hua2 Min2 guo2]
L6-1085	6	中期	中期	zhōng qī	1,1	N	中期	中期	middle (of a period of time); medium-term (plan, forecast etc)
L6-1086	6	中外	中外	zhōng wài	1,4	N	中外	中外	Sino-foreign; Chinese-foreign; home and abroad
L6-1087	6	忠心	忠心	zhōng xīn	1,1	N	忠心	忠心	good faith; devotion; loyalty; dedication
L6-1088	6	钟头	鐘頭	zhōng tóu	1,2	N	钟头	鐘頭	(coll.) hour
L6-1089	6	肿	腫	zhǒng	3	V	肿	腫	to swell; swelling; swollen
L6-1090	6	种种	種種	zhǒng zhǒng	3,3	Pron	种种	種種	all kinds of
L6-1091	6	粥	粥	zhōu	1	N	粥	粥	congee; gruel; porridge; CL:碗[wan3]
L6-1092	6	珠宝	珠寶	zhū bǎo	1,3	N	珠宝	珠寶	pearls; jewels; precious stones
L6-1093	6	诸位	諸位	zhū wèi	1,4	Pron	诸位	諸位	(pron) everyone; Ladies and Gentlemen; Sirs
L6-1094	6	主持人	主持人	zhǔ chí rén	3,2,2	N	主持人	主持人	host; master of ceremonies; (TV or radio) presenter; anchor; (Tw) (research project) principal investigator (PI); program director
L6-1095	6	主角	主角	zhǔ jué	3,2	N	主角	主角	leading role; lead; protagonist
L6-1096	6	主流	主流	zhǔ liú	3,2	N	主流	主流	main stream (of a river); fig. the essential point; main viewpoint of a matter; mainstream (culture etc)
L6-1097	6	煮	煮	zhǔ	3	V	煮	煮	to cook; to boil
L6-1098	6	住宅	住宅	zhù zhái	4,2	N	住宅	住宅	residence; dwelling; abode
L6-1099	6	驻	駐	zhù	4	V	驻	駐	to halt; to stay; to be stationed (of troops, diplomats etc)
L6-1100	6	柱子	柱子	zhù zi	4,5	N	柱子	柱子	pillar; CL:根[gen1]
L6-1101	6	祝愿	祝願	zhù yuàn	4,4	V	祝愿	祝願	to wish
L6-1102	6	专用	專用	zhuān yòng	1,4	V	专用	專用	special; dedicated
L6-1103	6	转	轉	zhuàn	4	V	转	轉	to revolve; to turn; to circle about; to walk about; classifier for revolutions (per minute etc): revs, rpm; classifier for repeated actions
L6-1104	6	转动	轉動	zhuàn dòng	4,4	V	转动	轉動	to rotate (about an axis); to revolve; to turn; to move in a circle; to gyrate
L6-1105	6	赚	賺	zhuàn	4	V	赚	賺	to earn; to make a profit
L6-1106	6	赚钱	賺錢	zhuàn qián	4,2		赚钱	賺錢	to earn money; moneymaking
L6-1107	6	装备	裝備	zhuāng bèi	1,4	V/N	装备	裝備	equipment; to equip; to outfit
L6-1108	6	壮观	壯觀	zhuàng guān	4,1	Adj/N	壮观	壯觀	spectacular; magnificent sight
L6-1109	6	追究	追究	zhuī jiū	1,1	V	追究	追究	to investigate; to look into
L6-1110	6	捉	捉	zhuō	1	V	捉	捉	to clutch; to grab; to capture
L6-1111	6	咨询	咨詢	zī xún	1,2	V	咨询	咨詢	variant of 諮詢|咨询[zi1 xun2]
L6-1112	6	自来水	自來水	zì lái shuǐ	4,2,3	N	自来水	自來水	running water; tap water
L6-1113	6	自我	自我	zì wǒ	4,3	Pron	自我	自我	the self; oneself; self-; (psychology) ego
L6-1114	6	自学	自學	zì xué	4,2	V	自学	自學	self-study; to study on one's own
L6-1115	6	自言自语	自言自語	zì yán zì yǔ	4,2,4,3		自言自语	自言自語	(idiom) to talk to oneself; to think aloud; to soliloquize
L6-1116	6	自在	自在	zì zai	4,5	Adj	自在	自在	comfortable; at ease
L6-1117	6	宗教	宗教	zōng jiào	1,4	N	宗教	宗教	religion
L6-1118	6	总部	總部	zǒng bù	3,4	N	总部	總部	general headquarters
L6-1119	6	总监	總監	zǒng jiān	3,1	N	总监	總監	head; director (of an organizational unit); (police) commissioner; inspector-general; rank of local governor in Tang dynasty administration
L6-1120	6	总经理	總經理	zǒng jīng lǐ	3,1,3	N	总经理	總經理	general manager; CEO
L6-1121	6	总量	總量	zǒng liàng	3,4	N	总量	總量	total; overall amount
L6-1122	6	走私	走私	zǒu sī	3,1		走私	走私	to smuggle; to have an illicit affair
L6-1123	6	奏	奏	zòu	4	V	奏	奏	to play music; to achieve; to present a memorial to the emperor (old)
L6-1124	6	租金	租金	zū jīn	1,1	N	租金	租金	rent
L6-1125	6	足	足	zú	2	Adj/Adv	足	足	(bound form) foot; leg; sufficient; ample; as much as; fully
L6-1126	6	足以	足以	zú yǐ	2,3	V	足以	足以	sufficient to...; so much so that; so that
L6-1127	6	族	族	zú	2	N	族	族	race; nationality; ethnicity; clan; by extension, social group (e.g. office workers 上班族)
L6-1128	6	族	族	zú	2	Suffix	族（上班族）	族（上班族）	race; nationality; ethnicity; clan; by extension, social group (e.g. office workers 上班族)
L6-1129	6	祖父	祖父	zǔ fù	3,4	N	祖父	祖父	father's father; paternal grandfather
L6-1130	6	祖国	祖國	zǔ guó	3,2	N	祖国	祖國	motherland
L6-1131	6	祖母	祖母	zǔ mǔ	3,3	N	祖母	祖母	father's mother; paternal grandmother
L6-1132	6	钻	鑽	zuān	1	V	钻	鑽	to drill; to bore; to get into; to make one's way into; to enter (a hole); to thread one's way through; to study intensively; to dig into; to curry favor for personal gain
L6-1133	6	最佳	最佳	zuì jiā	4,1	Adj	最佳	最佳	optimum; optimal; peak; best (athlete, movie etc)
L6-1134	6	最终	最終	zuì zhōng	4,1	N	最终	最終	final; ultimate
L6-1135	6	罪	罪	zuì	4	N	罪	罪	guilt; crime; fault; blame; sin
L6-1136	6	罪恶	罪惡	zuì è	4,4	N	罪恶	罪惡	crime; evil; sin
L6-1137	6	作	作	zuò	4	V	作	作	to do; to engage in; to write; to compose; to pretend; to feign; to regard as; to consider to be; to be; to act the part of; to feel (itchy, nauseous etc); writings; works
L6-1138	6	作废	作廢	zuò fèi	4,4	V	作废	作廢	to become invalid; to cancel; to delete; to nullify
L6-1139	6	作战	作戰	zuò zhàn	4,4	V	作战	作戰	combat; to fight
L6-1140	6	座谈会	座談會	zuò tán huì	4,2,4	N	座谈会	座談會	conference; symposium; rap session
L7-0001	7-9	阿拉伯语	阿拉伯語	Ā lā bó yǔ	1,1,2,3	N	阿拉伯语	阿拉伯語	Arabic (language)
L7-0002	7-9	哎	哎	āi	1	Intj	哎	哎	hey!; (interjection used to attract attention or to express surprise or disapprobation)
L7-0003	7-9	哎呀	哎呀	āi yā	1,1	Intj	哎呀	哎呀	interjection of wonder, shock or admiration
L7-0004	7-9	哀求	哀求	āi qiú	1,2	V	哀求	哀求	to entreat; to implore; to plead
L7-0005	7-9	挨家挨户	挨家挨戶	āi jiā āi hù	1,1,1,4		挨家挨户	挨家挨戶	to go from house to house
L7-0006	7-9	癌	癌	ái	2	N	癌	癌	cancer; (esp.) carcinoma
L7-0007	7-9	癌症	癌症	ái zhèng	2,4	N	癌症	癌症	cancer
L7-0008	7-9	艾滋病	艾滋病	ài zī bìng	4,1,4	N	艾滋病	艾滋病	(loanword) AIDS
L7-0009	7-9	唉	唉	ài	4	Intj	唉	唉	alas; oh dear
L7-0010	7-9	爱不释手	愛不釋手	ài bù shì shǒu	4,4,4,3		爱不释手	愛不釋手	(idiom) to like sth so much that one is reluctant to put it down; to find sth utterly irresistible
L7-0011	7-9	爱理不理	愛理不理	ài lǐ bù lǐ	4,3,4,3		爱理不理	愛理不理	(idiom) standoffish; indifferent
L7-0012	7-9	爱面子	愛面子	ài miàn zi	4,4,5		爱面子	愛面子	to like to look good in the eyes of others; sensitive about how one is regarded by others; proud
L7-0013	7-9	爱惜	愛惜	ài xī	4,1	V	爱惜	愛惜	to cherish; to treasure; to use sparingly
L7-0014	7-9	碍事	礙事	ài shì	4,4		碍事	礙事	to be in the way; to be a hindrance; (usu. in the negative) to be of consequence; to matter
L7-0015	7-9	安定	安定	ān dìng	1,4	Adj/V	安定	安定	stable; calm; settled; to stabilize; Valium; diazepam
L7-0016	7-9	安抚	安撫	ān fǔ	1,3	V	安抚	安撫	to placate; to pacify; to appease
L7-0017	7-9	安眠药	安眠藥	ān mián yào	1,2,4	N	安眠药	安眠藥	sleeping pill; CL:粒[li4]
L7-0018	7-9	安宁	安寧	ān níng	1,2	Adj	安宁	安寧	peaceful; tranquil; calm; composed; free from worry
L7-0019	7-9	安稳	安穩	ān wěn	1,3	Adj	安稳	安穩	steady; stable; sedate; calm; (of sleep) sound; (of a transition) smooth
L7-0020	7-9	安心	安心	ān xīn	1,1	Adj	安心	安心	at ease; to feel relieved; to set one's mind at rest; to keep one's mind on sth
L7-0021	7-9	安逸	安逸	ān yì	1,4	Adj	安逸	安逸	easy and comfortable; easy
L7-0022	7-9	按键	按鍵	àn jiàn	4,4	N	按键	按鍵	button or key (on a device); keystroke; CL:個|个[ge4]; to press a button
L7-0023	7-9	按理说	按理說	àn lǐ shuō	4,3,1		按理说	按理說	it is reasonable to say that...
L7-0024	7-9	按说	按說	àn shuō	4,1	Adv	按说	按說	in the ordinary course of events; ordinarily; normally
L7-0025	7-9	案件	案件	àn jiàn	4,4	N	案件	案件	case; instance; CL:宗[zong1],樁|桩[zhuang1],起[qi3]
L7-0026	7-9	暗地里	暗地裡	àn dì li	4,4,5	N	暗地里	暗地裡	secretly; inwardly; on the sly
L7-0027	7-9	暗杀	暗殺	àn shā	4,1	V	暗杀	暗殺	to assassinate
L7-0028	7-9	暗中	暗中	àn zhōng	4,1	N	暗中	暗中	in the dark; in secret; on the sly; surreptitiously
L7-0029	7-9	昂贵	昂貴	áng guì	2,4	Adj	昂贵	昂貴	expensive; costly
L7-0030	7-9	凹	凹	āo	1	Adj	凹	凹	concave; depressed; sunken; indented; female (connector etc)
L7-0031	7-9	熬	熬	áo	2	V	熬	熬	to cook on a slow fire; to extract by heating; to decoct; to endure
L7-0032	7-9	熬夜	熬夜	áo yè	2,4		熬夜	熬夜	to stay up late or all night
L7-0033	7-9	傲	傲	ào	4	Adj	傲	傲	proud; arrogant; to despise; unyielding; to defy
L7-0034	7-9	傲慢	傲慢	ào màn	4,4	Adj	傲慢	傲慢	arrogant; haughty
L7-0035	7-9	奥秘	奧祕	ào mì	4,4	N	奥秘	奧祕	secret; mystery
L7-0036	7-9	奥运会	奧運會	Ào yùn huì	4,4,4	N	奥运会	奧運會	Olympic Games; the Olympics (abbr. for 奧林匹克運動會|奥林匹克运动会[Ao4 lin2 pi3 ke4 Yun4 dong4 hui4])
L7-0037	7-9	八卦	八卦	bā guà	1,4	N	八卦	八卦	the eight divinatory trigrams of the Book of Changes 易經|易经[Yi4 jing1]; gossip; gossipy
L7-0038	7-9	巴不得	巴不得	bā bu de	1,5,5	V	巴不得	巴不得	(coll.) to be eager for; to long for; to look forward to
L7-0039	7-9	扒	扒	bā	1	V	扒	扒	to peel; to skin; to tear; to pull down; to cling to (sth on which one is climbing); to dig
L7-0040	7-9	芭蕾	芭蕾	bā lěi	1,3	N	芭蕾	芭蕾	ballet (loanword)
L7-0041	7-9	把柄	把柄	bǎ bǐng	3,3	N	把柄	把柄	handle; (fig.) information that can be used against sb
L7-0042	7-9	把关	把關	bǎ guān	3,1		把关	把關	to guard a pass; to check on sth
L7-0043	7-9	把手	把手	bǎ shou	3,5	N	把手	把手	handle; grip; knob
L7-0044	7-9	靶子	靶子	bǎ zi	3,5	N	靶子	靶子	target
L7-0045	7-9	坝	壩	bà	4	N	坝	壩	dam; dike; embankment; CL:條|条[tiao2]
L7-0046	7-9	罢免	罷免	bà miǎn	4,3	V	罢免	罷免	to remove sb from their post; to dismiss
L7-0047	7-9	罢休	罷休	bà xiū	4,1	V	罢休	罷休	to give up; to abandon (a goal etc); to let sth go; forget it; let the matter drop
L7-0048	7-9	霸占	霸佔	bà zhàn	4,4	V	霸占	霸佔	to occupy by force; to seize; to dominate
L7-0049	7-9	掰	掰	bāi	1	V	掰	掰	to break off or break open sth with one's hands; (fig.) to break off (a relationship)
L7-0050	7-9	白白	白白	bái bái	2,2	Adv	白白	白白	in vain; to no purpose; for nothing; white
L7-0051	7-9	百分比	百分比	bǎi fēn bǐ	3,1,3	N	百分比	百分比	percentage
L7-0052	7-9	百合	百合	bǎi hé	3,2	N	百合	百合	(botany) lily; (ACG) (slang) yuri (genre depicting romantic or intimate relationships between women)
L7-0053	7-9	百科全书	百科全書	bǎi kē quán shū	3,1,2,1		百科全书	百科全書	encyclopedia; CL:本[ben3],集[ji2]
L7-0054	7-9	柏树	柏樹	bǎi shù	3,4	N	柏树	柏樹	cypress tree; Taiwan pr. [bo2 shu4]
L7-0055	7-9	摆放	擺放	bǎi fàng	3,4	V	摆放	擺放	to set up; to arrange; to lay out
L7-0056	7-9	摆平	擺平	bǎi píng	3,2		摆平	擺平	to be fair; to be impartial; to settle (a matter etc)
L7-0057	7-9	摆设	擺設	bǎi she	3,5	N	摆设	擺設	ornament; decorative item; (fig.) sth that is merely for show
L7-0058	7-9	拜会	拜會	bài huì	4,4	V	拜会	拜會	(often used in the context of diplomacy) to meet with; to pay a visit to; to call on
L7-0059	7-9	拜见	拜見	bài jiàn	4,4	V	拜见	拜見	to pay a formal visit; to call to pay respects; to meet one's senior or superior
L7-0060	7-9	拜年	拜年	bài nián	4,2		拜年	拜年	to pay a New Year call; to wish sb a Happy New Year
L7-0061	7-9	拜托	拜託	bài tuō	4,1	V	拜托	拜託	to request sb to do sth; please!
L7-0062	7-9	扳	扳	bān	1	V	扳	扳	to pull; to turn (sth) around; to turn around (a situation); to recoup
L7-0063	7-9	颁布	頒布	bān bù	1,4	V	颁布	頒布	to issue; to proclaim; to enact (laws, decrees etc)
L7-0064	7-9	颁发	頒發	bān fā	1,1	V	颁发	頒發	to issue; to promulgate; to award
L7-0065	7-9	颁奖	頒獎	bān jiǎng	1,3		颁奖	頒獎	to confer an award
L7-0066	7-9	斑点	斑點	bān diǎn	1,3	N	斑点	斑點	spot; stain; speckle
L7-0067	7-9	搬迁	搬遷	bān qiān	1,1	V	搬迁	搬遷	to move; to relocate; removal
L7-0068	7-9	板块	板塊	bǎn kuài	3,4	N	板块	板塊	slab; (geology) tectonic plate; (fig.) sector (of the stock market or of industry); (economic) bloc
L7-0069	7-9	办不到	辦不到	bàn bu dào	4,5,4		办不到	辦不到	cannot be done; not feasible; impossible to accomplish
L7-0070	7-9	半边天	半邊天	bàn biān tiān	4,1,1	N	半边天	半邊天	half the sky; women of the new society; womenfolk
L7-0071	7-9	半场	半場	bàn chǎng	4,3	N	半场	半場	half of a game or contest; half-court
L7-0072	7-9	半岛	半島	bàn dǎo	4,3	N	半岛	半島	peninsula
L7-0073	7-9	半路	半路	bàn lù	4,4	N	半路	半路	halfway; midway; on the way
L7-0074	7-9	半数	半數	bàn shù	4,4	N	半数	半數	half the number; half
L7-0075	7-9	半途而废	半途而廢	bàn tú ér fèi	4,2,2,4		半途而废	半途而廢	to give up halfway (idiom); leave sth unfinished
L7-0076	7-9	半信半疑	半信半疑	bàn xìn bàn yí	4,4,4,2		半信半疑	半信半疑	(idiom) half believing, half doubting; not quite convinced; skeptical
L7-0077	7-9	半真半假	半真半假	bàn zhēn bàn jiǎ	4,1,4,3		半真半假	半真半假	(idiom) half true and half false
L7-0078	7-9	扮	扮	bàn	4	V	扮	扮	to disguise oneself as; to dress up; to play (a role); to put on (an expression)
L7-0079	7-9	伴	伴	bàn	4	V/N	伴	伴	partner; companion; comrade; associate; to accompany
L7-0080	7-9	伴侣	伴侶	bàn lǚ	4,3	N	伴侣	伴侶	companion; mate; partner
L7-0081	7-9	伴随	伴隨	bàn suí	4,2	V	伴随	伴隨	to accompany; to follow; to occur together with; concomitant
L7-0082	7-9	伴奏	伴奏	bàn zòu	4,4	V	伴奏	伴奏	to accompany (musically)
L7-0083	7-9	拌	拌	bàn	4	V	拌	拌	to mix; to mix in; to toss (a salad)
L7-0084	7-9	帮手	幫手	bāng shou	1,5	N	帮手	幫手	helper; assistant
L7-0085	7-9	绑	綁	bǎng	3	V	绑	綁	to tie; bind or fasten together; to kidnap
L7-0086	7-9	绑架	綁架	bǎng jià	3,4	V	绑架	綁架	to kidnap; to abduct; to hijack; a kidnapping; abduction; staking
L7-0087	7-9	榜样	榜樣	bǎng yàng	3,4	N	榜样	榜樣	model; example (for people to follow); (in reference to a person) role model
L7-0088	7-9	棒球	棒球	bàng qiú	4,2	N	棒球	棒球	baseball; CL:個|个[ge4],隻|只[zhi1]
L7-0089	7-9	磅	磅	bàng	4	M/N	磅	磅	scale (instrument for weighing); to weigh; (loanword) pound (unit of weight, about 454 grams); (printing) point (unit used to measure the size of type); (Tw) (printing) pound; ream weight (used to describe paper thickness)
L7-0090	7-9	包袱	包袱	bāo fu	1,5	N	包袱	包袱	wrapping cloth; a bundle wrapped in cloth; load; weight; burden; funny part; punchline
L7-0091	7-9	包容	包容	bāo róng	1,2	V	包容	包容	to pardon; to forgive; to show tolerance; to contain; to hold; inclusive
L7-0092	7-9	包扎	包紮	bāo zā	1,1	V	包扎	包紮	to wrap up; to pack; to bind up (a wound)
L7-0093	7-9	剥	剝	bāo	1	V	剥	剝	to peel; to skin; to shell; to shuck
L7-0094	7-9	煲	煲	bāo	1	N/V	煲	煲	deep cooking pot; to cook slowly in such a pot
L7-0095	7-9	饱和	飽和	bǎo hé	3,2	V	饱和	飽和	saturated; filled to capacity
L7-0096	7-9	饱满	飽滿	bǎo mǎn	3,3	Adj	饱满	飽滿	full; plump
L7-0097	7-9	宝库	寶庫	bǎo kù	3,4	N	宝库	寶庫	treasure-house; treasury; treasure-trove (often fig., book of treasured wisdom)
L7-0098	7-9	宝藏	寶藏	bǎo zàng	3,4	N	宝藏	寶藏	precious mineral deposits; hidden treasure; (fig.) treasure; (Buddhism) the treasure of Buddha's law
L7-0099	7-9	保管	保管	bǎo guǎn	3,3	V/N	保管	保管	to hold in safekeeping; to have in one's care; to guarantee; certainly; surely; custodian; curator
L7-0100	7-9	保姆	保姆	bǎo mǔ	3,3	N	保姆	保姆	nanny; babysitter; housekeeper
L7-0101	7-9	保暖	保暖	bǎo nuǎn	3,3		保暖	保暖	to keep warm
L7-0102	7-9	保鲜	保鮮	bǎo xiān	3,1	V	保鲜	保鮮	to keep fresh; to preserve freshness
L7-0103	7-9	保修	保修	bǎo xiū	3,1	V	保修	保修	to promise to keep sth in good repair; guarantee; warranty
L7-0104	7-9	保佑	保佑	bǎo yòu	3,4	V	保佑	保佑	to bless and protect; blessing
L7-0105	7-9	保障	保障	bǎo zhàng	3,4	V/N	保障	保障	to ensure; to guarantee; to safeguard
L7-0106	7-9	保质期	保質期	bǎo zhì qī	3,4,1	N	保质期	保質期	shelf life; expiration date
L7-0107	7-9	保重	保重	bǎo zhòng	3,4	V	保重	保重	to take care of oneself
L7-0108	7-9	堡垒	堡壘	bǎo lěi	3,3	N	堡垒	堡壘	fort
L7-0109	7-9	报	報	bào	4	V	报	報	to report; to inform; to announce; to respond; to reply; to sign up for; to register for (abbr. for 報名|报名[bao4 ming2]); to reward; to recompense; to take revenge; to retaliate; newspaper; periodical; journal; bulletin; telegram
L7-0110	7-9	报仇	報仇	bào chóu	4,2		报仇	報仇	to take revenge; to avenge
L7-0111	7-9	报酬	報酬	bào chou	4,5	N	报酬	報酬	reward; remuneration
L7-0112	7-9	报废	報廢	bào fèi	4,4		报废	報廢	to scrap; to dispose of (sth worn-out or damaged)
L7-0113	7-9	报复	報復	bào fù	4,4	V	报复	報復	to make reprisals; to retaliate; revenge; retaliation
L7-0114	7-9	报社	報社	bào shè	4,4	N	报社	報社	newspaper (i.e. a company); CL:家[jia1]
L7-0115	7-9	报亭	報亭	bào tíng	4,2	N	报亭	報亭	kiosk; newsstand
L7-0116	7-9	报销	報銷	bào xiāo	4,1	V	报销	報銷	to submit an expense account; to apply for reimbursement; to write off; to wipe out
L7-0117	7-9	抱负	抱負	bào fù	4,4	N	抱负	抱負	aspiration; ambition
L7-0118	7-9	豹	豹	bào	4	N	豹	豹	leopard; panther
L7-0119	7-9	暴风骤雨	暴風驟雨	bào fēng zhòu yǔ	4,1,4,3		暴风骤雨	暴風驟雨	violent wind and rainstorm; hurricane; tempest
L7-0120	7-9	暴利	暴利	bào lì	4,4	N	暴利	暴利	sudden huge profits
L7-0121	7-9	暴躁	暴躁	bào zào	4,4	Adj	暴躁	暴躁	irascible; irritable
L7-0122	7-9	曝光	曝光	bào guāng	4,1		曝光	曝光	to expose (photography); (fig.) to expose (a scandal); (advertising) exposure; Taiwan pr. [pu4 guang1]
L7-0123	7-9	爆冷门	爆冷門	bào lěng mén	4,3,2		爆冷门	爆冷門	an upset (esp. in sports); unexpected turn of events; to pull off a coup; a breakthrough
L7-0124	7-9	爆满	爆滿	bào mǎn	4,3	V	爆满	爆滿	filled to capacity (of theater, stadium, gymnasium etc)
L7-0125	7-9	爆竹	爆竹	bào zhú	4,2	N	爆竹	爆竹	firecracker
L7-0126	7-9	卑鄙	卑鄙	bēi bǐ	1,3	Adj	卑鄙	卑鄙	base; mean; contemptible; despicable
L7-0127	7-9	悲哀	悲哀	bēi āi	1,1	Adj	悲哀	悲哀	grieved; sorrowful
L7-0128	7-9	悲观	悲觀	bēi guān	1,1	Adj	悲观	悲觀	pessimistic
L7-0129	7-9	悲欢离合	悲歡離合	bēi huān lí hé	1,1,2,2		悲欢离合	悲歡離合	joys and sorrows; partings and reunions; the vicissitudes of life
L7-0130	7-9	悲痛	悲痛	bēi tòng	1,4	Adj	悲痛	悲痛	grieved; sorrowful
L7-0131	7-9	碑	碑	bēi	1	N	碑	碑	a monument; an upright stone tablet; stele; CL:塊|块[kuai4],面[mian4]
L7-0132	7-9	贝壳	貝殼	bèi ké	4,2	N	贝壳	貝殼	shell (of a mollusk)
L7-0133	7-9	备课	備課	bèi kè	4,4		备课	備課	(of a teacher) to do one's lesson preparation
L7-0134	7-9	备受	備受	bèi shòu	4,4	V	备受	備受	to receive a great deal of (respect, criticism, attention etc)
L7-0135	7-9	备用	備用	bèi yòng	4,4	V	备用	備用	reserve; spare; alternate; backup
L7-0136	7-9	背面	背面	bèi miàn	4,4	N	背面	背面	the back; the reverse side; the wrong side
L7-0137	7-9	背叛	背叛	bèi pàn	4,4	V	背叛	背叛	to betray
L7-0138	7-9	背诵	背誦	bèi sòng	4,4	V	背诵	背誦	to recite; to repeat from memory
L7-0139	7-9	被捕	被捕	bèi bǔ	4,3	V	被捕	被捕	to be arrested; under arrest
L7-0140	7-9	奔波	奔波	bēn bō	1,1	V	奔波	奔波	to rush about; to be constantly on the move
L7-0141	7-9	奔赴	奔赴	bēn fù	1,4	V	奔赴	奔赴	to rush to; to hurry to
L7-0142	7-9	本分	本分	běn fèn	3,4	N/Adj	本分	本分	(to play) one's part; one's role; one's duty; (to stay within) one's bounds; dutiful; keeping to one's role
L7-0143	7-9	本能	本能	běn néng	3,2	N	本能	本能	instinct
L7-0144	7-9	本钱	本錢	běn qián	3,2	N	本钱	本錢	capital; (fig.) asset; advantage; the means (to do sth)
L7-0145	7-9	本色	本色	běn sè	3,4	N	本色	本色	inherent qualities; natural qualities; distinctive character; true qualities
L7-0146	7-9	本性	本性	běn xìng	3,4	N	本性	本性	natural instincts; nature; inherent quality
L7-0147	7-9	本意	本意	běn yì	3,4	N	本意	本意	original idea; real intention; etymon
L7-0148	7-9	本着	本著	běn zhe	3,5	Prep	本着	本著	based on...; in conformance with..; taking as one's main principle
L7-0149	7-9	奔	奔	bèn	4	V	奔	奔	to go to; to head for; towards; Taiwan pr. [ben1]
L7-0150	7-9	笨蛋	笨蛋	bèn dàn	4,4	N	笨蛋	笨蛋	(mild insult) fool; idiot; (playful) silly person
L7-0151	7-9	笨重	笨重	bèn zhòng	4,4	Adj	笨重	笨重	heavy; cumbersome; unwieldy; laborious; arduous
L7-0152	7-9	崩溃	崩潰	bēng kuì	1,4	V	崩溃	崩潰	to collapse; to crumble; to fall apart
L7-0153	7-9	绷	繃	bēng	1	V	绷	繃	to draw tight; to stretch taut; to tack (with thread or pin); (bound form) embroidery hoop; (bound form) woven bed mat
L7-0154	7-9	绷带	繃帶	bēng dài	1,4	N	绷带	繃帶	(loanword) bandage
L7-0155	7-9	蹦	蹦	bèng	4	V	蹦	蹦	to jump; to bounce; to hop
L7-0156	7-9	逼近	逼近	bī jìn	1,4	V	逼近	逼近	to press on towards; to close in on; to approach; to draw near
L7-0157	7-9	逼迫	逼迫	bī pò	1,4	V	逼迫	逼迫	to force; to compel; to coerce
L7-0158	7-9	逼真	逼真	bī zhēn	1,1	Adj	逼真	逼真	lifelike; true to life; distinctly; clearly
L7-0159	7-9	鼻涕	鼻涕	bí tì	2,4	N	鼻涕	鼻涕	nasal mucus; snivel; snot
L7-0160	7-9	比比皆是	比比皆是	bǐ bǐ jiē shì	3,3,1,4		比比皆是	比比皆是	can be found everywhere
L7-0161	7-9	比不上	比不上	bǐ bù shàng	3,4,4		比不上	比不上	can't compare with
L7-0162	7-9	比起	比起	bǐ qǐ	3,3		比起	比起	compared with
L7-0163	7-9	比试	比試	bǐ shì	3,4	V	比试	比試	to have a competition; to measure with one's hand or arm; to make a gesture of measuring
L7-0164	7-9	比喻	比喻	bǐ yù	3,4	N/V	比喻	比喻	to compare; to liken to; metaphor; analogy; figure of speech; figuratively
L7-0165	7-9	鄙视	鄙視	bǐ shì	3,4	V	鄙视	鄙視	to despise; to disdain; to look down upon
L7-0166	7-9	必不可少	必不可少	bì bù kě shǎo	4,4,3,3		必不可少	必不可少	absolutely necessary; indispensable; essential
L7-0167	7-9	必定	必定	bì dìng	4,4	Adv	必定	必定	to be bound to; to be sure to
L7-0168	7-9	碧绿	碧綠	bì lǜ	4,4	Adj	碧绿	碧綠	dark green
L7-0169	7-9	弊病	弊病	bì bìng	4,4	N	弊病	弊病	malady; evil; malpractice; drawback; disadvantage
L7-0170	7-9	弊端	弊端	bì duān	4,1	N	弊端	弊端	systemic problem (sometimes refers specifically to corrupt practices)
L7-0171	7-9	壁画	壁畫	bì huà	4,4	N	壁画	壁畫	mural (painting); fresco
L7-0172	7-9	避难	避難	bì nàn	4,4		避难	避難	to take refuge; to seek asylum
L7-0173	7-9	避暑	避暑	bì shǔ	4,3		避暑	避暑	to be away for the summer holidays; to spend a holiday at a summer resort; to prevent sunstroke
L7-0174	7-9	边疆	邊疆	biān jiāng	1,1	N	边疆	邊疆	border area; borderland; frontier; frontier region
L7-0175	7-9	边界	邊界	biān jiè	1,4	N	边界	邊界	boundary; border
L7-0176	7-9	边远	邊遠	biān yuǎn	1,3	Adj	边远	邊遠	far from the center; remote; outlying
L7-0177	7-9	编号	編號	biān hào	1,4	N	编号	編號	to number; to assign numbers; serial number
L7-0178	7-9	编剧	編劇	biān jù	1,4	N	编剧	編劇	to write a play; scenario; dramatist; screenwriter
L7-0179	7-9	编排	編排	biān pái	1,2	V	编排	編排	to arrange; to lay out
L7-0180	7-9	编写	編寫	biān xiě	1,3	V	编写	編寫	to compile
L7-0181	7-9	编造	編造	biān zào	1,4	V	编造	編造	to compile; to draw up; to fabricate; to invent; to concoct; to make up; to cook up
L7-0182	7-9	鞭策	鞭策	biān cè	1,4	V	鞭策	鞭策	to spur on; to urge on; to encourage sb (e.g. to make progress)
L7-0183	7-9	鞭炮	鞭炮	biān pào	1,4	N	鞭炮	鞭炮	firecrackers; string of small firecrackers; CL:枚[mei2]
L7-0184	7-9	贬值	貶值	biǎn zhí	3,2	V	贬值	貶值	to become devaluated; to devaluate; to depreciate
L7-0185	7-9	变革	變革	biàn gé	4,2	V	变革	變革	to transform; to change
L7-0186	7-9	变幻莫测	變幻莫測	biàn huàn mò cè	4,4,4,4		变幻莫测	變幻莫測	to change unpredictably; unpredictable; erratic; treacherous
L7-0187	7-9	变迁	變遷	biàn qiān	4,1	V/N	变迁	變遷	changes; vicissitudes
L7-0188	7-9	变异	變異	biàn yì	4,4	V	变异	變異	variation
L7-0189	7-9	变质	變質	biàn zhì	4,4		变质	變質	to degenerate; to deteriorate; (of food) to go bad; to go off; (geology) metamorphism
L7-0190	7-9	便道	便道	biàn dào	4,4	N	便道	便道	pavement; sidewalk; shortcut; makeshift road
L7-0191	7-9	便饭	便飯	biàn fàn	4,4	N	便饭	便飯	an ordinary meal; simple home cooking
L7-0192	7-9	便捷	便捷	biàn jié	4,2	Adj	便捷	便捷	convenient and fast
L7-0193	7-9	便利店	便利店	biàn lì diàn	4,4,4	N	便利店	便利店	convenience store
L7-0194	7-9	遍布	遍布	biàn bù	4,4	V	遍布	遍布	to cover the whole (area); to be found throughout
L7-0195	7-9	辨别	辨別	biàn bié	4,2	V	辨别	辨別	to distinguish; to differentiate; to discern; to recognize; to tell
L7-0196	7-9	辨认	辨認	biàn rèn	4,4	V	辨认	辨認	to recognize; to identify
L7-0197	7-9	辩	辯	biàn	4	V	辩	辯	to dispute; to debate; to argue; to discuss
L7-0198	7-9	辩护	辯護	biàn hù	4,4	V	辩护	辯護	to speak in defense of; to argue in favor of; to defend; to plead
L7-0199	7-9	辩解	辯解	biàn jiě	4,3	V	辩解	辯解	to explain; to justify; to defend (a point of view etc); to provide an explanation; to try to defend oneself
L7-0200	7-9	辫子	辮子	biàn zi	4,5	N	辫子	辮子	plait; braid; pigtail; a mistake or shortcoming that may be exploited by an opponent; handle; CL:根[gen1],條|条[tiao2]
L7-0201	7-9	标	標	biāo	1	V	标	標	mark; sign; label; to mark with a symbol, label, lettering etc; to bear (a brand name, registration number etc); prize; award; bid; target; quota; (old) the topmost branches of a tree; visible symptom; classifier for military units
L7-0202	7-9	标榜	標榜	biāo bǎng	1,3	V	标榜	標榜	to flaunt; to advertise; to parade; boost; excessive praise
L7-0203	7-9	标本	標本	biāo běn	1,3	N	标本	標本	specimen; sample; the root cause and symptoms of a disease
L7-0204	7-9	标签	標籤	biāo qiān	1,1	N	标签	標籤	label; tag; (computing) tab (GUI element)
L7-0205	7-9	标示	標示	biāo shì	1,4	V	标示	標示	to indicate
L7-0206	7-9	标语	標語	biāo yǔ	1,3	N	标语	標語	written slogan; placard; CL:幅[fu2],張|张[zhang1],條|条[tiao2]
L7-0207	7-9	标致	標致	Biāo zhì	1,4	Adj	标致	標致	Peugeot (automobile brand)
L7-0208	7-9	飙升	飆升	biāo shēng	1,1	V	飙升	飆升	to rise rapidly; to soar
L7-0209	7-9	表白	表白	biǎo bái	3,2	V	表白	表白	to explain oneself; to express; to reveal one's thoughts or feelings; declaration; confession
L7-0210	7-9	表决	表決	biǎo jué	3,2	V	表决	表決	to decide by vote; to vote
L7-0211	7-9	表述	表述	biǎo shù	3,4	V	表述	表述	to express; to articulate; to formulate
L7-0212	7-9	表率	表率	biǎo shuài	3,4	N	表率	表率	example; model
L7-0213	7-9	表态	表態	biǎo tài	3,4		表态	表態	to declare one's position; to say where one stands
L7-0214	7-9	表彰	表彰	biǎo zhāng	3,1	V	表彰	表彰	to honor; to commend; to cite (in dispatches)
L7-0215	7-9	憋	憋	biē	1	V/Adj	憋	憋	to choke; to stifle; to restrain; to hold back; to hold in (urine); to hold (one's breath)
L7-0216	7-9	别具匠心	別具匠心	bié jù jiàng xīn	2,4,4,1		别具匠心	別具匠心	to show ingenuity; (of a design) clever; brilliantly conceived
L7-0217	7-9	别看	別看	bié kàn	2,4	Conj	别看	別看	don't be fooled by the fact that
L7-0218	7-9	别墅	別墅	bié shù	2,4	N	别墅	別墅	villa; CL:幢[zhuang4],座[zuo4]
L7-0219	7-9	别说	別說	bié shuō	2,1	Conj	别说	別說	to say nothing of; not to mention; let alone
L7-0220	7-9	别提了	別提了	bié tí le	2,2,5		别提了	別提了	say no more; don't bring it up; drop the subject
L7-0221	7-9	别致	別緻	bié zhì	2,4	Adj	别致	別緻	unusual; unique
L7-0222	7-9	别扭	彆扭	biè niu	4,5	Adj	别扭	彆扭	awkward; difficult; uncomfortable; not agreeing; at loggerheads; gauche
L7-0223	7-9	彬彬有礼	彬彬有禮	bīn bīn yǒu lǐ	1,1,3,3		彬彬有礼	彬彬有禮	refined and courteous; urbane
L7-0224	7-9	滨海	濱海	bīn hǎi	1,3		滨海	濱海	coastal; bordering the sea
L7-0225	7-9	缤纷	繽紛	bīn fēn	1,1	Adj	缤纷	繽紛	vast and various; rich and diverse
L7-0226	7-9	冰棍儿	冰棍兒	bīng gùn r	1,4,5	N	冰棍儿	冰棍兒	ice lolly; popsicle
L7-0227	7-9	冰山	冰山	bīng shān	1,1	N	冰山	冰山	iceberg; ice-covered mountain; (fig.) a backer one cannot rely on for long; CL:座[zuo4]
L7-0228	7-9	丙	丙	bǐng	3	N	丙	丙	third of the ten Heavenly Stems 十天干[shi2 tian1 gan1]; third in order; letter "C" or Roman "III" in list "A, B, C", or "I, II, III" etc; ancient Chinese compass point: 165°; propyl
L7-0229	7-9	秉承	秉承	bǐng chéng	3,2	V	秉承	秉承	to take orders; to receive commands; to carry on (a tradition)
L7-0230	7-9	并非	並非	bìng fēi	4,1	V	并非	並非	really isn't
L7-0231	7-9	并购	併購	bìng gòu	4,4	V	并购	併購	merger and acquisition (M and A); acquisition; to take over
L7-0232	7-9	并列	並列	bìng liè	4,4	V	并列	並列	to stand side by side; to be juxtaposed
L7-0233	7-9	并行	並行	bìng xíng	4,2	V	并行	並行	to proceed in parallel; side by side (of two processes, developments, thoughts etc)
L7-0234	7-9	病床	病床	bìng chuáng	4,2	N	病床	病床	hospital bed; sickbed
L7-0235	7-9	病症	病症	bìng zhèng	4,4	N	病症	病症	disease; illness
L7-0236	7-9	拨	撥	bō	1	V	拨	撥	to push aside with the hand, foot, a stick etc; to dial; to allocate; to set aside (money); to poke (the fire); to pluck (a string instrument); to turn round; classifier: group, batch
L7-0237	7-9	拨款	撥款	bō kuǎn	1,3	N	拨款	撥款	to allocate funds; appropriation
L7-0238	7-9	拨通	撥通	bō tōng	1,1		拨通	撥通	to get through to sb on the phone
L7-0239	7-9	波及	波及	bō jí	1,2	V	波及	波及	to spread to; to involve; to affect
L7-0240	7-9	波澜	波瀾	bō lán	1,2	N	波澜	波瀾	billows; great waves (fig. of a story with great momentum)
L7-0241	7-9	波涛	波濤	bō tāo	1,1	N	波涛	波濤	billows; great waves; surging waves
L7-0242	7-9	波折	波折	bō zhé	1,2	N	波折	波折	twists and turns
L7-0243	7-9	剥夺	剝奪	bō duó	1,2	V	剥夺	剝奪	to deprive; to expropriate; to strip (sb of his property)
L7-0244	7-9	剥削	剝削	bō xuē	1,1	V/N	剥削	剝削	to exploit; exploitation
L7-0245	7-9	伯伯	伯伯	bó bo	2,5	N	伯伯	伯伯	father's elder brother; uncle
L7-0246	7-9	伯父	伯父	bó fù	2,4	N	伯父	伯父	father's elder brother; term of respect for older man; CL:個|个[ge4]
L7-0247	7-9	伯母	伯母	bó mǔ	2,3	N	伯母	伯母	wife of father's elder brother; aunt; (polite form of address for a woman who is about the age of one's mother); CL:個|个[ge4]
L7-0248	7-9	驳回	駁回	bó huí	2,2	V	驳回	駁回	to reject; to turn down; to overrule
L7-0249	7-9	脖子	脖子	bó zi	2,5	N	脖子	脖子	neck; CL:個|个[ge4]
L7-0250	7-9	搏斗	搏鬥	bó dòu	2,4	V	搏斗	搏鬥	to wrestle; to fight; to struggle
L7-0251	7-9	不定	不定	bù dìng	4,4	Adj/Adv	不定	不定	indefinite; indeterminate; (botany) adventitious
L7-0252	7-9	不见得	不見得	bù jiàn de	4,4,5	Adv	不见得	不見得	not necessarily; not likely
L7-0253	7-9	不利于	不利於	bùlì yú			不利于	不利於	to be unfavorable or detrimental to
L7-0254	7-9	不慎	不慎	bù shèn	4,4	Adj	不慎	不慎	incautious; inattentive
L7-0255	7-9	不适	不適	bù shì	4,4	Adj	不适	不適	unwell; indisposed; out of sorts
L7-0256	7-9	不算	不算	bù suàn	4,4		不算	不算	to not calculate; to not count; to not be considered (as); to have no weight
L7-0257	7-9	不像话	不像話	bù xiàng huà	4,4,4	Adj	不像话	不像話	unreasonable; shocking; outrageous
L7-0258	7-9	不屑	不屑	bù xiè	4,4	V	不屑	不屑	to disdain to do sth; to think sth not worth doing; to feel it beneath one's dignity
L7-0259	7-9	不懈	不懈	bù xiè	4,4	Adj	不懈	不懈	untiring; unremitting; indefatigable
L7-0260	7-9	不亚于	不亞於	bù yà yú	4,4,2	V	不亚于	不亞於	no less than; not inferior to
L7-0261	7-9	不亦乐乎	不亦樂乎	bù yì lè hū	4,4,4,1		不亦乐乎	不亦樂乎	lit. isn't that a joy? (quote from Confucius); fig. (jocular) extremely; awfully
L7-0262	7-9	不翼而飞	不翼而飛	bù yì ér fēi	4,4,2,1		不翼而飞	不翼而飛	to disappear without trace; to vanish all of a sudden; to spread fast; to spread like wildfire
L7-0263	7-9	不用说	不用說	bù yòng shuō	4,4,1		不用说	不用說	needless to say; it goes without saying
L7-0264	7-9	不正之风	不正之風	bù zhèng zhī fēng	4,4,1,1		不正之风	不正之風	unhealthy tendency
L7-0265	7-9	补给	補給	bǔ jǐ	3,3	V/N	补给	補給	supply; replenishment; to replenish
L7-0266	7-9	补救	補救	bǔ jiù	3,4	V	补救	補救	to remedy
L7-0267	7-9	捕捉	捕捉	bǔ zhuō	3,1	V	捕捉	捕捉	to catch; to seize; to capture
L7-0268	7-9	哺育	哺育	bǔ yù	3,4	V	哺育	哺育	to feed; (fig.) to nurture; to foster
L7-0269	7-9	不耻下问	不恥下問	bù chǐ xià wèn	4,3,4,4		不耻下问	不恥下問	not feel ashamed to ask and learn from one's subordinates
L7-0270	7-9	不辞而别	不辭而別	bù cí ér bié	4,2,2,2		不辞而别	不辭而別	to leave without saying good-bye
L7-0271	7-9	不得而知	不得而知	bù dé ér zhī	4,2,2,1		不得而知	不得而知	unknown; unable to find out
L7-0272	7-9	不得已	不得已	bù dé yǐ	4,2,3	Adj	不得已	不得已	to act against one's will; to have no alternative but to; to have to; to have no choice; must
L7-0273	7-9	不妨	不妨	bù fáng	4,2	Adv	不妨	不妨	there is no harm in; might as well
L7-0274	7-9	不服	不服	bù fú	4,2	V	不服	不服	not to accept sth; to want to have sth overruled or changed; to refuse to obey or comply; to refuse to accept as final; to remain unconvinced by; not to give in to
L7-0275	7-9	不服气	不服氣	bù fú qì	4,2,4		不服气	不服氣	unwilling to concede; defiant; indignant; to find it galling
L7-0276	7-9	不假思索	不假思索	bù jiǎ sī suǒ	4,3,1,3		不假思索	不假思索	(idiom) to act without taking time to think; to react instantly; to fire from the hip
L7-0277	7-9	不解	不解	bù jiě	4,3	V	不解	不解	to not understand; to be puzzled by; indissoluble
L7-0278	7-9	不经意	不經意	bù jīng yì	4,1,4	V	不经意	不經意	not paying attention; carelessly; by accident
L7-0279	7-9	不景气	不景氣	bù jǐng qì	4,3,4	Adj	不景气	不景氣	slack; in a slump
L7-0280	7-9	不堪	不堪	bù kān	4,1	V/Adj	不堪	不堪	cannot bear; cannot stand; utterly; extremely
L7-0281	7-9	不可避免	不可避免	bù kě bì miǎn	4,3,4,3		不可避免	不可避免	(idiom) inevitable; unavoidable
L7-0282	7-9	不可思议	不可思議	bù kě sī yì	4,3,1,4		不可思议	不可思議	(idiom) inconceivable; unimaginable; unfathomable
L7-0283	7-9	不肯	不肯	bù kěn			不肯	不肯	to refuse to; to be unwilling to
L7-0284	7-9	不理	不理	bù lǐ	4,3		不理	不理	to refuse to acknowledge; to pay no attention to; to take no notice of; to ignore
L7-0285	7-9	不了了之	不了了之	bù liǎo liǎo zhī	4,3,3,1		不了了之	不了了之	to settle a matter by leaving it unsettled; to end up with nothing definite
L7-0286	7-9	不难	不難	bù nán			不难	不難	not difficult
L7-0287	7-9	不平	不平	bù píng	4,2	Adj/N	不平	不平	uneven; injustice; unfairness; wrong; grievance; indignant; dissatisfied
L7-0288	7-9	不起眼	不起眼	bù qǐ yǎn	4,3,3		不起眼	不起眼	unremarkable; nothing out of the ordinary
L7-0289	7-9	不容	不容	bù róng	4,2	V	不容	不容	must not; cannot; to not allow; cannot tolerate
L7-0290	7-9	不如说	不如說	bùrú shuō			不如说	不如說	rather; it would be better to say
L7-0291	7-9	不同寻常	不同尋常	bù tóng xún cháng	4,2,2,2		不同寻常	不同尋常	out of the ordinary; unusual
L7-0292	7-9	不为人知	不為人知	bù wéi rén zhī	4,2,2,1		不为人知	不為人知	not known to anyone; secret; unknown
L7-0293	7-9	不惜	不惜	bù xī	4,1	V	不惜	不惜	not stint; not spare; not hesitate (to do sth); not scruple (to do sth)
L7-0294	7-9	不相上下	不相上下	bù xiāng shàng xià	4,1,4,4		不相上下	不相上下	equally matched; about the same
L7-0295	7-9	不宜	不宜	bù yí	4,2	V	不宜	不宜	not suitable; inadvisable; inappropriate
L7-0296	7-9	不已	不已	bù yǐ	4,3	V	不已	不已	(used after a verb) endlessly; incessantly
L7-0297	7-9	不以为然	不以為然	bù yǐ wéi rán	4,3,2,2		不以为然	不以為然	not to accept as correct (idiom); to object; to disapprove; to take exception to
L7-0298	7-9	不由得	不由得	bù yóu de	4,2,5	V/Adv	不由得	不由得	can't help; cannot but
L7-0299	7-9	不由自主	不由自主	bù yóu zì zhǔ	4,2,4,3		不由自主	不由自主	(idiom) can't help but; involuntarily
L7-0300	7-9	不予	不予	bù yǔ			不予	不予	not to grant; to withhold
L7-0301	7-9	不约而同	不約而同	bù yuē ér tóng	4,1,2,2		不约而同	不約而同	(idiom) (of two or more people) to take the same action without prior consultation; (usu. used adverbially) all (or both) of them, independently; as if by prior agreement
L7-0302	7-9	不知	不知	bù zhī	4,1	V	不知	不知	not to know; unaware; unknowingly; fig. not to admit (defeat, hardships, tiredness etc)
L7-0303	7-9	不知不觉	不知不覺	bù zhī bù jué	4,1,4,2		不知不觉	不知不覺	(idiom) unconsciously; unwittingly
L7-0304	7-9	不准	不准	bù zhǔn	4,3		不准	不准	not to allow; to forbid; to prohibit
L7-0305	7-9	布局	佈局	bù jú	4,2	N/V	布局	佈局	arrangement; composition; layout; opening (chess jargon)
L7-0306	7-9	步伐	步伐	bù fá	4,2	N	步伐	步伐	pace; (measured) step; march
L7-0307	7-9	步入	步入	bù rù	4,4	V	步入	步入	to step into; to enter
L7-0308	7-9	步骤	步驟	bù zhòu	4,4	N	步骤	步驟	procedure; step
L7-0309	7-9	部件	部件	bù jiàn	4,4	N	部件	部件	part; component
L7-0310	7-9	部署	部署	bù shǔ	4,3	V	部署	部署	to dispose; to deploy; deployment
L7-0311	7-9	猜谜	猜謎	cāi mí	1,2		猜谜	猜謎	to answer a riddle; to guess (i.e. form an opinion without much evidence)
L7-0312	7-9	猜想	猜想	cāi xiǎng	1,3	V	猜想	猜想	to guess; to conjecture; to suppose; (math.) hypothesis
L7-0313	7-9	才华	才華	cái huá	2,2	N	才华	才華	talent; CL:份[fen4]
L7-0314	7-9	财经	財經	cái jīng	2,1	N	财经	財經	finance and economics
L7-0315	7-9	财力	財力	cái lì	2,4	N	财力	財力	financial resources
L7-0316	7-9	财务	財務	cái wù	2,4	N	财务	財務	financial affairs; finance
L7-0317	7-9	财物	財物	cái wù	2,4	N	财物	財物	property; belongings
L7-0318	7-9	财政	財政	cái zhèng	2,4	N	财政	財政	public finance; government finance
L7-0319	7-9	裁	裁	cái	2	V	裁	裁	to cut out (as a dress); to cut; to trim; to reduce; to diminish; to cut back (e.g. on staff); decision; judgment
L7-0320	7-9	裁定	裁定	cái dìng	2,4	V	裁定	裁定	ruling
L7-0321	7-9	裁决	裁決	cái jué	2,2	V	裁决	裁決	ruling; adjudication
L7-0322	7-9	采	採	cǎi	3	V	采	採	to pick; to pluck; to collect; to select; to choose; to gather
L7-0323	7-9	采集	採集	cǎi jí	3,2	V	采集	採集	to gather; to collect; to harvest
L7-0324	7-9	采矿	採礦	cǎi kuàng	3,4		采矿	採礦	mining
L7-0325	7-9	彩电	彩電	cǎi diàn	3,4	N	彩电	彩電	color television (abbr. for 彩色電視|彩色电视[cai3 se4 dian4 shi4])
L7-0326	7-9	彩虹	彩虹	cǎi hóng	3,2	N	彩虹	彩虹	rainbow; CL:道[dao4]
L7-0327	7-9	彩霞	彩霞	cǎi xiá	3,2	N	彩霞	彩霞	clouds tinged with sunset hues
L7-0328	7-9	菜市场	菜市場	cài shì chǎng	4,4,3	N	菜市场	菜市場	food market
L7-0329	7-9	参见	參見	cān jiàn	1,4	V	参见	參見	to refer to; see also; compare (cf.); to pay respect to
L7-0330	7-9	参军	參軍	cān jūn	1,1		参军	參軍	to join the army; (official title in imperial China) military adviser; aide-de-camp
L7-0331	7-9	参谋	參謀	cān móu	1,2	V/N	参谋	參謀	staff officer; to give advice
L7-0332	7-9	参照	參照	cān zhào	1,4	V	参照	參照	to consult a reference; to refer to (another document)
L7-0333	7-9	餐桌	餐桌	cān zhuō	1,1	N	餐桌	餐桌	dining table; dinner table; CL:張|张[zhang1]
L7-0334	7-9	残	殘	cán	2	V	残	殘	to destroy; to spoil; to ruin; to injure; cruel; oppressive; savage; brutal; incomplete; disabled; to remain; to survive; remnant; surplus
L7-0335	7-9	残留	殘留	cán liú	2,2	V	残留	殘留	to remain; to be left over; residual; remnant; residue
L7-0336	7-9	残缺	殘缺	cán quē	2,1	V	残缺	殘缺	badly damaged; shattered
L7-0337	7-9	残忍	殘忍	cán rěn	2,3	Adj	残忍	殘忍	cruel; merciless; ruthless
L7-0338	7-9	惭愧	慚愧	cán kuì	2,4	Adj	惭愧	慚愧	ashamed
L7-0339	7-9	惨白	慘白	cǎn bái	3,2	Adj	惨白	慘白	deathly pale
L7-0340	7-9	惨痛	慘痛	cǎn tòng	3,4	Adj	惨痛	慘痛	bitter; painful; deeply distressed
L7-0341	7-9	惨重	慘重	cǎn zhòng	3,4	Adj	惨重	慘重	disastrous
L7-0342	7-9	灿烂	燦爛	càn làn	4,4	Adj	灿烂	燦爛	to glitter; brilliant; splendid
L7-0343	7-9	苍蝇	蒼蠅	cāng ying	1,5	N	苍蝇	蒼蠅	housefly; CL:隻|只[zhi1]
L7-0344	7-9	沧桑	滄桑	cāng sāng	1,1	N	沧桑	滄桑	great changes; ups and downs; vicissitudes; abbr. of 滄海桑田|沧海桑田[cang1 hai3 sang1 tian2]
L7-0345	7-9	舱	艙	cāng	1	N	舱	艙	cabin; the hold of a ship or airplane
L7-0346	7-9	藏匿	藏匿	cáng nì	2,4	V	藏匿	藏匿	to cover up; to conceal; to go into hiding
L7-0347	7-9	藏品	藏品	cáng pǐn	2,3	N	藏品	藏品	museum piece; collector's item; precious object
L7-0348	7-9	藏身	藏身	cáng shēn	2,1	V	藏身	藏身	to hide; to go into hiding; to take refuge
L7-0349	7-9	操控	操控	cāo kòng	1,4	V	操控	操控	to control; to manipulate
L7-0350	7-9	操劳	操勞	cāo láo	1,2	V	操劳	操勞	to work hard; to look after
L7-0351	7-9	操心	操心	cāo xīn	1,1		操心	操心	to worry about
L7-0352	7-9	槽	槽	cáo	2	N	槽	槽	trough; manger; groove; channel; (Tw) (computing) hard drive
L7-0353	7-9	草案	草案	cǎo àn	3,4	N	草案	草案	draft (legislation, proposal etc)
L7-0354	7-9	草坪	草坪	cǎo píng	3,2	N	草坪	草坪	lawn
L7-0355	7-9	侧面	側面	cè miàn	4,4	N	侧面	側面	lateral side; side; aspect; profile
L7-0356	7-9	侧重	側重	cè zhòng	4,4	V	侧重	側重	to place particular emphasis on
L7-0357	7-9	测算	測算	cè suàn	4,4	V	测算	測算	to take measurements and calculate
L7-0358	7-9	测验	測驗	cè yàn	4,4	V/N	测验	測驗	test; to test; CL:次[ci4],個|个[ge4]
L7-0359	7-9	层出不穷	層出不窮	céng chū bù qióng	2,1,4,2		层出不穷	層出不窮	more and more emerge; innumerable succession; breeding like flies (idiom)
L7-0360	7-9	蹭	蹭	cèng	4	V	蹭	蹭	to rub against; to walk slowly; (coll.) to freeload
L7-0361	7-9	差错	差錯	chā cuò	1,4	N	差错	差錯	mistake; slip-up; fault; error; accident; mishap
L7-0362	7-9	差额	差額	chā é	1,2	N	差额	差額	balance (financial); discrepancy (in a sum or quota); difference
L7-0363	7-9	插手	插手	chā shǒu	1,3		插手	插手	to get involved in; to meddle; interference
L7-0364	7-9	插图	插圖	chā tú	1,2	N	插图	插圖	illustration
L7-0365	7-9	插嘴	插嘴	chā zuǐ	1,3		插嘴	插嘴	to interrupt (sb talking); to butt in; to cut into a conversation
L7-0366	7-9	茶道	茶道	chá dào	2,4	N	茶道	茶道	Japanese tea ceremony; sado
L7-0367	7-9	茶馆儿	茶館兒	chá guǎn r	2,3,5	N	茶馆儿	茶館兒	erhua form of 茶館|茶馆[cha2 guan3]
L7-0368	7-9	查处	查處	chá chǔ	2,3	V	查处	查處	to investigate and handle (a criminal case)
L7-0369	7-9	查明	查明	chá míng	2,2	V	查明	查明	to investigate and find out; to ascertain
L7-0370	7-9	查找	查找	chá zhǎo	2,3	V	查找	查找	to search for; to look up
L7-0371	7-9	察觉	察覺	chá jué	2,2	V	察觉	察覺	to sense; to perceive; to become aware of; to detect
L7-0372	7-9	察看	察看	chá kàn	2,4	V	察看	察看	to watch; to look carefully at
L7-0373	7-9	诧异	詫異	chà yì	4,4	Adj	诧异	詫異	flabbergasted; astonished
L7-0374	7-9	掺	摻	chān	1	V	掺	摻	to mix; to blend; to dilute; to adulterate
L7-0375	7-9	搀	攙	chān	1	V	搀	攙	to take by the arm and assist; variant of 摻|掺[chan1]
L7-0376	7-9	馋	饞	chán	2	Adj/V	馋	饞	gluttonous; greedy; to have a craving
L7-0377	7-9	禅杖	禪杖	chán zhàng	2,4	N	禅杖	禪杖	the staff of a Buddhist monk
L7-0378	7-9	缠	纏	chán	2	V	缠	纏	to wind around; to wrap round; to coil; tangle; to involve; to bother; to annoy
L7-0379	7-9	产	產	chǎn	3	V	产	產	to give birth; to reproduce; to produce; product; resource; estate; property
L7-0380	7-9	产地	產地	chǎn dì	3,4	N	产地	產地	source (of a product); place of origin; manufacturing location
L7-0381	7-9	产物	產物	chǎn wù	3,4	N	产物	產物	product; result (of)
L7-0382	7-9	产值	產值	chǎn zhí	3,2	N	产值	產值	value of output; output value
L7-0383	7-9	铲	剷	chǎn	3	V	铲	剷|鏟	to scrape the ground with a spade (to make it level or to remove weeds); to shovel
L7-0384	7-9	铲子	鏟子	chǎn zi	3,5	N	铲子	鏟子	shovel; spade; trowel; spatula (kitchen utensil); CL:把[ba3]
L7-0385	7-9	阐述	闡述	chǎn shù	3,4	V	阐述	闡述	to expound (a position); to elaborate (on a topic); to treat (a subject)
L7-0386	7-9	颤抖	顫抖	chàn dǒu	4,3	V	颤抖	顫抖	to shudder; to shiver; to shake; to tremble
L7-0387	7-9	猖狂	猖狂	chāng kuáng	1,2	Adj	猖狂	猖狂	savage; furious
L7-0388	7-9	长达	長達	cháng dá	2,2		长达	長達	to extend as long as; to lengthen out to
L7-0389	7-9	长期以来	長期以來	cháng qī yǐ lái	2,1,3,2		长期以来	長期以來	for a long time
L7-0390	7-9	长效	長效	cháng xiào	2,4	N/Adj	长效	長效	to be effective over an extended period
L7-0391	7-9	长征	長征	cháng zhēng	2,1	N	长征	長征	expedition; long journey
L7-0392	7-9	长足	長足	cháng zú	2,2	Adj	长足	長足	remarkable (progress, improvement, expansion etc)
L7-0393	7-9	常理	常理	cháng lǐ	2,3	N	常理	常理	common sense; conventional reasoning and morals
L7-0394	7-9	常人	常人	cháng rén	2,2	N	常人	常人	ordinary person
L7-0395	7-9	常态	常態	cháng tài	2,4	N	常态	常態	normal state
L7-0396	7-9	常温	常溫	cháng wēn	2,1	N	常温	常溫	room temperature; ordinary temperatures
L7-0397	7-9	偿还	償還	cháng huán	2,2	V	偿还	償還	to repay; to reimburse
L7-0398	7-9	嫦娥	嫦娥	Cháng é	2,2	N	嫦娥	嫦娥	Chang'e, the lady in the moon (Chinese mythology); one of the Chang'e series of PRC lunar spacecraft
L7-0399	7-9	厂家	廠家	chǎng jiā	3,1	N	厂家	廠家	factory; manufacturer; (coll.) a factory owner; the factory management
L7-0400	7-9	敞开	敞開	chǎng kāi	3,1	V	敞开	敞開	to open wide; unrestrictedly
L7-0401	7-9	畅谈	暢談	chàng tán	4,2	V	畅谈	暢談	to talk freely; to discuss without inhibition
L7-0402	7-9	畅销	暢銷	chàng xiāo	4,1	V	畅销	暢銷	to sell well; bestselling; chart-topping
L7-0403	7-9	倡议	倡議	chàng yì	4,4	V/N	倡议	倡議	to suggest; to initiate; proposal; initiative
L7-0404	7-9	抄袭	抄襲	chāo xí	1,2	V	抄袭	抄襲	to plagiarize; to copy; to attack the flank or rear of an enemy
L7-0405	7-9	钞票	鈔票	chāo piào	1,4	N	钞票	鈔票	paper money; a bill (e.g. 100 yuan); CL:張|张[zhang1],紮|扎[za1]
L7-0406	7-9	超标	超標	chāo biāo	1,1		超标	超標	to cross the limit; to be over the accepted norm; excessive
L7-0407	7-9	超车	超車	chāo chē	1,1		超车	超車	to overtake (another car)
L7-0408	7-9	超前	超前	chāo qián	1,2	Adj/V	超前	超前	to be ahead of one's time; to surpass or outdo one's predecessors; to be ahead of the pack; to take the lead; advanced
L7-0409	7-9	超速	超速	chāo sù	1,4	V	超速	超速	to exceed the speed limit; to speed; high-speed
L7-0410	7-9	朝代	朝代	cháo dài	2,4	N	朝代	朝代	dynasty; reign (of a king)
L7-0411	7-9	朝着	朝著	cháo zhe	2,5		朝着	朝著	towards
L7-0412	7-9	嘲弄	嘲弄	cháo nòng	2,4	V	嘲弄	嘲弄	to tease; to poke fun at; to make fun of
L7-0413	7-9	嘲笑	嘲笑	cháo xiào	2,4	V	嘲笑	嘲笑	to jeer at; to deride; to ridicule; mockery; derision
L7-0414	7-9	吵嘴	吵嘴	chǎo zuǐ	3,3		吵嘴	吵嘴	to quarrel
L7-0415	7-9	车道	車道	chē dào	1,4	N	车道	車道	traffic lane; driveway
L7-0416	7-9	车祸	車禍	chē huò	1,4	N	车祸	車禍	traffic accident; car crash; CL:起[qi3]
L7-0417	7-9	车间	車間	chē jiān	1,1	N	车间	車間	workshop; CL:個|个[ge4]
L7-0418	7-9	车轮	車輪	chē lún	1,2	N	车轮	車輪	wheel
L7-0419	7-9	车速	車速	chē sù	1,4	N	车速	車速	vehicle speed
L7-0420	7-9	车位	車位	chē wèi	1,4	N	车位	車位	parking spot; unloading point; garage place; stand for taxi
L7-0421	7-9	车厢	車廂	chē xiāng	1,1	N	车厢	車廂	carriage; CL:節|节[jie2]
L7-0422	7-9	车型	車型	chē xíng	1,2	N	车型	車型	vehicle model (i.e. particular version of a car or motorcycle etc)
L7-0423	7-9	车轴	車軸	chē zhóu	1,2	N	车轴	車軸	axle; CL:根[gen1]
L7-0424	7-9	扯	扯	chě	3	V	扯	扯	to pull; to tear; (of cloth, thread etc) to buy; to chat; to gossip; (coll.) (Tw) ridiculous; hokey
L7-0425	7-9	彻夜	徹夜	chè yè	4,4	Adv	彻夜	徹夜	the whole night
L7-0426	7-9	撤	撤	chè	4	V	撤	撤	to remove; to take away
L7-0427	7-9	撤换	撤換	chè huàn	4,4	V	撤换	撤換	to dismiss and replace (sb); to replace (sb or sth)
L7-0428	7-9	沉甸甸	沉甸甸	chén diàn diàn	2,4,4	Adj	沉甸甸	沉甸甸	heavy
L7-0429	7-9	沉淀	沉澱	chén diàn	2,4	V/N	沉淀	沉澱	(chemistry) to settle; to precipitate; (chemistry) sediment; precipitate; (fig.) (of emotions, thoughts, experience etc) to settle and be absorbed over time; to take shape gradually (through reflection or maturation)
L7-0430	7-9	沉浸	沉浸	chén jìn	2,4	V	沉浸	沉浸	to soak; to permeate; to immerse
L7-0431	7-9	沉闷	沉悶	chén mèn	2,4	Adj	沉闷	沉悶	oppressive (of weather); heavy; depressed; not happy; (of sound) dull; muffled
L7-0432	7-9	沉迷	沉迷	chén mí	2,2	V	沉迷	沉迷	to be engrossed; to be absorbed with; to lose oneself in; to be addicted to
L7-0433	7-9	沉思	沉思	chén sī	2,1	V	沉思	沉思	to contemplate; to ponder; contemplation; meditation
L7-0434	7-9	沉稳	沉穩	chén wěn	2,3	Adj	沉稳	沉穩	steady; calm; unflustered
L7-0435	7-9	沉着	沉著	chén zhuó	2,2	Adj	沉着	沉著	steady; calm and collected; not nervous
L7-0436	7-9	陈旧	陳舊	chén jiù	2,4	Adj	陈旧	陳舊	old-fashioned; out of date; obsolete; antiquated
L7-0437	7-9	陈列	陳列	chén liè	2,4	V	陈列	陳列	to display; to exhibit
L7-0438	7-9	陈述	陳述	chén shù	2,4	V	陈述	陳述	to state; to declare
L7-0439	7-9	衬托	襯托	chèn tuō	4,1	V	衬托	襯托	to serve to highlight; to serve as a backdrop or contrasting element
L7-0440	7-9	趁	趁	chèn	4	Prep	趁	趁	to avail oneself of; to take advantage of
L7-0441	7-9	趁机	趁機	chèn jī	4,1	Adv	趁机	趁機	to seize an opportunity
L7-0442	7-9	趁早	趁早	chèn zǎo	4,3	Adv	趁早	趁早	as soon as possible; at the first opportunity; the sooner the better; before it's too late
L7-0443	7-9	趁着	趁著	chènzhe			趁着	趁著	to take advantage of a time or opportunity
L7-0444	7-9	称呼	稱呼	chēng hu	1,5	V/N	称呼	稱呼	to call; to address as; form of address; appellation
L7-0445	7-9	称作	稱作	chēng zuò	1,4		称作	稱作	to be called; to be known as
L7-0446	7-9	成才	成才	chéng cái	2,2	V	成才	成才	to make sth of oneself; to become a person who is worthy of respect
L7-0447	7-9	成家	成家	chéng jiā	2,1		成家	成家	to settle down and get married (of a man); to become a recognized expert
L7-0448	7-9	成年	成年	chéng nián	2,2	V	成年	成年	to grow to adulthood; fully grown; adult; the whole year
L7-0449	7-9	成年	成年	chéng nián	2,2	Adv	成年	成年	to grow to adulthood; fully grown; adult; the whole year
L7-0450	7-9	成千上万	成千上萬	chéng qiān shàng wàn	2,1,4,4		成千上万	成千上萬	(lit.) by the thousands and tens of thousands (idiom); (fig.) untold numbers; innumerable; countless
L7-0451	7-9	成群结队	成群結隊	chéng qún jié duì	2,2,2,4		成群结队	成群結隊	(idiom) making up a group; forming a troupe; in large numbers; as a large crowd
L7-0452	7-9	成天	成天	chéng tiān	2,1	Adv	成天	成天	(coll.) all day long; all the time
L7-0453	7-9	成问题	成問題	chéng wèn tí	2,4,2		成问题	成問題	to be a problem; problematic; questionable
L7-0454	7-9	成型	成型	chéng xíng	2,2	V	成型	成型	to become shaped; to become formed
L7-0455	7-9	呈现	呈現	chéng xiàn	2,4	V	呈现	呈現	to appear; to emerge; to present (a certain appearance); to demonstrate
L7-0456	7-9	诚恳	誠懇	chéng kěn	2,3	Adj	诚恳	誠懇	sincere; honest; cordial
L7-0457	7-9	诚心诚意	誠心誠意	chéng xīn chéng yì	2,1,2,4		诚心诚意	誠心誠意	earnestly and sincerely (idiom); with all sincerity
L7-0458	7-9	诚意	誠意	chéng yì	2,4	N	诚意	誠意	sincerity; good faith
L7-0459	7-9	诚挚	誠摯	chéng zhì	2,4	Adj	诚挚	誠摯	sincere; cordial
L7-0460	7-9	承包	承包	chéng bāo	2,1	V	承包	承包	to contract; to undertake (a job)
L7-0461	7-9	承载	承載	chéng zài	2,4	V	承载	承載	to bear the weight; to sustain
L7-0462	7-9	城墙	城牆	chéng qiáng	2,2	N	城墙	城牆	city wall
L7-0463	7-9	乘人之危	乘人之危	chéng rén zhī wēi	2,2,1,1		乘人之危	乘人之危	to take advantage of sb's precarious position
L7-0464	7-9	盛	盛	chéng	2	V	盛	盛	to hold; to contain; to ladle; to pick up with a utensil
L7-0465	7-9	惩处	懲處	chéng chǔ	2,3	V	惩处	懲處	to punish; to administer justice
L7-0466	7-9	惩罚	懲罰	chéng fá	2,2	V/N	惩罚	懲罰	penalty; punishment; to punish
L7-0467	7-9	澄清	澄清	chéng qīng	2,1	V/Adj	澄清	澄清	clear (of liquid); limpid; to clarify; to make sth clear; to be clear (about the facts)
L7-0468	7-9	橙汁	橙汁	chéng zhī	2,1	N	橙汁	橙汁	orange juice; CL:瓶[ping2],杯[bei1],罐[guan4],盒[he2]
L7-0469	7-9	逞能	逞能	chěng néng	3,2		逞能	逞能	to show off one's ability; to boast one's merits
L7-0470	7-9	逞强	逞強	chěng qiáng	3,2		逞强	逞強	to show off; to try to be brave
L7-0471	7-9	秤	秤	chèng	4	N	秤	秤	steelyard balance; Roman balance; CL:臺|台[tai2]
L7-0472	7-9	吃不上	吃不上	chī bu shàng	1,5,4	V	吃不上	吃不上	unable to get anything to eat; to miss a meal
L7-0473	7-9	吃喝玩乐	吃喝玩樂	chī hē wán lè	1,1,2,4		吃喝玩乐	吃喝玩樂	(lit.) to eat, drink, play and be merry (idiom); (fig.) to abandon oneself to a life of pleasure
L7-0474	7-9	吃苦	吃苦	chī kǔ	1,3		吃苦	吃苦	to bear hardships
L7-0475	7-9	吃亏	吃虧	chī kuī	1,1		吃亏	吃虧	to suffer losses; to come to grief; to lose out; to get the worst of it; to be at a disadvantage; unfortunately
L7-0476	7-9	痴呆	痴獃	chī dāi	1,1	Adj	痴呆	痴獃|癡呆	stupid; dull; (medicine) dementia
L7-0477	7-9	痴迷	痴迷	chī mí	1,2	V	痴迷	痴迷	infatuated; obsessed
L7-0478	7-9	痴心	痴心	chī xīn	1,1	N	痴心	痴心	infatuation
L7-0479	7-9	池塘	池塘	chí táng	2,2	N	池塘	池塘	pool; pond
L7-0480	7-9	驰名	馳名	chí míng	2,2	V	驰名	馳名	famous
L7-0481	7-9	迟迟	遲遲	chí chí	2,2	Adv	迟迟	遲遲	late (with a task etc); slow
L7-0482	7-9	迟疑	遲疑	chí yí	2,2	Adj	迟疑	遲疑	to hesitate
L7-0483	7-9	迟早	遲早	chí zǎo	2,3	Adv	迟早	遲早	sooner or later
L7-0484	7-9	持	持	chí	2	V	持	持	to hold; to grasp; to support; to maintain; to persevere; to manage; to run (i.e. administer); to control
L7-0485	7-9	持久	持久	chí jiǔ	2,3	Adj	持久	持久	lasting; enduring; persistent; permanent; protracted; endurance; persistence; to last long
L7-0486	7-9	持之以恒	持之以恆	chí zhī yǐ héng	2,1,3,2		持之以恒	持之以恆	to pursue unremittingly (idiom); to persevere
L7-0487	7-9	尺度	尺度	chǐ dù	3,4	N	尺度	尺度	scale; yardstick
L7-0488	7-9	耻辱	恥辱	chǐ rǔ	3,3	N	耻辱	恥辱	disgrace; shame; humiliation
L7-0489	7-9	耻笑	恥笑	chǐ xiào	3,4	V	耻笑	恥笑	to sneer at sb; to ridicule
L7-0490	7-9	赤字	赤字	chì zì	4,4	N	赤字	赤字	(financial) deficit; red letter
L7-0491	7-9	翅膀	翅膀	chì bǎng	4,3	N	翅膀	翅膀	wing; CL:隻|只[zhi1],對|对[dui4]
L7-0492	7-9	冲刺	衝刺	chōng cì	1,4	V	冲刺	衝刺	(sports) to sprint; to spurt; to dash; to put in a big effort to achieve a goal as the deadline approaches
L7-0493	7-9	冲浪	衝浪	chōng làng	1,4	V	冲浪	衝浪	to surf; surfing
L7-0494	7-9	冲洗	沖洗	chōng xǐ	1,3	V	冲洗	沖洗	to rinse; to wash; (photography) to develop (film)
L7-0495	7-9	冲撞	衝撞	chōng zhuàng	1,4	V	冲撞	衝撞	to collide; jerking motion; to impinge; to offend; to provoke
L7-0496	7-9	充	充	chōng	1	V	充	充	sufficient; full; to fill; to serve as; to act as; to act falsely as; to pose as
L7-0497	7-9	充当	充當	chōng dāng	1,1	V	充当	充當	to serve as; to act as; to play the role of
L7-0498	7-9	充沛	充沛	chōng pèi	1,4	Adj	充沛	充沛	abundant; plentiful
L7-0499	7-9	充实	充實	chōng shí	1,2	Adj/V	充实	充實	rich; full; substantial; to enrich; to augment; to substantiate (an argument)
L7-0500	7-9	重播	重播	chóng bō	2,1	V	重播	重播	to replay; to rerun; (agriculture) to reseed; to oversow
L7-0501	7-9	重叠	重疊	chóng dié	2,2	V	重叠	重疊	to overlap; to superimpose; to telescope; to run together; to duplicate; one over another; superposition; an overlap; redundancy; reduplication (in Chinese grammar, e.g. 散散步[san4 san4 bu4] to have a stroll)
L7-0502	7-9	重返	重返	chóng fǎn	2,3	V	重返	重返	to return to
L7-0503	7-9	重合	重合	chóng hé	2,2	V	重合	重合	to match up; to coincide
L7-0504	7-9	重申	重申	chóng shēn	2,1	V	重申	重申	to reaffirm; to reiterate
L7-0505	7-9	重现	重現	chóng xiàn	2,4	V	重现	重現	to reappear
L7-0506	7-9	崇高	崇高	chóng gāo	2,1	Adj	崇高	崇高	majestic; sublime
L7-0507	7-9	崇尚	崇尚	chóng shàng	2,4	V	崇尚	崇尚	to hold up (as an model); to hold in esteem; to revere; to advocate
L7-0508	7-9	宠	寵	chǒng	3	V	宠	寵	to love; to pamper; to spoil; to favor
L7-0509	7-9	宠爱	寵愛	chǒng ài	3,4	V	宠爱	寵愛	to dote on sb
L7-0510	7-9	抽签	抽籤	chōu qiān	1,1		抽签	抽籤	to perform divination with sticks; to draw lots; a ballot (in share dealing)
L7-0511	7-9	抽屉	抽屜	chōu ti	1,5	N	抽屉	抽屜	drawer
L7-0512	7-9	抽象	抽象	chōu xiàng	1,4	Adj	抽象	抽象	abstract; abstraction; CL:種|种[zhong3]
L7-0513	7-9	仇	仇	chóu	2	N	仇	仇	hatred; animosity; enmity; foe; enemy; to feel animosity toward (the wealthy, foreigners etc)
L7-0514	7-9	仇恨	仇恨	chóu hèn	2,4	V/N	仇恨	仇恨	to hate; hatred; enmity; hostility
L7-0515	7-9	仇人	仇人	chóu rén	2,2	N	仇人	仇人	foe; one's personal enemy
L7-0516	7-9	稠	稠	chóu	2	Adj	稠	稠	dense; crowded; thick; many
L7-0517	7-9	稠密	稠密	chóu mì	2,4	Adj	稠密	稠密	dense
L7-0518	7-9	愁眉苦脸	愁眉苦臉	chóu méi kǔ liǎn	2,2,3,3		愁眉苦脸	愁眉苦臉	to look anxious (idiom); to look miserable
L7-0519	7-9	筹	籌	chóu	2	V	筹	籌	chip (in gambling); token (for counting); ticket; to prepare; to plan; to raise (funds); resource; way; means
L7-0520	7-9	筹办	籌辦	chóu bàn	2,4	V	筹办	籌辦	to arrange; to make preparations
L7-0521	7-9	筹备	籌備	chóu bèi	2,4	V	筹备	籌備	preparations; to get ready for sth
L7-0522	7-9	筹措	籌措	chóu cuò	2,4	V	筹措	籌措	to raise (money)
L7-0523	7-9	筹划	籌劃	chóu huà	2,4	V/N	筹划	籌劃	to plan and prepare
L7-0524	7-9	筹集	籌集	chóu jí	2,2	V	筹集	籌集	to collect money; to raise funds
L7-0525	7-9	筹码	籌碼	chóu mǎ	2,3	N	筹码	籌碼	bargaining chip; gaming chip; casino token
L7-0526	7-9	丑恶	醜惡	chǒu è	3,4	Adj	丑恶	醜惡	ugly; repulsive
L7-0527	7-9	丑陋	醜陋	chǒu lòu	3,4	Adj	丑陋	醜陋	ugly
L7-0528	7-9	丑闻	醜聞	chǒu wén	3,2	N	丑闻	醜聞	scandal
L7-0529	7-9	瞅	瞅	chǒu	3	V	瞅	瞅	(dialect) to look at
L7-0530	7-9	出版社	出版社	chū bǎn shè	1,3,4	N	出版社	出版社	publishing house
L7-0531	7-9	出厂	出廠	chū chǎng	1,3		出厂	出廠	to leave the factory (of finished goods)
L7-0532	7-9	出丑	出醜	chū chǒu	1,3		出丑	出醜	to make a fool of oneself
L7-0533	7-9	出道	出道	chū dào	1,4		出道	出道	to start one's career; (of an entertainer) to make one's debut
L7-0534	7-9	出发点	出發點	chū fā diǎn	1,1,3	N	出发点	出發點	starting point; (fig.) basis; motive
L7-0535	7-9	出风头	出風頭	chū fēng tou	1,1,5		出风头	出風頭	to push oneself forward; to seek fame; to be in the limelight; same as 出鋒頭|出锋头[chu1 feng1 tou5]
L7-0536	7-9	出境	出境	chū jìng	1,4		出境	出境	to leave a country or region; outbound (tourism)
L7-0537	7-9	出局	出局	chū jú	1,2		出局	出局	(of a batter) to be put out (in baseball); to be dismissed (in cricket); (of a player or team) to be eliminated from a competition; (fig.) to be weeded out; to get the chop (in a competitive environment)
L7-0538	7-9	出具	出具	chū jù	1,4	V	出具	出具	to issue (document, certificate etc); to provide
L7-0539	7-9	出口成章	出口成章	chū kǒu chéng zhāng	1,3,2,1		出口成章	出口成章	(idiom) (of one's speech) eloquent; articulate
L7-0540	7-9	出卖	出賣	chū mài	1,4	V	出卖	出賣	to offer for sale; to sell; to sell out; to betray
L7-0541	7-9	出毛病	出毛病	chū máo bìng	1,2,4		出毛病	出毛病	a problem appears; to break down
L7-0542	7-9	出难题	出難題	chū nán tí	1,2,2		出难题	出難題	to raise a tough question
L7-0543	7-9	出人意料	出人意料	chū rén yì liào	1,2,4,4		出人意料	出人意料	unexpected (idiom); surprising
L7-0544	7-9	出任	出任	chū rèn	1,4	V	出任	出任	to take up a post; to start in a new job
L7-0545	7-9	出山	出山	chū shān	1,1		出山	出山	to leave the mountain (of a hermit); to come out of obscurity to a government job; to take a leading position
L7-0546	7-9	出身	出身	chū shēn	1,1	V/N	出身	出身	to be born of; to come from; family background; class origin
L7-0547	7-9	出示	出示	chū shì	1,4	V	出示	出示	to show; to take out and show to others; to display
L7-0548	7-9	出手	出手	chū shǒu	1,3		出手	出手	to dispose of; to spend (money); to undertake a task
L7-0549	7-9	出头	出頭	chū tóu	1,2		出头	出頭	to get out of a predicament; to stick out; to take the initiative; remaining odd fraction after a division; a little more than
L7-0550	7-9	出土	出土	chū tǔ	1,3		出土	出土	to dig up; to appear in an excavation; unearthed; to come up out of the ground
L7-0551	7-9	出息	出息	chū xi	1,5	N	出息	出息	future prospects; profit; to mature; to grow up
L7-0552	7-9	出血	出血	chū xuè	1,4		出血	出血	to bleed; bleeding; (fig.) to spend money in large amounts
L7-0553	7-9	出演	出演	chū yǎn	1,3	V	出演	出演	to perform (in a play, film, concert etc); to play the part of; to portray
L7-0554	7-9	出洋相	出洋相	chū yáng xiàng	1,2,4		出洋相	出洋相	to make a fool of oneself
L7-0555	7-9	出游	出遊	chū yóu	1,2	V	出游	出遊	to go on a tour; to have an outing
L7-0556	7-9	出众	出眾	chū zhòng	1,4	Adj	出众	出眾	to stand out; outstanding
L7-0557	7-9	出主意	出主意	chū zhǔ yi	1,3,5		出主意	出主意	to come up with ideas; to make suggestions; to offer advice
L7-0558	7-9	出资	出資	chū zī	1,1	V	出资	出資	to fund; to put money into sth; to invest
L7-0559	7-9	出自	出自	chū zì	1,4	V	出自	出自	to come from
L7-0560	7-9	出走	出走	chū zǒu	1,3	V	出走	出走	to leave home; to go off; to run away
L7-0561	7-9	初次	初次	chū cì	1,4	N	初次	初次	for the first time; first (meeting, attempt etc)
L7-0562	7-9	初衷	初衷	chū zhōng	1,1	N	初衷	初衷	original intention
L7-0563	7-9	除此之外	除此之外	chú cǐ zhī wài	2,3,1,4		除此之外	除此之外	apart from this; in addition to this
L7-0564	7-9	除去	除去	chú qù	2,4	V/Prep	除去	除去	to eliminate; to remove; except for; apart from
L7-0565	7-9	除外	除外	chú wài	2,4	V	除外	除外	to exclude; not including sth (when counting or listing); except for
L7-0566	7-9	处方	處方	chǔ fāng	3,1	V/N	处方	處方	medical prescription; to write out a prescription; (fig.) recommendation; advice
L7-0567	7-9	处境	處境	chǔ jìng	3,4	N	处境	處境	situation (of a person)
L7-0568	7-9	处置	處置	chǔ zhì	3,4	V	处置	處置	to handle; to take care of; to punish
L7-0569	7-9	储备	儲備	chǔ bèi	3,4	V/N	储备	儲備	to store up; reserves
L7-0570	7-9	储蓄	儲蓄	chǔ xù	3,4	V/N	储蓄	儲蓄	to save money (in a bank); savings
L7-0571	7-9	触动	觸動	chù dòng	4,4	V	触动	觸動	to touch; to stir up (trouble or emotions); to move (sb's emotions or worry)
L7-0572	7-9	触犯	觸犯	chù fàn	4,4	V	触犯	觸犯	to violate; to offend
L7-0573	7-9	触觉	觸覺	chù jué	4,2	N	触觉	觸覺	sense of touch; tactile sensation
L7-0574	7-9	触摸	觸摸	chù mō	4,1	V	触摸	觸摸	to touch
L7-0575	7-9	触目惊心	觸目驚心	chù mù jīng xīn	4,4,1,1		触目惊心	觸目驚心	lit. shocks the eye, astonishes the heart (idiom); shocking; horrible to see; a ghastly sight
L7-0576	7-9	揣	揣	chuāi	1	V	揣	揣	to put into (one's pockets, clothes); Taiwan pr. [chuai3]
L7-0577	7-9	揣测	揣測	chuǎi cè	3,4	V	揣测	揣測	to guess; to conjecture
L7-0578	7-9	揣摩	揣摩	chuǎi mó	3,2	V	揣摩	揣摩	to analyze; to try to figure out; to try to fathom
L7-0579	7-9	踹	踹	chuài	4	V	踹	踹	to kick; to trample; to tread on
L7-0580	7-9	川流不息	川流不息	chuān liú bù xī	1,2,4,1		川流不息	川流不息	the stream flows without stopping (idiom); unending flow
L7-0581	7-9	穿过	穿過	chuān guò	1,4	V	穿过	穿過	to pass through
L7-0582	7-9	穿小鞋	穿小鞋	chuān xiǎo xié	1,3,2		穿小鞋	穿小鞋	to have one's life made difficult by sb (usu. by sb in a position of authority) (lit. to be made to wear tight shoes)
L7-0583	7-9	穿越	穿越	chuān yuè	1,4	V	穿越	穿越	to traverse; to pass through; to cross
L7-0584	7-9	穿着	穿著	chuān zhuó	1,2	N	穿着	穿著	attire; clothes; dress
L7-0585	7-9	传承	傳承	chuán chéng	2,2	V/N	传承	傳承	to pass on (to future generations); passed on (from former times); a continued tradition; an inheritance
L7-0586	7-9	传奇	傳奇	chuán qí	2,2	N	传奇	傳奇	legendary; fantasy saga; romance; short stories of the Tang and Song Dynasty
L7-0587	7-9	传染	傳染	chuán rǎn	2,3	V	传染	傳染	to infect; contagious
L7-0588	7-9	传染病	傳染病	chuán rǎn bìng	2,3,4	N	传染病	傳染病	infectious disease; contagious disease; communicable disease
L7-0589	7-9	传人	傳人	chuán rén	2,2	N	传人	傳人	to teach; to impart; a disciple; descendant
L7-0590	7-9	传授	傳授	chuán shòu	2,4	V	传授	傳授	to impart; to pass on; to teach
L7-0591	7-9	传闻	傳聞	chuán wén	2,2	V/N	传闻	傳聞	rumor
L7-0592	7-9	船舶	船舶	chuán bó	2,2	N	船舶	船舶	shipping; boats
L7-0593	7-9	船桨	船槳	chuán jiǎng	2,3	N	船桨	船槳	oar
L7-0594	7-9	喘	喘	chuǎn	3	V	喘	喘	to gasp; to pant; asthma
L7-0595	7-9	喘息	喘息	chuǎn xī	3,1	V	喘息	喘息	to gasp for breath; to take a breather
L7-0596	7-9	串门	串門	chuàn mén	4,2		串门	串門	to call on sb; to drop in; to visit sb's home
L7-0597	7-9	创伤	創傷	chuāng shāng	1,1	N	创伤	創傷	wound; injury; trauma
L7-0598	7-9	床位	床位	chuáng wèi	2,4	N	床位	床位	bed (in hospital, hotel, train etc); berth; bunk
L7-0599	7-9	创	創	chuàng	4	V	创	創	to initiate; to create; to achieve (sth for the first time)
L7-0600	7-9	创始人	創始人	chuàng shǐ rén	4,3,2	N	创始人	創始人	creator; founder; initiator
L7-0601	7-9	吹了	吹了	chuī le	1,5		吹了	吹了	failed; busted; to have not succeeded; to have died; to have parted company; to have chilled (of a relationship)
L7-0602	7-9	吹牛	吹牛	chuī niú	1,2		吹牛	吹牛	to talk big; to brag; to shoot off one's mouth; (dialect) to chat idly
L7-0603	7-9	吹捧	吹捧	chuī pěng	1,3	V	吹捧	吹捧	to flatter; to laud sb's accomplishments; adulation
L7-0604	7-9	垂	垂	chuí	2	V	垂	垂	to hang (down); droop; dangle; bend down; hand down; bequeath; nearly; almost; to approach
L7-0605	7-9	垂头丧气	垂頭喪氣	chuí tóu sàng qì	2,2,4,4		垂头丧气	垂頭喪氣	hanging one's head dispiritedly (idiom); dejected; crestfallen
L7-0606	7-9	捶	捶	chuí	2	V	捶	捶	to beat (with a stick or one's fist); to thump; to pound
L7-0607	7-9	锤子	錘子	chuí zi	2,5	N	锤子	錘子	hammer; CL:把[ba3]
L7-0608	7-9	纯粹	純粹	chún cuì	2,4	Adj	纯粹	純粹	pure; unadulterated; purely; completely
L7-0609	7-9	纯洁	純潔	chún jié	2,2	Adj/V	纯洁	純潔	pure; clean and honest; to purify
L7-0610	7-9	纯朴	純樸	chún pǔ	2,3	Adj	纯朴	純樸	variant of 淳樸|淳朴[chun2 pu3]
L7-0611	7-9	醇厚	醇厚	chún hòu	2,4	Adj	醇厚	醇厚	mellow and rich; simple and kind
L7-0612	7-9	蠢	蠢	chǔn	3	Adj	蠢	蠢	stupid; sluggish; clumsy; to wiggle (of worms); to move in a disorderly fashion
L7-0613	7-9	戳	戳	chuō	1	V/N	戳	戳	to jab; to poke; to stab; (coll.) to sprain; to blunt; to fuck (vulgar); to stand; to stand (sth) upright; stamp; seal
L7-0614	7-9	绰号	綽號	chuò hào	4,4	N	绰号	綽號	nickname
L7-0615	7-9	瓷	瓷	cí	2	N	瓷	瓷	chinaware; porcelain; china
L7-0616	7-9	瓷器	瓷器	cí qì	2,4	N	瓷器	瓷器	chinaware; porcelain
L7-0617	7-9	辞	辭	cí	2	V	辞	辭	to resign; to dismiss; to decline; (literary) to take leave; (archaic poetic genre) ballad; variant of 詞|词[ci2]
L7-0618	7-9	辞呈	辭呈	cí chéng	2,2	N	辞呈	辭呈	(written) resignation
L7-0619	7-9	辞去	辭去	cí qù	2,4		辞去	辭去	to resign; to quit
L7-0620	7-9	辞退	辭退	cí tuì	2,4	V	辞退	辭退	to dismiss; to discharge; to fire
L7-0621	7-9	慈善	慈善	cí shàn	2,4	Adj	慈善	慈善	benevolent; charitable
L7-0622	7-9	慈祥	慈祥	cí xiáng	2,2	Adj	慈祥	慈祥	kindly; benevolent (often of older person)
L7-0623	7-9	磁带	磁帶	cí dài	2,4	N	磁带	磁帶	magnetic tape; CL:盤|盘[pan2],盒[he2]
L7-0624	7-9	磁卡	磁卡	cí kǎ	2,3	N	磁卡	磁卡	magnetic card; IC Card (telephone)
L7-0625	7-9	磁盘	磁盤	cí pán	2,2	N	磁盘	磁盤	(computer) disk
L7-0626	7-9	此起彼伏	此起彼伏	cǐ qǐ bǐ fú	3,3,3,2		此起彼伏	此起彼伏	up here, down there (idiom); to rise and fall in succession; no sooner one subsides, the next arises; repeating continuously; occurring again and again (of applause, fires, waves, protests, conflicts, uprisings etc)
L7-0627	7-9	次日	次日	cì rì	4,4	N	次日	次日	next day; the morrow
L7-0628	7-9	伺候	伺候	cì hou	4,5	V	伺候	伺候	to serve; to wait upon
L7-0629	7-9	刺耳	刺耳	cì ěr	4,3	Adj	刺耳	刺耳	ear-piercing
L7-0630	7-9	刺骨	刺骨	cì gǔ	4,3	V	刺骨	刺骨	piercing; cutting; bone-chilling; penetrating (cold)
L7-0631	7-9	刺绣	刺繡	cì xiù	4,4	V/N	刺绣	刺繡	to embroider; embroidery
L7-0632	7-9	赐	賜	cì	4	V	赐	賜	(bound form) to confer; to bestow; to grant; (literary) gift; favor; Taiwan pr. [si4]
L7-0633	7-9	赐教	賜教	cì jiào	4,4	V	赐教	賜教	(honorific) to impart one's wisdom; to enlighten
L7-0634	7-9	匆匆	匆匆	cōng cōng	1,1	Adj	匆匆	匆匆	hurriedly
L7-0635	7-9	匆忙	匆忙	cōng máng	1,2	Adj	匆忙	匆忙	hasty; hurried
L7-0636	7-9	葱	蔥	cōng	1	N	葱	蔥	scallion; green onion
L7-0637	7-9	从今以后	從今以後	cóng jīn yǐ hòu	2,1,3,4		从今以后	從今以後	from now on; henceforward
L7-0638	7-9	从来不	從來不	cóng lái bù	2,2,4		从来不	從來不	never
L7-0639	7-9	从容	從容	cóng róng	2,2	Adj	从容	從容	to go easy; unhurried; calm; Taiwan pr. [cong1 rong2]
L7-0640	7-9	从容不迫	從容不迫	cóng róng bù pò	2,2,4,4		从容不迫	從容不迫	calm; unruffled
L7-0641	7-9	从头	從頭	cóng tóu	2,2	Adv	从头	從頭	anew; from the start
L7-0642	7-9	从未	從未	cóng wèi	2,4	Adv	从未	從未	never
L7-0643	7-9	从业	從業	cóng yè	2,4	V	从业	從業	to practice (a trade)
L7-0644	7-9	从早到晚	從早到晚	cóng zǎo dào wǎn	2,3,4,3		从早到晚	從早到晚	from morning till night; from dawn to dusk; all day long
L7-0645	7-9	丛林	叢林	cóng lín	2,2	N	丛林	叢林	jungle; thicket; forest; Buddhist monastery
L7-0646	7-9	凑	湊	còu	4	V	凑	湊	to gather together, pool or collect; to happen by chance; to move close to; to exploit an opportunity
L7-0647	7-9	凑合	湊合	còu he	4,5	V	凑合	湊合	to bring together; to make do in a bad situation; to just get by; to improvise; passable; not too bad
L7-0648	7-9	凑巧	湊巧	còu qiǎo	4,3	Adj	凑巧	湊巧	fortuitously; luckily; as chance has it
L7-0649	7-9	粗暴	粗暴	cū bào	1,4	Adj	粗暴	粗暴	crude; crass; rude; rough; harsh
L7-0650	7-9	粗糙	粗糙	cū cāo	1,1	Adj	粗糙	粗糙	crude; gruff; rough; coarse
L7-0651	7-9	粗鲁	粗魯	cū lǔ	1,3	Adj	粗鲁	粗魯	coarse; crude (in one's manner); boorish
L7-0652	7-9	粗略	粗略	cū lüè	1,4	Adj	粗略	粗略	rough (not precise or accurate); cursory
L7-0653	7-9	粗心大意	粗心大意	cū xīn dà yì	1,1,4,4		粗心大意	粗心大意	negligent; careless; inadvertent
L7-0654	7-9	促成	促成	cù chéng	4,2	V	促成	促成	to facilitate; to help bring about
L7-0655	7-9	簇拥	簇擁	cù yōng	4,1	V	簇拥	簇擁	to crowd around; to escort
L7-0656	7-9	窜	竄	cuàn	4	V	窜	竄	to flee; to scuttle; to exile or banish; to amend or edit
L7-0657	7-9	催	催	cuī	1	V	催	催	to urge; to press; to prompt; to rush sb; to hasten sth; to expedite
L7-0658	7-9	催促	催促	cuī cù	1,4	V	催促	催促	to urge
L7-0659	7-9	催眠	催眠	cuī mián	1,2	V	催眠	催眠	to lull to sleep; to hypnotize
L7-0660	7-9	摧毁	摧毀	cuī huǐ	1,3	V	摧毁	摧毀	to destroy; to wreck
L7-0661	7-9	脆弱	脆弱	cuì ruò	4,4	Adj	脆弱	脆弱	weak; frail
L7-0662	7-9	翠绿	翠綠	cuì lǜ	4,4	Adj	翠绿	翠綠	greenish-blue; emerald green
L7-0663	7-9	存放	存放	cún fàng	2,4	V	存放	存放	to deposit; to store; to leave in sb's care
L7-0664	7-9	存心	存心	cún xīn	2,1	V/Adv	存心	存心	deliberately
L7-0665	7-9	存折	存摺	cún zhé	2,2	N	存折	存摺	passbook; bankbook
L7-0666	7-9	搓	搓	cuō	1	V	搓	搓	to rub or roll between the hands or fingers; to twist
L7-0667	7-9	磋商	磋商	cuō shāng	1,1	V	磋商	磋商	to consult; to discuss seriously; to negotiate; to confer; negotiations; consultations
L7-0668	7-9	挫折	挫折	cuò zhé	4,2	V/N	挫折	挫折	setback; reverse; check; defeat; frustration; disappointment; to frustrate; to discourage; to set sb back; to blunt; to subdue
L7-0669	7-9	措手不及	措手不及	cuò shǒu bù jí	4,3,4,2		措手不及	措手不及	no time to deal with it (idiom); caught unprepared
L7-0670	7-9	错别字	錯別字	cuò bié zì	4,2,4	N	错别字	錯別字	Chinese character error (collective term for 錯字|错字[cuo4 zi4] and 別字|别字[bie2 zi4])
L7-0671	7-9	错觉	錯覺	cuò jué	4,2	N	错觉	錯覺	misconception; illusion; misperception
L7-0672	7-9	错位	錯位	cuò wèi	4,4		错位	錯位	to be wrongly positioned; to be dislocated; to be misplaced; (medicine) to be in malposition; (fig.) erroneous; eccentric
L7-0673	7-9	错综复杂	錯綜複雜	cuò zōng fù zá	4,1,4,2		错综复杂	錯綜複雜	tangled and complicated (idiom)
L7-0674	7-9	搭乘	搭乘	dā chéng	1,2	V	搭乘	搭乘	to ride as a passenger; to travel by (car, plane etc)
L7-0675	7-9	搭建	搭建	dā jiàn	1,4	V	搭建	搭建	to build (esp. with simple materials); to knock together (a temporary shed); to rig up
L7-0676	7-9	达标	達標	dá biāo	2,1	V	达标	達標	to reach a set standard
L7-0677	7-9	答辩	答辯	dá biàn	2,4	V	答辩	答辯	to reply (to an accusation); to defend one's dissertation
L7-0678	7-9	打岔	打岔	dǎ chà	3,4		打岔	打岔	interruption; to interrupt (esp. talk); to change the subject
L7-0679	7-9	打倒	打倒	dǎ dǎo	3,3		打倒	打倒	to overthrow; to knock down; Down with ... !
L7-0680	7-9	打盹儿	打盹兒	dǎ dǔn r	3,3,5		打盹儿	打盹兒	erhua variant of 打盹[da3 dun3]
L7-0681	7-9	打交道	打交道	dǎ jiāo dào	3,1,4		打交道	打交道	to come into contact with; to have dealings
L7-0682	7-9	打搅	打攪	dǎ jiǎo	3,3	V	打搅	打攪	to disturb; to trouble; to bother
L7-0683	7-9	打捞	打撈	dǎ lāo	3,1	V	打捞	打撈	to salvage; to dredge; to fish out (person or object from the sea)
L7-0684	7-9	打量	打量	dǎ liang	3,5	V	打量	打量	to size sb up; to look sb up and down; to take the measure of; to suppose; to reckon
L7-0685	7-9	打猎	打獵	dǎ liè	3,4		打猎	打獵	to go hunting
L7-0686	7-9	打磨	打磨	dǎ mó	3,2	V	打磨	打磨	to polish; to burnish; to shine
L7-0687	7-9	打通	打通	dǎ tōng	3,1		打通	打通	to open access; to establish contact; to remove a block; to put through (a phone connection)
L7-0688	7-9	打仗	打仗	dǎ zhàng	3,4		打仗	打仗	to fight a battle; to go to war
L7-0689	7-9	打招呼	打招呼	dǎ zhāo hu	3,1,5		打招呼	打招呼	to greet sb by word or action; to give prior notice
L7-0690	7-9	大包大揽	大包大攬	dà bāo dà lǎn	4,1,4,3		大包大揽	大包大攬	to take complete charge (idiom)
L7-0691	7-9	大笔	大筆	dà bǐ	4,3	N	大笔	大筆	(formal) (honorific) your writing; your handwriting; pen; calligraphy brush; a large sum of (money)
L7-0692	7-9	大臣	大臣	dà chén	4,2	N	大臣	大臣	chancellor (of a monarchy); cabinet minister
L7-0693	7-9	大吃一惊	大吃一驚	dà chī yī jīng	4,1,1,1		大吃一惊	大吃一驚	(idiom) astounded; flabbergasted; taken aback
L7-0694	7-9	大大咧咧	大大咧咧	dà dà liē liē	4,4,1,1	Adj	大大咧咧	大大咧咧	(idiom) carefree; offhand; casual
L7-0695	7-9	大地	大地	dà dì	4,4	N	大地	大地	earth; mother earth
L7-0696	7-9	大队	大隊	dà duì	4,4	N	大队	大隊	group; a large body of; production brigade; military group
L7-0697	7-9	大幅度	大幅度	dà fú dù	4,2,4		大幅度	大幅度	substantially; by a wide margin
L7-0698	7-9	大公无私	大公無私	dà gōng wú sī	4,1,2,1		大公无私	大公無私	selfless; impartial
L7-0699	7-9	大家庭	大家庭	dà jiā tíng	4,1,2	N	大家庭	大家庭	extended family; big family; harmonious group
L7-0700	7-9	大街小巷	大街小巷	dà jiē xiǎo xiàng	4,1,3,4		大街小巷	大街小巷	great streets and small alleys (idiom); everywhere in the city
L7-0701	7-9	大惊小怪	大驚小怪	dà jīng xiǎo guài	4,1,3,4		大惊小怪	大驚小怪	to make a fuss about nothing (idiom)
L7-0702	7-9	大局	大局	dà jú	4,2	N	大局	大局	overall situation; the big picture
L7-0703	7-9	大款	大款	dà kuǎn	4,3	N	大款	大款	very wealthy person
L7-0704	7-9	大面积	大面積	dà miàn jī	4,4,1		大面积	大面積	large area; (fig.) (of a problem) (occurring) on a massive scale
L7-0705	7-9	大名鼎鼎	大名鼎鼎	dà míng dǐng dǐng	4,2,3,3		大名鼎鼎	大名鼎鼎	grand reputation; renowned; famous
L7-0706	7-9	大模大样	大模大樣	dà mú dà yàng	4,2,4,4		大模大样	大模大樣	boldly; ostentatiously; poised; self-assured; Taiwan pr. [da4 mo2 da4 yang4]
L7-0707	7-9	大棚	大棚	dà péng	4,2	N	大棚	大棚	greenhouse; polytunnel
L7-0708	7-9	大片	大片	dà piàn	4,4	N	大片	大片	wide expanse; large area; vast stretch; extending widely; blockbuster movie
L7-0709	7-9	大气	大氣	dà qì	4,4	N	大气	大氣	atmosphere (surrounding the earth); imposing; impressive; stylish
L7-0710	7-9	大厦	大廈	dà shà	4,4	N	大厦	大廈	(used in the names of grand buildings such as 百老匯大廈|百老汇大厦 Broadway Mansions (in Shanghai) or 帝國大廈|帝国大厦 Empire State Building etc)
L7-0711	7-9	大数据	大數據	dà shù jù	4,4,4	N	大数据	大數據	big data (computing)
L7-0712	7-9	大肆	大肆	dà sì	4,4	Adv	大肆	大肆	wantonly; without restraint (of enemy or malefactor); unbridled
L7-0713	7-9	大体	大體	dà tǐ	4,3	Adv	大体	大體	in general; more or less; in rough terms; basically; on the whole; overall situation; the big picture; cadaver for dissection in training medical students
L7-0714	7-9	大体上	大體上	dà tǐ shàng	4,3,4		大体上	大體上	overall; in general terms
L7-0715	7-9	大同小异	大同小異	dà tóng xiǎo yì	4,2,3,4		大同小异	大同小異	virtually the same; differing only on small points
L7-0716	7-9	大腕儿	大腕兒	dà wàn r	4,4,5	N	大腕儿	大腕兒	erhua variant of 大腕[da4 wan4]
L7-0717	7-9	大选	大選	dà xuǎn	4,3	V	大选	大選	general election
L7-0718	7-9	大雁	大雁	dà yàn	4,4	N	大雁	大雁	wild goose; CL:隻|只[zhi1]
L7-0719	7-9	大意	大意	dà yì	4,4	N	大意	大意	general idea; main idea
L7-0720	7-9	大意	大意	dà yi	4,5	Adj	大意	大意	careless
L7-0721	7-9	大有可为	大有可為	dà yǒu kě wéi	4,3,3,2		大有可为	大有可為	with great prospects for the future (idiom); well worth doing
L7-0722	7-9	大宗	大宗	dà zōng	4,1	Adj/N	大宗	大宗	large amount; staple; influential family of long standing
L7-0723	7-9	歹徒	歹徒	dǎi tú	3,2	N	歹徒	歹徒	evildoer; malefactor; gangster; hoodlum
L7-0724	7-9	逮	逮	dǎi	3	V	逮	逮	(coll.) to catch; to seize; to capture
L7-0725	7-9	代号	代號	dài hào	4,4	N	代号	代號	code name
L7-0726	7-9	代理人	代理人	dài lǐ rén	4,3,2	N	代理人	代理人	agent
L7-0727	7-9	代言人	代言人	dài yán rén	4,2,2	N	代言人	代言人	spokesperson
L7-0728	7-9	带队	帶隊	dài duì	4,4	V	带队	帶隊	to lead a team; to lead a group; group leader; (tourism) tour guide
L7-0729	7-9	带路	帶路	dài lù	4,4		带路	帶路	to lead the way; to guide; to show the way; (fig.) to instruct
L7-0730	7-9	带头	帶頭	dài tóu	4,2		带头	帶頭	to take the lead; to be the first; to set an example
L7-0731	7-9	带头人	帶頭人	dài tóu rén	4,2,2	N	带头人	帶頭人	leader
L7-0732	7-9	待	待	dài	4	V	待	待	to wait; to treat; to deal with; to need; going to (do sth); about to; intending to
L7-0733	7-9	怠工	怠工	dài gōng	4,1		怠工	怠工	to slacken off in one's work; to go slow (as a form of strike)
L7-0734	7-9	怠慢	怠慢	dài màn	4,4	V	怠慢	怠慢	to slight; to neglect
L7-0735	7-9	逮捕	逮捕	dài bǔ	4,3	V	逮捕	逮捕	to arrest; to apprehend; to take into custody; Taiwan pr. [dai3bu3]
L7-0736	7-9	担	擔	dān	1	V	担	擔	to undertake; to carry; to shoulder; to take responsibility
L7-0737	7-9	担当	擔當	dān dāng	1,1	V	担当	擔當	to take upon oneself; to assume
L7-0738	7-9	担负	擔負	dān fù	1,4	V	担负	擔負	to shoulder; to bear; to undertake
L7-0739	7-9	单边	單邊	dān biān	1,1	Adj	单边	單邊	unilateral
L7-0740	7-9	单薄	單薄	dān bó	1,2	Adj	单薄	單薄	weak; frail; thin; flimsy
L7-0741	7-9	单方面	單方面	dān fāng miàn	1,1,4	N	单方面	單方面	unilateral
L7-0742	7-9	单身	單身	dān shēn	1,1	N	单身	單身	unmarried; single; alone
L7-0743	7-9	耽搁	耽擱	dān ge	1,5	V	耽搁	耽擱	to tarry; to delay; to stop over
L7-0744	7-9	耽误	耽誤	dān wu	1,5	V	耽误	耽誤	to delay; to hold up; to waste time; to interfere with
L7-0745	7-9	胆怯	膽怯	dǎn qiè	3,4	Adj	胆怯	膽怯	timidity; timid; cowardly
L7-0746	7-9	胆子	膽子	dǎn zi	3,5	N	胆子	膽子	courage; nerve; guts
L7-0747	7-9	但愿	但願	dàn yuàn	4,4	V	但愿	但願	if only (sth were possible); I wish (that)
L7-0748	7-9	担	擔	dàn	4	M	担	擔	picul (100 catties, 50 kg); two buckets full; carrying pole and its load; classifier for loads carried on a shoulder pole
L7-0749	7-9	担子	擔子	dàn zi	4,5	N	担子	擔子	carrying pole and the loads on it; burden; task; responsibility; CL:副[fu4]
L7-0750	7-9	诞辰	誕辰	dàn chén	4,2	N	诞辰	誕辰	birthday
L7-0751	7-9	淡化	淡化	dàn huà	4,4	V	淡化	淡化	to water down; to play down; to trivialize; to weaken; to become dull with time; to desalinate; desalination
L7-0752	7-9	淡季	淡季	dàn jì	4,4	N	淡季	淡季	off season; slow business season; see also 旺季[wang4 ji4]
L7-0753	7-9	蛋白质	蛋白質	dàn bái zhì	4,2,4	N	蛋白质	蛋白質	protein
L7-0754	7-9	当即	當即	dāng jí	1,2	Adv	当即	當即	at once; on the spot
L7-0755	7-9	当今	當今	dāng jīn	1,1	N	当今	當今	the present time; (old) (in reference to the reigning monarch) His Majesty
L7-0756	7-9	当面	當面	dāng miàn	1,4		当面	當面	to sb's face; in sb's presence
L7-0757	7-9	当日	當日	dāng rì	1,4	N	当日	當日	on that day
L7-0758	7-9	当事人	當事人	dāng shì rén	1,4,2	N	当事人	當事人	persons involved or implicated; party (to an affair)
L7-0759	7-9	当务之急	當務之急	dāng wù zhī jí	1,4,1,2		当务之急	當務之急	(idiom) top priority job; a matter of the greatest urgency
L7-0760	7-9	当下	當下	dāng xià	1,4	Adv	当下	當下	immediately; at once; at that moment; at the moment
L7-0761	7-9	当心	當心	dāng xīn	1,1	V	当心	當心	to take care; to look out
L7-0762	7-9	当着	當著	dāng zhe	1,5		当着	當著	in front of; in the presence of
L7-0763	7-9	当之无愧	當之無愧	dāng zhī wú kuì	1,1,2,4		当之无愧	當之無愧	fully deserving, without any reservations (idiom); entirely worthy (of a title, honor etc)
L7-0764	7-9	当众	當眾	dāng zhòng	1,4	Adv	当众	當眾	in public; in front of everybody
L7-0765	7-9	当晚	當晚	dàng wǎn	4,3	N	当晚	當晚	the same evening
L7-0766	7-9	当真	當真	dàng zhēn	4,1	V/Adv	当真	當真	to take seriously; serious; No joking, really!
L7-0767	7-9	荡漾	盪漾	dàng yàng	4,4	V	荡漾	盪漾|蕩漾	to ripple; to undulate
L7-0768	7-9	档次	檔次	dàng cì	4,4	N	档次	檔次	grade; class; quality; level
L7-0769	7-9	导弹	導彈	dǎo dàn	3,4	N	导弹	導彈	(guided) missile; CL:枚[mei2]
L7-0770	7-9	导航	導航	dǎo háng	3,2	V	导航	導航	(lit. and fig.) to navigate
L7-0771	7-9	导火索	導火索	dǎo huǒ suǒ	3,3,3	N	导火索	導火索	fuse (for explosive)
L7-0772	7-9	导师	導師	dǎo shī	3,1	N	导师	導師	tutor; teacher; academic advisor
L7-0773	7-9	导向	導向	dǎo xiàng	3,4	V/N	导向	導向	to be oriented towards; orientation
L7-0774	7-9	岛屿	島嶼	dǎo yǔ	3,3	N	岛屿	島嶼	island
L7-0775	7-9	捣乱	搗亂	dǎo luàn	3,4		捣乱	搗亂	to disturb; to look for trouble; to stir up a row; to bother sb intentionally
L7-0776	7-9	倒卖	倒賣	dǎo mài	3,4	V	倒卖	倒賣	to resell at a profit; to speculate
L7-0777	7-9	倒霉	倒霉	dǎo méi	3,2		倒霉	倒霉	to have bad luck; to be out of luck
L7-0778	7-9	倒塌	倒塌	dǎo tā	3,1	V	倒塌	倒塌	to collapse (of building); to topple over
L7-0779	7-9	倒下	倒下	dǎo xià	3,4		倒下	倒下	to collapse; to topple over
L7-0780	7-9	到头来	到頭來	dào tóu lái	4,2,2	Adv	到头来	到頭來	in the end; finally; as a result
L7-0781	7-9	到位	到位	dào wèi	4,4		到位	到位	to get to the intended location; to be in place; to be in position; precise; well (done)
L7-0782	7-9	倒计时	倒計時	dào jì shí	4,4,2	V	倒计时	倒計時	to count down; countdown
L7-0783	7-9	倒数	倒數	dào shǔ	4,3	V	倒数	倒數	to count backwards (from 10 down to 0); to count down; from the bottom (lines on a page); from the back (rows of seats)
L7-0784	7-9	盗	盜	dào	4	V	盗	盜	to steal; to rob; to plunder; thief; bandit; robber
L7-0785	7-9	盗窃	盜竊	dào qiè	4,4	V	盗窃	盜竊	to steal
L7-0786	7-9	悼念	悼念	dào niàn	4,4	V	悼念	悼念	to grieve
L7-0787	7-9	道具	道具	dào jù	4,4	N	道具	道具	(theater) prop; paraphernalia; (gaming) item; artifact
L7-0788	7-9	稻草	稻草	dào cǎo	4,3	N	稻草	稻草	rice straw
L7-0789	7-9	得不偿失	得不償失	dé bù cháng shī	2,4,2,1		得不偿失	得不償失	the gains do not make up for the losses (idiom)
L7-0790	7-9	得当	得當	dé dàng	2,4	Adj	得当	得當	appropriate; suitable
L7-0791	7-9	得力	得力	dé lì	2,4	Adj	得力	得力	able; capable; competent; efficient
L7-0792	7-9	得失	得失	dé shī	2,1	N	得失	得失	gains and losses; success and failure; merits and demerits
L7-0793	7-9	得手	得手	dé shǒu	2,3	Adj	得手	得手	to go smoothly; to come off; to succeed
L7-0794	7-9	得体	得體	dé tǐ	2,3	Adj	得体	得體	appropriate to the occasion; fitting
L7-0795	7-9	得天独厚	得天獨厚	dé tiān dú hòu	2,1,2,4		得天独厚	得天獨厚	blessed by heaven (idiom); enjoying exceptional advantages; favored by nature
L7-0796	7-9	得益于	得益於	dé yì yú	2,4,2		得益于	得益於	to benefit from; thanks to
L7-0797	7-9	得意扬扬	得意揚揚	dé yì yáng yáng	2,4,2,2		得意扬扬	得意揚揚	variant of 得意洋洋[de2 yi4 yang2 yang2]
L7-0798	7-9	得知	得知	dé zhī	2,1	V	得知	得知	to find out; to learn of
L7-0799	7-9	得罪	得罪	dé zuì	2,4	V	得罪	得罪	to commit an offense; to violate the law; excuse me! (formal); see also 得罪[de2 zui5]
L7-0800	7-9	德	德	dé	2	N	德	德	virtue; goodness; morality; ethics; kindness; favor; character; kind
L7-0801	7-9	灯笼	燈籠	dēng lóng	1,2	N	灯笼	燈籠	lantern
L7-0802	7-9	灯泡	燈泡	dēng pào	1,4	N	灯泡	燈泡	light bulb; see also 電燈泡|电灯泡[dian4 deng1 pao4]; third-wheel or unwanted third party spoiling a couple's date (slang); CL:個|个[ge4]
L7-0803	7-9	登机	登機	dēng jī	1,1	V	登机	登機	to board a plane
L7-0804	7-9	登陆	登陸	dēng lù	1,4		登陆	登陸	to land; to come ashore; to make landfall (of typhoon etc); to log in (frequently used erroneous variant of 登錄|登录[deng1 lu4])
L7-0805	7-9	蹬	蹬	dēng	1	V	蹬	蹬	to step on; to tread on; to put on; to wear (shoes, trousers etc); (slang) to dump (sb); Taiwan pr. [deng4]
L7-0806	7-9	凳子	凳子	dèng zi	4,5	N	凳子	凳子	stool; small seat
L7-0807	7-9	瞪	瞪	dèng	4	V	瞪	瞪	to open (one's eyes) wide; to stare at; to glare at
L7-0808	7-9	低调	低調	dī diào	1,4	N/Adj	低调	低調	low pitch; quiet (voice); subdued; low-key; low-profile
L7-0809	7-9	低估	低估	dī gū	1,1	V	低估	低估	to underestimate; to underrate
L7-0810	7-9	低谷	低谷	dī gǔ	1,3	N	低谷	低谷	valley; trough (as opposed to peaks); fig. low point; lowest ebb; nadir of one's fortunes
L7-0811	7-9	低价	低價	dī jià	1,4	N	低价	低價	low price
L7-0812	7-9	低迷	低迷	dī mí	1,2	Adj	低迷	低迷	blurred (landscape etc); low (spirits); in a slump (economy)
L7-0813	7-9	低碳	低碳	dī tàn	1,4	Adj	低碳	低碳	(attributive) low-carbon; low-carb (diet)
L7-0814	7-9	低下	低下	dī xià	1,4	Adj	低下	低下	low status; lowly; to lower (one's head)
L7-0815	7-9	堤	堤	dī	1	N	堤	堤	dike; Taiwan pr. [ti2]
L7-0816	7-9	堤坝	堤壩	dī bà	1,4	N	堤坝	堤壩	dam; dike
L7-0817	7-9	提防	提防	dī fang	1,5	V	提防	提防	to guard against; to be vigilant; watch you don't (slip); Taiwan pr. [ti2 fang2]
L7-0818	7-9	笛子	笛子	dí zi	2,5	N	笛子	笛子	bamboo flute; CL:管[guan3]
L7-0819	7-9	抵触	抵觸	dǐ chù	3,4	V	抵触	抵觸	to conflict; to contradict
L7-0820	7-9	抵挡	抵擋	dǐ dǎng	3,3	V	抵挡	抵擋	to resist; to hold back; to stop; to ward off; to withstand
L7-0821	7-9	抵消	抵消	dǐ xiāo	3,1	V	抵消	抵消	to counteract; to cancel out; to offset
L7-0822	7-9	抵押	抵押	dǐ yā	3,1	V	抵押	抵押	to provide (an asset) as security for a loan; to put up collateral
L7-0823	7-9	抵御	抵禦	dǐ yù	3,4	V	抵御	抵禦	to resist; to withstand
L7-0824	7-9	抵制	抵制	dǐ zhì	3,4	V	抵制	抵制	to resist; to boycott; to refuse (to cooperate); to reject; resistance; refusal
L7-0825	7-9	底层	底層	dǐ céng	3,2	N	底层	底層	ground floor; first floor; lowest level; lowest rung (of society etc)
L7-0826	7-9	底线	底線	dǐ xiàn	3,4	N	底线	底線	bottom line; the limit of what one is prepared to accept; (sports) baseline; (sewing) under thread; spy; informer; plant
L7-0827	7-9	底蕴	底蘊	dǐ yùn	3,4	N	底蕴	底蘊	inside information; concrete details
L7-0828	7-9	底子	底子	dǐ zi	3,5	N	底子	底子	base; foundation; bottom
L7-0829	7-9	地步	地步	dì bù	4,4	N	地步	地步	stage; degree (to which a situation has evolved); a (usu. bad) situation; leeway
L7-0830	7-9	地道	地道	dì dào	4,4	N	地道	地道	tunnel; causeway
L7-0831	7-9	地道	地道	dì dao	4,5	Adj	地道	地道	authentic; genuine; proper
L7-0832	7-9	地段	地段	dì duàn	4,4	N	地段	地段	section; district
L7-0833	7-9	地理	地理	dì lǐ	4,3	N	地理	地理	geography
L7-0834	7-9	地毯	地毯	dì tǎn	4,3	N	地毯	地毯	carpet; rug
L7-0835	7-9	地下水	地下水	dì xià shuǐ	4,4,3	N	地下水	地下水	groundwater
L7-0836	7-9	地狱	地獄	dì yù	4,4	N	地狱	地獄	hell; underworld; (Buddhism) Naraka; (coll.) (of humor, jokes, content etc) extremely dark or morally transgressive
L7-0837	7-9	地域	地域	dì yù	4,4	N	地域	地域	area; district; region
L7-0838	7-9	地质	地質	dì zhì	4,4	N	地质	地質	geology
L7-0839	7-9	弟子	弟子	dì zǐ	4,3	N	弟子	弟子	disciple; follower
L7-0840	7-9	帝国	帝國	dì guó	4,2	N	帝国	帝國	empire; imperial
L7-0841	7-9	帝国主义	帝國主義	dì guó zhǔ yì	4,2,3,4		帝国主义	帝國主義	imperialism
L7-0842	7-9	递交	遞交	dì jiāo	4,1	V	递交	遞交	to present; to give; to hand over; to hand in; to lay before
L7-0843	7-9	第一手	第一手	dì yī shǒu	4,1,3	Adj	第一手	第一手	first-hand
L7-0844	7-9	第一线	第一線	dì yī xiàn	4,1,4	N	第一线	第一線	front line; forefront
L7-0845	7-9	颠倒	顛倒	diān dǎo	1,3	V	颠倒	顛倒	to turn upside down; to reverse; back to front; confused; deranged; crazy
L7-0846	7-9	颠覆	顛覆	diān fù	1,4	V	颠覆	顛覆	to topple (i.e. knock over); to capsize; fig. to overturn (a regime, by plotting or subversion); to undermine; to subvert
L7-0847	7-9	巅峰	巔峰	diān fēng	1,1	N	巅峰	巔峰	summit; apex; pinnacle (of one's career etc); peak (of a civilization etc)
L7-0848	7-9	典范	典範	diǎn fàn	3,4	N	典范	典範	model; example; paragon
L7-0849	7-9	点火	點火	diǎn huǒ	3,3		点火	點火	to ignite; to light a fire; to agitate; to start an engine; ignition; fig. to stir up trouble
L7-0850	7-9	点击率	點擊率	diǎn jī lǜ	3,1,4	N	点击率	點擊率	click-through rate (CTR) (Internet)
L7-0851	7-9	点评	點評	diǎn píng	3,2	V/N	点评	點評	to comment; a point by point commentary
L7-0852	7-9	点心	點心	diǎn xin	3,5	N	点心	點心	light refreshments; pastry; dim sum (in Cantonese cooking); dessert
L7-0853	7-9	点缀	點綴	diǎn zhuì	3,4	V	点缀	點綴	to decorate; to adorn; sprinkled; studded; only for show
L7-0854	7-9	点子	點子	diǎn zi	3,5	N	点子	點子	spot; point; dot; speck; drop (of liquid); droplet; point (of argument); idea; crux; indication; pointer
L7-0855	7-9	电报	電報	diàn bào	4,4	N	电报	電報	telegram; cable; telegraph; CL:封[feng1],份[fen4]
L7-0856	7-9	电铃	電鈴	diàn líng	4,2	N	电铃	電鈴	electric bell
L7-0857	7-9	电网	電網	diàn wǎng	4,3	N	电网	電網	electricity grid; power grid; electrified wire netting
L7-0858	7-9	电线	電線	diàn xiàn	4,4	N	电线	電線	wire; power cord; CL:根[gen1]
L7-0859	7-9	电信	電信	diàn xìn	4,4	N	电信	電信	telecommunications
L7-0860	7-9	电讯	電訊	diàn xùn	4,4	N	电讯	電訊	telecommunications; telecom
L7-0861	7-9	垫	墊	diàn	4	V	垫	墊	pad; cushion; mat; to pad out; to fill a gap; to pay for sb; to advance (money)
L7-0862	7-9	垫底	墊底	diàn dǐ	4,3		垫底	墊底	to put sth on the bottom; to eat sth to tide oneself over until mealtime; to lay the foundation; to come last in the rankings
L7-0863	7-9	垫子	墊子	diàn zi	4,5	N	垫子	墊子	cushion; mat; pad
L7-0864	7-9	淀粉	澱粉	diàn fěn	4,3	N	淀粉	澱粉	starch; amylum (C6H10O5)n
L7-0865	7-9	惦记	惦記	diàn jì	4,4	V	惦记	惦記	to think of; to keep thinking about; to be concerned about
L7-0866	7-9	奠定	奠定	diàn dìng	4,4	V	奠定	奠定	to establish; to fix; to settle
L7-0867	7-9	殿堂	殿堂	diàn táng	4,2	N	殿堂	殿堂	palace; hall; temple buildings
L7-0868	7-9	刁难	刁難	diāo nàn	1,4	V	刁难	刁難	to be hard on sb; to deliberately make things difficult; Taiwan pr. [diao1nan2]
L7-0869	7-9	叼	叼	diāo	1	V	叼	叼	to hold with one's mouth (as a smoker with a cigarette or a dog with a bone)
L7-0870	7-9	雕	雕	diāo	1	V	雕	雕	to carve; to engrave; shrewd; bird of prey
L7-0871	7-9	雕刻	雕刻	diāo kè	1,4	V/N	雕刻	雕刻	to carve; to engrave; carving
L7-0872	7-9	雕塑	雕塑	diāo sù	1,4	V/N	雕塑	雕塑	a statue; a Buddhist image; sculpture; to carve
L7-0873	7-9	吊销	吊銷	diào xiāo	4,1	V	吊销	吊銷	to suspend (an agreement); to revoke
L7-0874	7-9	钓鱼	釣魚	diào yú	4,2	V	钓鱼	釣魚	to fish (with line and hook); to angle; (fig.) to entrap; (Tw) to repeatedly nod one's head while dozing
L7-0875	7-9	调度	調度	diào dù	4,4	V/N	调度	調度	to dispatch (vehicles, staff etc); to schedule; to manage; dispatcher; scheduler
L7-0876	7-9	掉队	掉隊	diào duì	4,4		掉队	掉隊	to fall behind; to drop out
L7-0877	7-9	掉头	掉頭	diào tóu	4,2		掉头	掉頭	to turn one's head; to turn round; to turn about
L7-0878	7-9	爹	爹	diē	1	N	爹	爹	dad
L7-0879	7-9	迭起	迭起	dié qǐ	2,3	V	迭起	迭起	continuously arising; to arise repeatedly
L7-0880	7-9	叠	疊	dié	2	V	叠	疊	to pile up; (bound form) repeated; to fold; classifier: stack, pile (of thin objects); classifier for repeated sections in a musical composition
L7-0881	7-9	丁	丁	dīng	1	N	丁	丁	male adult; the 4th of the 10 Heavenly Stems 天干[tian1 gan1]; fourth (used like "4" or "D"); small cube of meat or vegetable; (literary) to encounter; (archaic) ancient Chinese compass point: 195°; (chemistry) butyl
L7-0882	7-9	叮嘱	叮囑	dīng zhǔ	1,3	V	叮嘱	叮囑	to warn repeatedly; to urge; to exhort again and again
L7-0883	7-9	盯	盯	dīng	1	V	盯	盯	to watch attentively; to fix one's attention on; to stare at; to gaze at
L7-0884	7-9	钉子	釘子	dīng zi	1,5	N	钉子	釘子	nail; snag; saboteur
L7-0885	7-9	顶多	頂多	dǐng duō	3,1	Adv	顶多	頂多	at most; at best
L7-0886	7-9	顶级	頂級	dǐng jí	3,2	Adj	顶级	頂級	top-notch; first-rate
L7-0887	7-9	顶尖	頂尖	dǐng jiān	3,1	N/Adj	顶尖	頂尖	peak; apex; world best; number one; finest (competitors); top (figures in a certain field)
L7-0888	7-9	订单	訂單	dìng dān	4,1	N	订单	訂單	(purchase) order
L7-0889	7-9	订购	訂購	dìng gòu	4,4	V	订购	訂購	to place an order; to subscribe
L7-0890	7-9	订婚	訂婚	dìng hūn	4,1		订婚	訂婚	to get engaged
L7-0891	7-9	订立	訂立	dìng lì	4,4	V	订立	訂立	to conclude (treaty, contract, agreement etc); to set up (a rule etc)
L7-0892	7-9	钉	釘	dìng	4	V	钉	釘	to join things together by fixing them in place at one or more points; to nail; to pin; to staple; to sew on
L7-0893	7-9	定金	定金	dìng jīn	4,1	N	定金	定金	down payment; advance payment
L7-0894	7-9	定居	定居	dìng jū	4,1		定居	定居	to settle (in some city, country etc); to take up residence
L7-0895	7-9	定论	定論	dìng lùn	4,4	N	定论	定論	final conclusion; accepted argument
L7-0896	7-9	定为	定為	dìngwéi			定为	定為	to designate or set as
L7-0897	7-9	定向	定向	dìng xiàng	4,4	V	定向	定向	to orientate; directional; directed; orienteering
L7-0898	7-9	定心丸	定心丸	dìng xīn wán	4,1,2	N	定心丸	定心丸	tranquilizer; sth that sets one's mind at ease
L7-0899	7-9	定义	定義	dìng yì	4,4	N	定义	定義	definition; to define
L7-0900	7-9	定做	定做	dìng zuò	4,4	V	定做	定做	to have something made to order
L7-0901	7-9	丢掉	丟掉	diū diào	1,4	V	丢掉	丟掉	to lose; to throw away; to discard; to cast away
L7-0902	7-9	丢脸	丟臉	diū liǎn	1,3		丢脸	丟臉	to lose face; humiliation
L7-0903	7-9	丢弃	丟棄	diū qì	1,4	V	丢弃	丟棄	to discard; to abandon
L7-0904	7-9	丢人	丟人	diū rén	1,2		丢人	丟人	to lose face
L7-0905	7-9	丢失	丟失	diū shī	1,1	V	丢失	丟失	to lose; to misplace
L7-0906	7-9	东奔西走	東奔西走	dōng bēn xī zǒu	1,1,1,3		东奔西走	東奔西走	to run this way and that (idiom); to rush about busily; to bustle about; to hopscotch; also 東跑西顛|东跑西颠[dong1 pao3 xi1 dian1]
L7-0907	7-9	东道主	東道主	dōng dào zhǔ	1,4,3	N	东道主	東道主	host; official host (e.g. venue for games or a conference)
L7-0908	7-9	东张西望	東張西望	dōng zhāng xī wàng	1,1,1,4		东张西望	東張西望	to look in all directions (idiom); to glance around
L7-0909	7-9	董事	董事	dǒng shì	3,4	N	董事	董事	board member
L7-0910	7-9	董事会	董事會	dǒng shì huì	3,4,4	N	董事会	董事會	board of directors
L7-0911	7-9	董事长	董事長	dǒng shì zhǎng	3,4,3	N	董事长	董事長	chairman of the board of directors
L7-0912	7-9	懂事	懂事	dǒng shì	3,4		懂事	懂事	to grow beyond the naivete of childhood; to be aware of what is going on in the world; (esp. of a child) sensible; thoughtful; intelligent
L7-0913	7-9	动不动	動不動	dòng bu dòng	4,5,4	Adv	动不动	動不動	(typically followed by 就[jiu4]) apt to (lose one's temper, catch a cold etc); at the drop of a hat
L7-0914	7-9	动荡	動盪	dòng dàng	4,4	V/Adj	动荡	動盪	variant of 動蕩|动荡[dong4 dang4]
L7-0915	7-9	动感	動感	dòng gǎn	4,3	N	动感	動感	sense of movement (often in a static work of art); dynamic; vivid; lifelike
L7-0916	7-9	动工	動工	dòng gōng	4,1		动工	動工	to start (a building project)
L7-0917	7-9	动静	動靜	dòng jìng	4,4	N	动静	動靜	(detectable) movement; (sign of) activity; movement and stillness
L7-0918	7-9	动脉	動脈	dòng mài	4,4	N	动脉	動脈	artery
L7-0919	7-9	动身	動身	dòng shēn	4,1		动身	動身	to go on a journey; to leave
L7-0920	7-9	动弹	動彈	dòng tan	4,5	V	动弹	動彈	to budge
L7-0921	7-9	动听	動聽	dòng tīng	4,1	Adj	动听	動聽	pleasant to listen to
L7-0922	7-9	动向	動向	dòng xiàng	4,4	N	动向	動向	trend; tendency
L7-0923	7-9	动用	動用	dòng yòng	4,4	V	动用	動用	to utilize; to put sth to use
L7-0924	7-9	冻结	凍結	dòng jié	4,2	V	冻结	凍結	to freeze (water etc); (fig.) to freeze (assets, prices etc)
L7-0925	7-9	栋	棟	dòng	4	M	栋	棟	classifier for houses or buildings; ridgepole (old)
L7-0926	7-9	栋梁	棟梁	dòng liáng	4,2	N	栋梁	棟梁	ridgepole; ridgepole and beams; person able to bear heavy responsibility; mainstay (of organization); pillar (of state)
L7-0927	7-9	兜	兜	dōu	1	V	兜	兜	pocket; bag; to wrap up or hold in a bag; to move in a circle; to canvas or solicit; to take responsibility for; to disclose in detail; combat armor (old)
L7-0928	7-9	兜儿	兜兒	dōu r	1,5	N	兜儿	兜兒	erhua variant of 兜[dou1]
L7-0929	7-9	兜售	兜售	dōu shòu	1,4	V	兜售	兜售	to hawk; to peddle
L7-0930	7-9	抖	抖	dǒu	3	V	抖	抖	to tremble; to shake out; to reveal; to make it in the world
L7-0931	7-9	陡	陡	dǒu	3	Adj	陡	陡	steep; precipitous; (of a change) abrupt; sudden
L7-0932	7-9	斗	鬥	dòu	4	V	斗	鬥	to fight; to struggle; to condemn; to censure; to contend; to put together; coming together
L7-0933	7-9	斗志	鬥志	dòu zhì	4,4	N	斗志	鬥志	will to fight; fighting spirit
L7-0934	7-9	豆浆	豆漿	dòu jiāng	4,1	N	豆浆	豆漿	soy milk
L7-0935	7-9	豆子	豆子	dòu zi	4,5	N	豆子	豆子	bean; pea; CL:顆|颗[ke1]
L7-0936	7-9	逗	逗	dòu	4	V/Adj	逗	逗	to tease (playfully); to entice; (coll.) to joke; (coll.) funny; amusing; to stay; to sojourn; brief pause at the end of a phrase (variant of 讀|读[dou4])
L7-0937	7-9	都会	都會	dū huì	1,4	N	都会	都會	city; metropolis
L7-0938	7-9	督促	督促	dū cù	1,4	V	督促	督促	to supervise and urge completion of a task; to urge on
L7-0939	7-9	独	獨	dú	2	Adv	独	獨	alone; independent; single; sole; only
L7-0940	7-9	独唱	獨唱	dú chàng	2,4	V	独唱	獨唱	(in singing) solo; to solo
L7-0941	7-9	独家	獨家	dú jiā	2,1	N	独家	獨家	exclusive
L7-0942	7-9	独立自主	獨立自主	dú lì zì zhǔ	2,4,4,3		独立自主	獨立自主	independent and autonomous (idiom); self-determination; to act independently; to maintain control over one's own affairs
L7-0943	7-9	独身	獨身	dú shēn	2,1	V	独身	獨身	unmarried; single; alone
L7-0944	7-9	独一无二	獨一無二	dú yī wú èr	2,1,2,4		独一无二	獨一無二	(idiom) unique; unmatched; unrivalled
L7-0945	7-9	堵塞	堵塞	dǔ sè	3,4	V	堵塞	堵塞	to clog up; blockage
L7-0946	7-9	杜绝	杜絕	dù jué	4,2	V	杜绝	杜絕	to put an end to
L7-0947	7-9	妒忌	妒忌	dù jì	4,4	V	妒忌	妒忌	to be jealous of (sb's achievements etc); to be envious; envy
L7-0948	7-9	度	度	dù	4	Suffix	度（知名度）	度（知名度）	to pass; to spend (time); measure; limit; extent; degree of intensity; degree (angles, temperature etc); kilowatt-hour; classifier for events and occurrences
L7-0949	7-9	度假	度假	dù jià	4,4	V	度假	度假	to go on holidays; to spend one's vacation
L7-0950	7-9	渡过	渡過	dù guò	4,4		渡过	渡過	to cross over; to pass through
L7-0951	7-9	端正	端正	duān zhèng	1,4	Adj/V	端正	端正	upright; regular; proper; correct
L7-0952	7-9	短缺	短缺	duǎn quē	3,1	V	短缺	短缺	shortage
L7-0953	7-9	短暂	短暫	duǎn zàn	3,4	Adj	短暂	短暫	of short duration; brief; momentary
L7-0954	7-9	段落	段落	duàn luò	4,4	N	段落	段落	phase; time interval; paragraph; (written) passage
L7-0955	7-9	断定	斷定	duàn dìng	4,4	V	断定	斷定	to conclude; to determine; to come to a judgment
L7-0956	7-9	断断续续	斷斷續續	duàn duàn xù xù	4,4,4,4	Adj	断断续续	斷斷續續	intermittent; off and on; discontinuous; stop-go; stammering; disjointed; inarticulate
L7-0957	7-9	断裂	斷裂	duàn liè	4,4	V	断裂	斷裂	fracture; rupture; to break apart
L7-0958	7-9	堆砌	堆砌	duī qì	1,4	V	堆砌	堆砌	lit. to pile up (bricks); to pack; fig. to pad out (writing with fancy phrases); ornate rhetoric
L7-0959	7-9	队形	隊形	duì xíng	4,2	N	队形	隊形	formation
L7-0960	7-9	对白	對白	duì bái	4,2	N	对白	對白	dialogue (in a movie or a play)
L7-0961	7-9	对策	對策	duì cè	4,4	N	对策	對策	countermeasure for dealing with a situation
L7-0962	7-9	对称	對稱	duì chèn	4,4	Adj	对称	對稱	symmetry; symmetrical
L7-0963	7-9	对得起	對得起	duì de qǐ	4,5,3	V	对得起	對得起	not to let sb down; to treat sb fairly; be worthy of
L7-0964	7-9	对联	對聯	duì lián	4,2	N	对联	對聯	rhyming couplet; pair of lines of verse written vertically down the sides of a doorway; CL:副[fu4],幅[fu2]
L7-0965	7-9	对弈	對弈	duì yì	4,4	V	对弈	對弈	to play go, chess etc
L7-0966	7-9	对照	對照	duì zhào	4,4	V	对照	對照	to contrast; to compare; to place side by side for comparison (as parallel texts); to check
L7-0967	7-9	对峙	對峙	duì zhì	4,4	V	对峙	對峙	(of mountains etc) to stand facing each other; (fig.) to confront each other
L7-0968	7-9	对准	對準	duì zhǔn	4,3		对准	對準	to aim at; to target; to point at; to be directed at; registration; alignment (mechanical engineering)
L7-0969	7-9	兑换	兌換	duì huàn	4,4	V	兑换	兌換	to convert; to exchange
L7-0970	7-9	兑现	兌現	duì xiàn	4,4	V	兑现	兌現	(of a check etc) to cash; to honor a commitment
L7-0971	7-9	敦促	敦促	dūn cù	1,4	V	敦促	敦促	to press; to urge; to hasten
L7-0972	7-9	敦厚	敦厚	dūn hòu	1,4	Adj	敦厚	敦厚	genuine; honest and sincere
L7-0973	7-9	炖	燉	dùn	4	V	炖	燉	to stew
L7-0974	7-9	顿时	頓時	dùn shí	4,2	Adv	顿时	頓時	immediately; suddenly
L7-0975	7-9	多边	多邊	duō biān	1,1	Adj	多边	多邊	multilateral
L7-0976	7-9	多功能	多功能	duō gōng néng	1,1,2	Adj	多功能	多功能	multifunctional; multifunction
L7-0977	7-9	多亏	多虧	duō kuī	1,1	V	多亏	多虧	thanks to; luckily
L7-0978	7-9	多劳多得	多勞多得	duō láo duō dé	1,2,1,2		多劳多得	多勞多得	work more and get more
L7-0979	7-9	多年来	多年來	duō nián lái	1,2,2		多年来	多年來	for the past many years
L7-0980	7-9	多心	多心	duō xīn	1,1		多心	多心	oversensitive; suspicious
L7-0981	7-9	多余	多餘	duō yú	1,2	V/Adj	多余	多餘	superfluous; unnecessary; surplus
L7-0982	7-9	多元	多元	duō yuán	1,2	Adj	多元	多元	poly-; multi-; multielement; multivariant; multivariate (math.)
L7-0983	7-9	哆嗦	哆嗦	duō suo	1,5	V	哆嗦	哆嗦	to tremble; to shiver
L7-0984	7-9	夺冠	奪冠	duó guàn	2,4		夺冠	奪冠	to seize the crown; fig. to win a championship; to win gold medal
L7-0985	7-9	夺魁	奪魁	duó kuí	2,2		夺魁	奪魁	to win the championship; to take first place
L7-0986	7-9	躲避	躲避	duǒ bì	3,4	V	躲避	躲避	to hide; to evade; to dodge; to take shelter; to avoid (difficulties)
L7-0987	7-9	躲藏	躲藏	duǒ cáng	3,2	V	躲藏	躲藏	to conceal oneself; to go into hiding; to take cover
L7-0988	7-9	舵手	舵手	duò shǒu	4,3	N	舵手	舵手	helmsman
L7-0989	7-9	堕落	墮落	duò luò	4,4	V	堕落	墮落	to degrade; to degenerate; to become depraved; corrupt; a fall from grace
L7-0990	7-9	讹诈	訛詐	é zhà	2,4	V	讹诈	訛詐	to extort under false pretenses; to blackmail; to bluff; to defraud
L7-0991	7-9	俄语	俄語	É yǔ	2,3	N	俄语	俄語	Russian (language)
L7-0992	7-9	鹅	鵝	é	2	N	鹅	鵝	goose; CL:隻|只[zhi1]
L7-0993	7-9	额外	額外	é wài	2,4	Adj	额外	額外	extra; added; additional
L7-0994	7-9	厄运	厄運	è yùn	4,4	N	厄运	厄運	bad luck; misfortune; adversity
L7-0995	7-9	恶	惡	è	4	Adj	恶	惡	evil; fierce; vicious; ugly; coarse; to harm
L7-0996	7-9	恶化	惡化	è huà	4,4	V	恶化	惡化	to worsen
L7-0997	7-9	恶劣	惡劣	è liè	4,4	Adj	恶劣	惡劣	vile; nasty; of very poor quality
L7-0998	7-9	恶性	惡性	è xìng	4,4	Adj	恶性	惡性	malignant; wicked; vicious (circle); producing evil; rapid (decline); runaway (inflation)
L7-0999	7-9	恶意	惡意	è yì	4,4	N	恶意	惡意	malice; evil intention
L7-1000	7-9	遏制	遏制	è zhì	4,4	V	遏制	遏制	to check; to contain; to hold back; to keep within limits; to constrain; to restrain
L7-1001	7-9	鳄鱼	鱷魚	è yú	4,2	N	鳄鱼	鱷魚	alligator; crocodile (CL:條|条[tiao2])
L7-1002	7-9	恩赐	恩賜	ēn cì	1,4	V	恩赐	恩賜	to bestow (favors, charity etc)
L7-1003	7-9	恩惠	恩惠	ēn huì	1,4	N	恩惠	恩惠	favor; grace
L7-1004	7-9	恩情	恩情	ēn qíng	1,2	N	恩情	恩情	kindness; affection; grace; favor
L7-1005	7-9	恩怨	恩怨	ēn yuàn	1,4	N	恩怨	恩怨	gratitude and grudges; resentment; grudges; grievances
L7-1006	7-9	而已	而已	ér yǐ	2,3	Aux	而已	而已	that's all; nothing more
L7-1007	7-9	耳光	耳光	ěr guāng	3,1	N	耳光	耳光	a slap on the face; CL:記|记[ji4]
L7-1008	7-9	耳目一新	耳目一新	ěr mù yī xīn	3,4,1,1		耳目一新	耳目一新	a pleasant change; a breath of fresh air; refreshing
L7-1009	7-9	耳熟能详	耳熟能詳	ěr shú néng xiáng	3,2,2,2		耳熟能详	耳熟能詳	what's frequently heard can be repeated in detail (idiom)
L7-1010	7-9	耳闻目睹	耳聞目睹	ěr wén mù dǔ	3,2,4,3		耳闻目睹	耳聞目睹	to witness personally
L7-1011	7-9	二手车	二手車	èr shǒu chē	4,3,1	N	二手车	二手車	second-hand car
L7-1012	7-9	二氧化碳	二氧化碳	èr yǎng huà tàn	4,3,4,4	N	二氧化碳	二氧化碳	carbon dioxide CO2
L7-1013	7-9	发布会	發佈會	fā bù huì	1,4,4	N	发布会	發佈會|發布會	news conference; briefing
L7-1014	7-9	发财	發財	fā cái	1,2		发财	發財	to get rich
L7-1015	7-9	发愁	發愁	fā chóu	1,2		发愁	發愁	to worry; to fret; to be anxious; to become sad
L7-1016	7-9	发电机	發電機	fā diàn jī	1,4,1	N	发电机	發電機	electricity generator; dynamo
L7-1017	7-9	发抖	發抖	fā dǒu	1,3	V	发抖	發抖	to tremble; to shake; to shiver
L7-1018	7-9	发愤图强	發憤圖強	fā fèn tú qiáng	1,4,2,2		发愤图强	發憤圖強	to be strongly determined to succeed (idiom)
L7-1019	7-9	发光	發光	fā guāng	1,1		发光	發光	to emit light; to shine; to glow; to glisten; to be luminous
L7-1020	7-9	发火	發火	fā huǒ	1,3		发火	發火	to catch fire; to ignite; to detonate; to get angry
L7-1021	7-9	发酵	發酵	fā jiào	1,4		发酵	發酵	to ferment; (fig.) (of trends, emotions or repercussions etc) to bubble away; to simmer; to develop
L7-1022	7-9	发掘	發掘	fā jué	1,2	V	发掘	發掘	to excavate; to explore; (fig.) to unearth; to tap into
L7-1023	7-9	发愣	發愣	fā lèng	1,4		发愣	發愣	to stare blankly; to be in a daze
L7-1024	7-9	发脾气	發脾氣	fā pí qì	1,2,4		发脾气	發脾氣	to lose one's temper; to fly into a rage; to throw a tantrum
L7-1025	7-9	发起人	發起人	fā qǐ rén	1,3,2	N	发起人	發起人	proposer; initiator; founding member
L7-1026	7-9	发热	發熱	fā rè	1,4		发热	發熱	to have a high temperature; feverish; unable to think calmly; to emit heat
L7-1027	7-9	发誓	發誓	fā shì	1,4		发誓	發誓	to vow; to pledge; to swear
L7-1028	7-9	发泄	發洩	fā xiè	1,4	V	发泄	發洩	to give vent to (one's feelings)
L7-1029	7-9	发扬	發揚	fā yáng	1,2	V	发扬	發揚	to develop; to make full use of
L7-1030	7-9	发扬光大	發揚光大	fā yáng guāng dà	1,2,1,4		发扬光大	發揚光大	to develop and promote; to carry forward; to bring to great height of development
L7-1031	7-9	发育	發育	fā yù	1,4	V	发育	發育	to develop; to mature; growth; development; (sexually) mature
L7-1032	7-9	发源地	發源地	fā yuán dì	1,2,4	N	发源地	發源地	place of origin; birthplace; source
L7-1033	7-9	发作	發作	fā zuò	1,4	V	发作	發作	to flare up; to break out
L7-1034	7-9	阀门	閥門	fá mén	2,2	N	阀门	閥門	valve (mechanical)
L7-1035	7-9	发型	髮型	fà xíng	4,2	N	发型	髮型	hairstyle; coiffure; hairdo
L7-1036	7-9	帆	帆	fān	1	N	帆	帆|颿	to gallop; Taiwan pr. [fan2]; variant of 帆[fan1]
L7-1037	7-9	帆船	帆船	fān chuán	1,2	N	帆船	帆船	sailboat
L7-1038	7-9	翻番	翻番	fān fān	1,1		翻番	翻番	to double; to increase by a certain number of times
L7-1039	7-9	翻来覆去	翻來覆去	fān lái fù qù	1,2,4,4		翻来覆去	翻來覆去	to toss and turn (sleeplessly); again and again
L7-1040	7-9	翻天覆地	翻天覆地	fān tiān fù dì	1,1,4,4		翻天覆地	翻天覆地	sky and the earth turning upside down (idiom); fig. complete confusion; everything turned on its head
L7-1041	7-9	凡	凡	fán	2	Adv	凡	凡	ordinary; commonplace; mundane; temporal; of the material world (as opposed to supernatural or immortal levels); every; all; whatever; altogether; gist; outline; note of Chinese musical scale
L7-1042	7-9	烦闷	煩悶	fán mèn	2,4	Adj	烦闷	煩悶	moody; gloomy
L7-1043	7-9	烦恼	煩惱	fán nǎo	2,3	Adj	烦恼	煩惱	to be worried; to be distressed; worries
L7-1044	7-9	烦躁	煩躁	fán zào	2,4	Adj	烦躁	煩躁	jittery; twitchy; fidgety
L7-1045	7-9	繁华	繁華	fán huá	2,2	Adj	繁华	繁華	flourishing; bustling
L7-1046	7-9	繁忙	繁忙	fán máng	2,2	Adj	繁忙	繁忙	busy; bustling
L7-1047	7-9	繁体字	繁體字	fán tǐ zì	2,3,4	N	繁体字	繁體字	traditional Chinese character
L7-1048	7-9	繁重	繁重	fán zhòng	2,4	Adj	繁重	繁重	heavy; burdensome; heavy-duty; arduous; onerous
L7-1049	7-9	反驳	反駁	fǎn bó	3,2	V	反驳	反駁	to retort; to refute
L7-1050	7-9	反差	反差	fǎn chā	3,1	N	反差	反差	contrast; discrepancy
L7-1051	7-9	反常	反常	fǎn cháng	3,2	Adj	反常	反常	unusual; abnormal
L7-1052	7-9	反倒	反倒	fǎn dào	3,4	Adv	反倒	反倒	(coll.) but on the contrary; but instead
L7-1053	7-9	反感	反感	fǎn gǎn	3,3	Adj/N	反感	反感	to be disgusted with; to dislike; bad reaction; antipathy
L7-1054	7-9	反过来	反過來	fǎn guo lái	3,5,2		反过来	反過來	conversely; in reverse order; in an opposite direction
L7-1055	7-9	反击	反擊	fǎn jī	3,1	V	反击	反擊	to strike back; to beat back; to counterattack
L7-1056	7-9	反馈	反饋	fǎn kuì	3,4	V	反馈	反饋	to send back information; feedback
L7-1057	7-9	反面	反面	fǎn miàn	3,4	N/Adj	反面	反面	reverse side; backside; the other side (of a problem etc); negative; bad
L7-1058	7-9	反思	反思	fǎn sī	3,1	V	反思	反思	to think back over sth; to review; to revisit; to rethink; reflection; reassessment
L7-1059	7-9	反弹	反彈	fǎn tán	3,2	V	反弹	反彈	to bounce; to bounce back; to boomerang; to ricochet; rebound (of stock market etc); bounce; backlash; negative repercussions
L7-1060	7-9	反省	反省	fǎn xǐng	3,3	V	反省	反省	to reflect upon oneself; to examine one's conscience; to question oneself; to search one's soul
L7-1061	7-9	返还	返還	fǎn huán	3,2	V	返还	返還	restitution; return of something to its original owner; remittance
L7-1062	7-9	犯愁	犯愁	fàn chóu	4,2		犯愁	犯愁	to worry; to be anxious
L7-1063	7-9	饭碗	飯碗	fàn wǎn	4,3	N	饭碗	飯碗	rice bowl; fig. livelihood; job; way of making a living
L7-1064	7-9	泛滥	泛濫	fàn làn	4,4	V	泛滥	泛濫	variant of 氾濫|泛滥[fan4 lan4]
L7-1065	7-9	范畴	範疇	fàn chóu	4,2	N	范畴	範疇	category
L7-1066	7-9	贩卖	販賣	fàn mài	4,4	V	贩卖	販賣	to sell; to peddle; to traffic
L7-1067	7-9	方方面面	方方面面	fāng fāng miàn miàn	1,1,4,4	N	方方面面	方方面面	all sides; all aspects; multifaceted
L7-1068	7-9	方向盘	方向盤	fāng xiàng pán	1,4,2	N	方向盘	方向盤	steering wheel
L7-1069	7-9	方言	方言	fāng yán	1,2	N	方言	方言	topolect; dialect
L7-1070	7-9	防盗	防盜	fáng dào	2,4	V	防盗	防盜	to guard against theft; anti-theft
L7-1071	7-9	防盗门	防盜門	fáng dào mén	2,4,2	N	防盗门	防盜門	security door
L7-1072	7-9	防护	防護	fáng hù	2,4	V	防护	防護	to defend; to protect
L7-1073	7-9	防火墙	防火牆	fáng huǒ qiáng	2,3,2	N	防火墙	防火牆	firewall
L7-1074	7-9	防卫	防衛	fáng wèi	2,4	V	防卫	防衛	to defend; defensive; defense
L7-1075	7-9	防汛	防汛	fáng xùn	2,4	V	防汛	防汛	flood control; anti-flood (precautions)
L7-1076	7-9	防疫	防疫	fáng yì	2,4	V	防疫	防疫	to prevent epidemics
L7-1077	7-9	防御	防禦	fáng yù	2,4	V	防御	防禦	defense; to defend
L7-1078	7-9	妨碍	妨礙	fáng ài	2,4	V	妨碍	妨礙	to hinder; to obstruct
L7-1079	7-9	妨害	妨害	fáng hài	2,4	V	妨害	妨害	to jeopardize; to be harmful to; to undermine
L7-1080	7-9	房地产	房地產	fáng dì chǎn	2,4,3	N	房地产	房地產	real estate
L7-1081	7-9	仿	仿	fǎng	3	V	仿	仿|彷	to imitate; to copy
L7-1082	7-9	仿制	仿製	fǎng zhì	3,4	V	仿制	仿製	to copy; to imitate; to make by imitating a model
L7-1083	7-9	访谈	訪談	fǎng tán	3,2	V	访谈	訪談	to visit and discuss; to interview
L7-1084	7-9	纺织	紡織	fǎng zhī	3,1	V	纺织	紡織	spinning and weaving
L7-1085	7-9	放过	放過	fàng guò	4,4		放过	放過	to let off; to let slip by; to let sb get away with sth
L7-1086	7-9	放水	放水	fàng shuǐ	4,3		放水	放水	to turn on the water; to let water out; (sports) to throw a game
L7-1087	7-9	放肆	放肆	fàng sì	4,4	Adj	放肆	放肆	wanton; unbridled; presumptuous; impudent
L7-1088	7-9	放映	放映	fàng yìng	4,4	V	放映	放映	to project (an image onto a screen); to show (a movie, slide etc)
L7-1089	7-9	放置	放置	fàng zhì	4,4	V	放置	放置	to put
L7-1090	7-9	放纵	放縱	fàng zòng	4,4	V	放纵	放縱	to indulge; to pamper; to connive at; permissive; indulgent; self-indulgent; unrestrained; undisciplined; uncultured; boorish
L7-1091	7-9	飞速	飛速	fēi sù	1,4	Adv	飞速	飛速	swift; rapidly
L7-1092	7-9	飞往	飛往	fēiwǎng			飞往	飛往	to fly to; bound for by air
L7-1093	7-9	飞翔	飛翔	fēi xiáng	1,2	V	飞翔	飛翔	to circle in the air; to soar
L7-1094	7-9	飞跃	飛躍	fēi yuè	1,4	V	飞跃	飛躍	to leap
L7-1095	7-9	非	非	fēi	1	Prefix	非（非金属）	非（非金屬）	to not be; not; wrong; incorrect; non-; un-; in-; de-; to reproach; to blame; (coll.) to insist on; simply must
L7-1096	7-9	非得	非得	fēi děi	1,3	Adv	非得	非得	(followed by a verb phrase, then – optionally – 不可, or 不行 etc) must
L7-1097	7-9	非法	非法	fēi fǎ	1,3	Adj	非法	非法	illegal
L7-1098	7-9	非凡	非凡	fēi fán	1,2	Adj	非凡	非凡	out of the ordinary; unusually (good, talented etc)
L7-1099	7-9	绯闻	緋聞	fēi wén	1,2	N	绯闻	緋聞	sex scandal
L7-1100	7-9	肥料	肥料	féi liào	2,4	N	肥料	肥料	fertilizer; manure
L7-1101	7-9	肥胖	肥胖	féi pàng	2,4	Adj	肥胖	肥胖	fat; obese
L7-1102	7-9	肥沃	肥沃	féi wò	2,4	Adj	肥沃	肥沃	fertile
L7-1103	7-9	肥皂	肥皂	féi zào	2,4	N	肥皂	肥皂	soap; CL:塊|块[kuai4],條|条[tiao2]
L7-1104	7-9	诽谤	誹謗	fěi bàng	3,4	V	诽谤	誹謗	to slander; to libel
L7-1105	7-9	废	廢	fèi	4	Adj/V	废	廢	to abolish; to abandon; to abrogate; to discard; to depose; to oust; crippled; abandoned; waste
L7-1106	7-9	废除	廢除	fèi chú	4,2	V	废除	廢除	to abolish; to abrogate; to repeal
L7-1107	7-9	废话	廢話	fèi huà	4,4	N	废话	廢話	nonsense; rubbish; superfluous words; You don't say!; No kidding! (gently sarcastic)
L7-1108	7-9	废品	廢品	fèi pǐn	4,3	N	废品	廢品	production rejects; seconds; scrap; discarded material
L7-1109	7-9	废寝忘食	廢寢忘食	fèi qǐn wàng shí	4,3,4,2		废寝忘食	廢寢忘食	(idiom) to skip one's sleep and meals; to be completely wrapped up in one's work
L7-1110	7-9	废物	廢物	fèi wù	4,4	N	废物	廢物	rubbish; waste material; useless person
L7-1111	7-9	废墟	廢墟	fèi xū	4,1	N	废墟	廢墟	ruins
L7-1112	7-9	沸沸扬扬	沸沸揚揚	fèi fèi yáng yáng	4,4,2,2	Adj	沸沸扬扬	沸沸揚揚	bubbling and gurgling; hubbubing; abuzz
L7-1113	7-9	沸腾	沸騰	fèi téng	4,2	V	沸腾	沸騰	(of a liquid) to boil; (of sentiments etc) to boil over; to flare up; to be impassioned
L7-1114	7-9	费劲	費勁	fèi jìn	4,4		费劲	費勁	to require effort; strenuous
L7-1115	7-9	分辨	分辨	fēn biàn	1,4	V	分辨	分辨	to distinguish; to differentiate; to resolve
L7-1116	7-9	分寸	分寸	fēn cun	1,5	N	分寸	分寸	propriety; appropriate behavior; proper speech or action; within the norms
L7-1117	7-9	分担	分擔	fēn dān	1,1	V	分担	分擔	to share (a burden, a cost, a responsibility)
L7-1118	7-9	分割	分割	fēn gē	1,1	V	分割	分割	to cut up; to break up
L7-1119	7-9	分红	分紅	fēn hóng	1,2		分红	分紅	dividend; to award a bonus
L7-1120	7-9	分化	分化	fēn huà	1,4	V	分化	分化	to split apart; differentiation
L7-1121	7-9	分泌	分泌	fēn mì	1,4	V	分泌	分泌	to secrete; secretion
L7-1122	7-9	分明	分明	fēn míng	1,2	Adj/Adv	分明	分明	clear; distinct; evidently; clearly
L7-1123	7-9	分歧	分歧	fēn qí	1,2	N/Adj	分歧	分歧	divergent; difference (of opinion, position); disagreement; (math.) bifurcation
L7-1124	7-9	分赃	分贓	fēn zāng	1,1		分赃	分贓	to share the booty; to divide ill-gotten gains
L7-1125	7-9	分支	分支	fēn zhī	1,1	N	分支	分支	branch (of company, river etc); to branch; to diverge; to ramify; to subdivide
L7-1126	7-9	芬芳	芬芳	fēn fāng	1,1	Adj/N	芬芳	芬芳	perfume; fragrant
L7-1127	7-9	吩咐	吩咐	fēn fu	1,5	V	吩咐	吩咐	to tell; to instruct; to command
L7-1128	7-9	氛围	氛圍	fēn wéi	1,2	N	氛围	氛圍	ambience; atmosphere
L7-1129	7-9	坟	墳	fén	2	N	坟	墳	grave; tomb; CL:座[zuo4]; embankment; mound; ancient book
L7-1130	7-9	坟墓	墳墓	fén mù	2,4	N	坟墓	墳墓	grave; tomb
L7-1131	7-9	焚烧	焚燒	fén shāo	2,1	V	焚烧	焚燒	to burn; to set on fire
L7-1132	7-9	粉	粉	fěn	3	N	粉	粉	powder; cosmetic face powder; food prepared from starch; noodles or pasta made from any kind of flour; to turn to powder; (dialect) to whitewash; white; pink; (suffix) fan (abbr. for 粉絲|粉丝[fen3 si1]); to be a fan of
L7-1133	7-9	粉丝	粉絲	fěn sī	3,1	N	粉丝	粉絲	bean vermicelli; mung bean starch noodles; cellophane noodles; fan; enthusiast for sb or sth (loanword from "fans")
L7-1134	7-9	粉碎	粉碎	fěn suì	3,4	Adj/V	粉碎	粉碎	to crush; to smash; to shatter
L7-1135	7-9	分量	分量	fèn liang	4,5	N	分量	分量	quantity; weight; measure; (fig.) weight (importance, prestige, authority etc); (of written material) density
L7-1136	7-9	分外	分外	fèn wài	4,4	Adv	分外	分外	exceptionally; not one's responsibility or job
L7-1137	7-9	份额	份額	fèn é	4,2	N	份额	份額	share; portion
L7-1138	7-9	奋力	奮力	fèn lì	4,4	Adv	奋力	奮力	to do everything one can; to spare no effort; to strive
L7-1139	7-9	奋勇	奮勇	fèn yǒng	4,3	V	奋勇	奮勇	dauntless; to summon up courage and determination; using extreme force of will
L7-1140	7-9	粪	糞	fèn	4	N	粪	糞	manure; dung
L7-1141	7-9	粪便	糞便	fèn biàn	4,4	N	粪便	糞便	excrement; feces; night soil
L7-1142	7-9	丰富多彩	豐富多彩	fēng fù duō cǎi	1,4,1,3		丰富多彩	豐富多彩	richly colorful
L7-1143	7-9	丰厚	豐厚	fēng hòu	1,4	Adj	丰厚	豐厚	generous; ample
L7-1144	7-9	丰满	豐滿	fēng mǎn	1,3	Adj	丰满	豐滿	ample; well developed; fully rounded
L7-1145	7-9	丰盛	豐盛	fēng shèng	1,4	Adj	丰盛	豐盛	rich; sumptuous
L7-1146	7-9	丰硕	豐碩	fēng shuò	1,4	Adj	丰硕	豐碩	plentiful; substantial; rich (in resources etc)
L7-1147	7-9	风波	風波	fēng bō	1,1	N	风波	風波	disturbance; crisis; disputes; restlessness; CL:場|场[chang2]
L7-1148	7-9	风采	風采	fēng cǎi	1,3	N	风采	風采	svelte; elegant manner; graceful bearing
L7-1149	7-9	风餐露宿	風餐露宿	fēng cān lù sù	1,1,4,4		风餐露宿	風餐露宿	lit. to eat in the open air and sleep outdoors (idiom); fig. to rough it
L7-1150	7-9	风范	風範	fēng fàn	1,4	N	风范	風範	air; manner; model; paragon; demeanor
L7-1151	7-9	风风雨雨	風風雨雨	fēng fēng yǔ yǔ	1,1,3,3	N	风风雨雨	風風雨雨	trials and tribulations; ups and downs
L7-1152	7-9	风和日丽	風和日麗	fēng hé rì lì	1,2,4,4		风和日丽	風和日麗	moderate wind, beautiful sun (idiom); fine sunny weather, esp. in springtime
L7-1153	7-9	风浪	風浪	fēng làng	1,4	N	风浪	風浪	wind and waves; rough waters; (fig.) hardship
L7-1154	7-9	风力	風力	fēng lì	1,4	N	风力	風力	wind force; wind power
L7-1155	7-9	风流	風流	fēng liú	1,2	Adj	风流	風流	distinguished and accomplished; outstanding; talented in letters and unconventional in lifestyle; romantic; dissolute; loose
L7-1156	7-9	风貌	風貌	fēng mào	1,4	N	风貌	風貌	style; manner; ethos
L7-1157	7-9	风气	風氣	fēng qì	1,4	N	风气	風氣	general mood; atmosphere; common practice
L7-1158	7-9	风情	風情	fēng qíng	1,2	N	风情	風情	mien; bearing; grace; amorous feelings; flirtatious expressions; local conditions and customs; wind force, direction etc
L7-1159	7-9	风趣	風趣	fēng qù	1,4	N	风趣	風趣	charm; humor; wit; humorous; witty
L7-1160	7-9	风沙	風沙	fēng shā	1,1	N	风沙	風沙	sand blown by wind; sandstorm
L7-1161	7-9	风尚	風尚	fēng shàng	1,4	N	风尚	風尚	current custom; current way of doing things
L7-1162	7-9	风水	風水	fēng shuǐ	1,3	N	风水	風水	feng shui; geomancy
L7-1163	7-9	风味	風味	fēng wèi	1,4	N	风味	風味	distinctive flavor; distinctive style
L7-1164	7-9	风雨	風雨	fēng yǔ	1,3	N	风雨	風雨	wind and rain; the elements; (fig.) trials and hardships
L7-1165	7-9	风云	風雲	fēng yún	1,2	N	风云	風雲	weather; unstable situation
L7-1166	7-9	风筝	風箏	fēng zheng	1,5	N	风筝	風箏	kite (lit. "wind zither", traditionally explained as being named after kites fitted with bamboo whistles that produced musical sounds when flown)
L7-1167	7-9	封顶	封頂	fēng dǐng	1,3	V	封顶	封頂	to put a roof (on a building); to cap the roof (finishing a building project); fig. to put a ceiling (on spending, prize, ambition etc); to top off; fig. to reach the highest point (of growth, profit, interest rates); to stop growing (of plant bud or branch)
L7-1168	7-9	封建	封建	fēng jiàn	1,4	N/Adj	封建	封建	system of enfeoffment; feudalism; feudal; feudalistic
L7-1169	7-9	封面	封面	fēng miàn	1,4	N	封面	封面	cover (of a publication)
L7-1170	7-9	封锁	封鎖	fēng suǒ	1,3	V	封锁	封鎖	to blockade; to seal off; to lock down
L7-1171	7-9	疯子	瘋子	fēng zi	1,5	N	疯子	瘋子	madman; lunatic
L7-1172	7-9	峰回路转	峰回路轉	fēng huí lù zhuǎn	1,2,4,3		峰回路转	峰回路轉	the mountain road twists around each new peak (idiom); (of a mountain road) twisting and turning; fig. an opportunity has come unexpectedly; things have taken a new turn
L7-1173	7-9	蜂蜜	蜂蜜	fēng mì	1,4	N	蜂蜜	蜂蜜	honey
L7-1174	7-9	逢	逢	féng	2	V	逢	逢	to meet by chance; to come across; (of a calendar event) to come along; (of an event) to fall on (a particular day); to fawn upon
L7-1175	7-9	缝	縫	féng	2	V	缝	縫	to sew; to stitch
L7-1176	7-9	缝合	縫合	féng hé	2,2	V	缝合	縫合	to sew together; suture (in surgery); to sew up (a wound)
L7-1177	7-9	讽刺	諷刺	fěng cì	3,4	V	讽刺	諷刺	to satirize; to mock; irony; satire; sarcasm
L7-1178	7-9	凤凰	鳳凰	fèng huáng	4,2	N	凤凰	鳳凰	phoenix
L7-1179	7-9	缝	縫	fèng	4	N	缝	縫	seam; crack; narrow slit; CL:道[dao4]
L7-1180	7-9	否决	否決	fǒu jué	3,2	V	否决	否決	to veto; to overrule
L7-1181	7-9	孵化	孵化	fū huà	1,4	V	孵化	孵化	breeding; to incubate; innovation (esp. in commerce and marketing)
L7-1182	7-9	敷	敷	fū	1	V	敷	敷	to spread; to lay out; to apply (powder, ointment etc); sufficient (to cover); enough
L7-1183	7-9	扶持	扶持	fú chí	2,2	V	扶持	扶持	to help; to assist
L7-1184	7-9	服饰	服飾	fú shì	2,4	N	服饰	服飾	apparel; clothing and personal adornment
L7-1185	7-9	服务器	服務器	fú wù qì	2,4,4	N	服务器	服務器	server (computer); CL:臺|台[tai2]
L7-1186	7-9	服用	服用	fú yòng	2,4	V	服用	服用	to take (medicine)
L7-1187	7-9	俘获	俘獲	fú huò	2,4	V	俘获	俘獲	to capture (enemy property or personnel); capture (physics: absorption of subatomic particle by an atom or nucleus)
L7-1188	7-9	俘虏	俘虜	fú lǔ	2,3	N	俘虏	俘虜	to take prisoner; a captive (usu. a prisoner of war)
L7-1189	7-9	浮力	浮力	fú lì	2,4	N	浮力	浮力	buoyancy
L7-1190	7-9	浮现	浮現	fú xiàn	2,4	V	浮现	浮現	(of a thought or image) to come to mind; (of a smile etc) to appear (on sb's face); (of a problem etc) to emerge
L7-1191	7-9	浮躁	浮躁	fú zào	2,4	Adj	浮躁	浮躁	fickle and impatient; restless; giddy; scatterbrained
L7-1192	7-9	辐射	輻射	fú shè	2,4	V	辐射	輻射	to radiate; radiation
L7-1193	7-9	福气	福氣	fú qi	2,5	N	福气	福氣	good fortune; a blessing
L7-1194	7-9	抚摸	撫摸	fǔ mō	3,1	V	抚摸	撫摸	to gently caress and stroke; to pet; to fondle
L7-1195	7-9	抚恤	撫卹	fǔ xù	3,4	V	抚恤	撫卹	(of an organization that has a duty of care) to give financial support to relatives of sb who has died or suffered serious injury
L7-1196	7-9	抚养	撫養	fǔ yǎng	3,3	V	抚养	撫養	to foster; to bring up; to raise
L7-1197	7-9	抚养费	撫養費	fǔ yǎng fèi	3,3,4	N	抚养费	撫養費	child support payment (after a divorce)
L7-1198	7-9	斧子	斧子	fǔ zi	3,5	N	斧子	斧子	axe; hatchet; CL:把[ba3]
L7-1199	7-9	俯首	俯首	fǔ shǒu	3,3	V	俯首	俯首	to bend one's head
L7-1200	7-9	辅导	輔導	fǔ dǎo	3,3	V	辅导	輔導	to guide; to mentor; to counsel; to coach; to tutor
L7-1201	7-9	腐败	腐敗	fǔ bài	3,4	Adj	腐败	腐敗	corruption; to corrupt; to rot; rotten
L7-1202	7-9	腐化	腐化	fǔ huà	3,4	V	腐化	腐化	to rot; to decay; to become corrupt
L7-1203	7-9	腐烂	腐爛	fǔ làn	3,4	V/Adj	腐烂	腐爛	to rot; to putrefy; (fig.) corrupt
L7-1204	7-9	腐蚀	腐蝕	fǔ shí	3,2	V	腐蚀	腐蝕	corrosion; to corrode (degrade chemically); to rot; corruption
L7-1205	7-9	腐朽	腐朽	fǔ xiǔ	3,3	Adj	腐朽	腐朽	rotten; decayed; decadent; degenerate
L7-1206	7-9	付费	付費	fù fèi	4,4	V	付费	付費	to pay; to cover the costs
L7-1207	7-9	付款	付款	fù kuǎn	4,3	V	付款	付款	to pay a sum of money; payment
L7-1208	7-9	负面	負面	fù miàn	4,4	Adj	负面	負面	negative; the negative side
L7-1209	7-9	负有	負有	fù yǒu	4,3		负有	負有	to be responsible for
L7-1210	7-9	附	附	fù	4	V	附	附	to add; to attach; to be close to; to be attached
L7-1211	7-9	附带	附帶	fù dài	4,4	V/Adj	附带	附帶	supplementary; incidentally; in parentheses; by chance; in passing; additionally; secondary; subsidiary; to attach
L7-1212	7-9	附和	附和	fù hè	4,4	V	附和	附和	to agree; to go along with; to echo (what sb says)
L7-1213	7-9	附加	附加	fù jiā	4,1	V	附加	附加	additional; annex
L7-1214	7-9	附属	附屬	fù shǔ	4,3	V/Adj	附属	附屬	subsidiary; auxiliary; attached; affiliated; subordinate; subordinating
L7-1215	7-9	赴	赴	fù	4	V	赴	赴	to go; to visit (e.g. another country); to attend (a banquet etc)
L7-1216	7-9	复查	復查	fù chá	4,2	V	复查	復查	to check again; to re-examine
L7-1217	7-9	复发	復發	fù fā	4,1	V	复发	復發	to recur (of a disease); to reappear; to relapse (into a former bad state)
L7-1218	7-9	复合	復合	fù hé	4,2	V	复合	復合|複合	complex; compound; composite; hybrid; to compound; to combine
L7-1219	7-9	复活	復活	fù huó	4,2	V	复活	復活	to revive; (lit. and fig.) to come back to life; (religion) resurrection
L7-1220	7-9	复兴	復興	fù xīng	4,1	V	复兴	復興	to revive; to rejuvenate
L7-1221	7-9	复原	復原	fù yuán	4,2		复原	復原	to restore (sth) to (its) former condition; to recover from illness; recovery
L7-1222	7-9	副作用	副作用	fù zuò yòng	4,4,4	N	副作用	副作用	side effect
L7-1223	7-9	赋予	賦予	fù yǔ	4,3	V	赋予	賦予	to assign; to entrust (a task); to give; to bestow
L7-1224	7-9	富含	富含	fù hán	4,2	V	富含	富含	to contain in great quantities; rich in
L7-1225	7-9	富豪	富豪	fù háo	4,2	N	富豪	富豪	rich and powerful person
L7-1226	7-9	富强	富強	fù qiáng	4,2	Adj	富强	富強	rich and powerful
L7-1227	7-9	富翁	富翁	fù wēng	4,1	N	富翁	富翁	rich person; millionaire; billionaire
L7-1228	7-9	富裕	富裕	fù yù	4,4	Adj	富裕	富裕	prosperous; well-to-do; well-off
L7-1229	7-9	富足	富足	fù zú	4,2	Adj	富足	富足	rich; plentiful
L7-1230	7-9	腹部	腹部	fù bù	4,4	N	腹部	腹部	abdomen; belly; flank
L7-1231	7-9	腹泻	腹瀉	fù xiè	4,4	V	腹泻	腹瀉	diarrhea; to have the runs
L7-1232	7-9	覆盖	覆蓋	fù gài	4,4	V	覆盖	覆蓋	to cover
L7-1233	7-9	该	該	gāi	1	Pron	该	該	should; ought to; probably; must be; to deserve; to owe; to be sb's turn to do sth; that; the above-mentioned
L7-1234	7-9	改版	改版	gǎi bǎn	3,3		改版	改版	to revise the current edition; revised edition
L7-1235	7-9	改编	改編	gǎi biān	3,1	V	改编	改編	to adapt; to rearrange; to revise
L7-1236	7-9	改动	改動	gǎi dòng	3,4	V	改动	改動	to alter; to modify; to revise
L7-1237	7-9	改革开放	改革開放	gǎi gé kāi fàng	3,2,1,4		改革开放	改革開放	reform and opening up (Chinese policy introduced in 1978)
L7-1238	7-9	改良	改良	gǎi liáng	3,2	V	改良	改良	to improve (sth); to reform (a system)
L7-1239	7-9	改名	改名	gǎi míng	3,2	V	改名	改名	to rename
L7-1240	7-9	改日	改日	gǎi rì	3,4	Adv	改日	改日	another day; some other day
L7-1241	7-9	改为	改為	gǎi wéi	3,2		改为	改為	to change into
L7-1242	7-9	改邪归正	改邪歸正	gǎi xié guī zhèng	3,2,1,4		改邪归正	改邪歸正	to mend one's ways (idiom); to turn over a new leaf
L7-1243	7-9	钙	鈣	gài	4	N	钙	鈣	calcium (chemistry)
L7-1244	7-9	盖子	蓋子	gài zi	4,5	N	盖子	蓋子	cover; lid; shell
L7-1245	7-9	概况	概況	gài kuàng	4,4	N	概况	概況	general situation; summary
L7-1246	7-9	概率	概率	gài lǜ	4,4	N	概率	概率	probability (math.)
L7-1247	7-9	概论	概論	gài lùn	4,4	N	概论	概論	outline; introduction; survey; general discussion
L7-1248	7-9	干戈	干戈	gān gē	1,1	N	干戈	干戈	weapons of war; arms
L7-1249	7-9	干旱	乾旱	gān hàn	1,4	Adj	干旱	乾旱	drought; (of land, climate etc) arid; dry
L7-1250	7-9	干燥	乾燥	gān zào	1,4	Adj	干燥	乾燥	(of weather, climate, soil etc) dry; arid; (of skin, mouth etc) dry; (fig.) dull; dry; boring; (of timber etc) to dry out; to season; to cure
L7-1251	7-9	甘心	甘心	gān xīn	1,1	V	甘心	甘心	to be willing to; to resign oneself to
L7-1252	7-9	肝脏	肝臟	gān zàng	1,4	N	肝脏	肝臟	liver
L7-1253	7-9	尴尬	尷尬	gān gà	1,4	Adj	尴尬	尷尬	awkward; embarrassed
L7-1254	7-9	赶赴	趕赴	gǎn fù	3,4	V	赶赴	趕赴	to hurry; to rush
L7-1255	7-9	赶往	趕往	gǎn wǎng	3,3		赶往	趕往	to hurry to (somewhere)
L7-1256	7-9	敢情	敢情	gǎn qing	3,5	Adv	敢情	敢情	actually; as it turns out; indeed; of course
L7-1257	7-9	感	感	gǎn	3	Suffix	感（责任感）	感（責任感）	to feel; to move; to touch; to affect; feeling; emotion; (suffix) sense of ~
L7-1258	7-9	感触	感觸	gǎn chù	3,4	N	感触	感觸	one's thoughts and feelings; emotional stirring; moved; touched
L7-1259	7-9	感恩	感恩	gǎn ēn	3,1		感恩	感恩	to be grateful
L7-1260	7-9	感激	感激	gǎn jī	3,1	V	感激	感激	to be grateful; to appreciate; thankful
L7-1261	7-9	感慨	感慨	gǎn kǎi	3,3	V	感慨	感慨	to sigh with sorrow, regret etc; rueful; deeply moved
L7-1262	7-9	感染	感染	gǎn rǎn	3,3	V	感染	感染	to infect; infection; (fig.) to influence
L7-1263	7-9	感染力	感染力	gǎn rǎn lì	3,3,4	N	感染力	感染力	infectiousness (of a disease); appeal; power; impact (of an image, marketing message, performance etc)
L7-1264	7-9	感叹	感嘆	gǎn tàn	3,4	V	感叹	感嘆	to sigh (with feeling); to lament
L7-1265	7-9	感性	感性	gǎn xìng	3,4	Adj	感性	感性	perception; perceptual; sensibility; sensitive; emotional; sentimental
L7-1266	7-9	干部	幹部	gàn bù	4,4	N	干部	幹部	cadre; official; officer; manager
L7-1267	7-9	干事	幹事	gàn shi	4,5	N	干事	幹事	administrator; executive secretary
L7-1268	7-9	刚毅	剛毅	gāng yì	1,4	Adj	刚毅	剛毅	resolute; steadfast; stalwart
L7-1269	7-9	纲领	綱領	gāng lǐng	1,3	N	纲领	綱領	program (i.e. plan of action); guiding principle
L7-1270	7-9	纲要	綱要	gāng yào	1,4	N	纲要	綱要	outline; essential points
L7-1271	7-9	钢	鋼	gāng	1	N	钢	鋼	steel
L7-1272	7-9	缸	缸	gāng	1	N	缸	缸	jar; vat; classifier for loads of laundry; CL:口[kou3]
L7-1273	7-9	港	港	gǎng	3	N	港	港	harbor; port; CL:個|个[ge4]
L7-1274	7-9	杠铃	槓鈴	gàng líng	4,2	N	杠铃	槓鈴	barbell
L7-1275	7-9	高昂	高昂	gāo áng	1,2	V/Adj	高昂	高昂	to hold (one's head) high; expensive; high (spirits etc)
L7-1276	7-9	高傲	高傲	gāo ào	1,4	Adj	高傲	高傲	arrogant; haughty; proud
L7-1277	7-9	高超	高超	gāo chāo	1,1	Adj	高超	高超	excellent; superlative
L7-1278	7-9	高低	高低	gāo dī	1,1	N	高低	高低	height; level; (music) pitch; relative superiority; propriety; discretion (usu. in the negative, e.g. 不知高低[bu4 zhi1 gao1 di1]); no matter what; just; simply (will not ..., must ... etc); at long last
L7-1279	7-9	高调	高調	gāo diào	1,4	N	高调	高調	high-sounding speech; bombast; high-profile
L7-1280	7-9	高额	高額	gāo é	1,2	Adj	高额	高額	high quota; large amount
L7-1281	7-9	高尔夫球	高爾夫球	gāo ěr fū qiú	1,3,1,2	N	高尔夫球	高爾夫球	golf; golf ball
L7-1282	7-9	高峰期	高峰期	gāo fēng qī	1,1,1	N	高峰期	高峰期	peak period; rush hour
L7-1283	7-9	高贵	高貴	gāo guì	1,4	Adj	高贵	高貴	grandeur; noble
L7-1284	7-9	高空	高空	gāo kōng	1,1	N	高空	高空	high altitude
L7-1285	7-9	高龄	高齡	gāo líng	1,2	N/Adj	高龄	高齡	elderly
L7-1286	7-9	高明	高明	gāo míng	1,2	Adj	高明	高明	brilliant; superior; wise
L7-1287	7-9	高山	高山	gāo shān	1,1	N	高山	高山	high mountain; alpine mountain
L7-1288	7-9	高效	高效	gāo xiào	1,4	Adj	高效	高效	efficient; highly effective
L7-1289	7-9	高新技术	高新技術	gāo xīn jì shù	1,1,4,4		高新技术	高新技術	high tech; high technology
L7-1290	7-9	高血压	高血壓	gāo xuè yā	1,4,1	N	高血压	高血壓	high blood pressure; hypertension
L7-1291	7-9	高压	高壓	gāo yā	1,1	N	高压	高壓	(physics) high pressure; (meteorology) high atmospheric pressure; high voltage; systolic blood pressure; high-handed; oppressive
L7-1292	7-9	高雅	高雅	gāo yǎ	1,3	Adj	高雅	高雅	dainty; elegance; elegant
L7-1293	7-9	高涨	高漲	gāo zhǎng	1,3	V/Adj	高涨	高漲	to surge up; to rise; (of tensions etc) to run high
L7-1294	7-9	搞鬼	搞鬼	gǎo guǐ	3,3		搞鬼	搞鬼	to make mischief; to play tricks
L7-1295	7-9	搞笑	搞笑	gǎo xiào	3,4	V	搞笑	搞笑	to get people to laugh; funny; hilarious
L7-1296	7-9	告	告	gào	4	V	告	告	(bound form) to say; to tell; to announce; to report; to denounce; to file a lawsuit; to sue
L7-1297	7-9	告辞	告辭	gào cí	4,2	V	告辞	告辭	to say goodbye; to take one's leave
L7-1298	7-9	告诫	告誡	gào jiè	4,4	V	告诫	告誡	to warn; to admonish
L7-1299	7-9	告示	告示	gào shi	4,5	N	告示	告示	announcement
L7-1300	7-9	告知	告知	gào zhī	4,1	V	告知	告知	to inform; to notify
L7-1301	7-9	告状	告狀	gào zhuàng	4,4		告状	告狀	to tell on sb; to complain (to a teacher, a superior etc); to bring a lawsuit
L7-1302	7-9	戈壁	戈壁	Gē bì	1,4	N	戈壁	戈壁	Gobi (desert)
L7-1303	7-9	胳膊	胳膊	gē bo	1,5	N	胳膊	胳膊	arm; CL:隻|只[zhi1],條|条[tiao2],雙|双[shuang1]
L7-1304	7-9	鸽子	鴿子	gē zi	1,5	N	鸽子	鴿子	pigeon; dove; various birds of the family Columbidae
L7-1305	7-9	搁	擱	gē	1	V	搁	擱	to place; to put aside; to shelve
L7-1306	7-9	搁浅	擱淺	gē qiǎn	1,3		搁浅	擱淺	to be stranded (of ship); to run aground; fig. to run into difficulties and stop
L7-1307	7-9	搁置	擱置	gē zhì	1,4	V	搁置	擱置	to shelve; to set aside
L7-1308	7-9	割	割	gē	1	V	割	割	to cut; to cut apart
L7-1309	7-9	歌剧	歌劇	gē jù	1,4	N	歌剧	歌劇	Western opera; CL:場|场[chang3],齣|出[chu1]
L7-1310	7-9	歌颂	歌頌	gē sòng	1,4	V	歌颂	歌頌	to sing the praises of; to extol; to eulogize
L7-1311	7-9	歌舞	歌舞	gē wǔ	1,3	N	歌舞	歌舞	singing and dancing
L7-1312	7-9	歌咏	歌詠	gē yǒng	1,3	V	歌咏	歌詠	to sing
L7-1313	7-9	革命	革命	gé mìng	2,4	V/Adj	革命	革命	to withdraw the mandate of heaven (and transition to a new dynasty) (original meaning); revolution; revolutionary; to revolt (against sb or sth); to revolutionize (sth); (separable verb sometimes used in the pattern 革noun的命); CL:次[ci4]
L7-1314	7-9	格	格	gé	2	N	格	格	square; lattice; grid; frame; compartment; partition; slot (within a larger unit); (bound form) standard; norm; specification; (bound form) character; disposition; moral quality; style; aesthetic tone; (bound form) rhetorical form; stylistic pattern; (bound form) (linguistics) grammatical case; (literary) to correct; to rectify; (literary) to arrive at; to reach; (literary) to obstruct; to hinder; (literary) to investigate exhaustively; classifier for compartments, slots or cells within a larger unit
L7-1315	7-9	格格不入	格格不入	gé gé bù rù	2,2,4,4		格格不入	格格不入	(idiom) inharmonious; incompatible
L7-1316	7-9	格局	格局	gé jú	2,2	N	格局	格局	structure; pattern; layout
L7-1317	7-9	格式	格式	gé shì	2,4	N	格式	格式	form; specification; format
L7-1318	7-9	隔阂	隔閡	gé hé	2,2	N	隔阂	隔閡	misunderstanding; estrangement; (language etc) barrier
L7-1319	7-9	隔离	隔離	gé lí	2,2	V	隔离	隔離	to separate; to isolate
L7-1320	7-9	个案	個案	gè àn	4,4	N	个案	個案	individual case; special case
L7-1321	7-9	个头儿	個頭兒	gè tóu r	4,2,5	N	个头儿	個頭兒	size; height; stature
L7-1322	7-9	各奔前程	各奔前程	gè bèn qián chéng	4,4,2,2		各奔前程	各奔前程	each goes his own way (idiom); each person has his own life to lead
L7-1323	7-9	各式各样	各式各樣	gè shì gè yàng	4,4,4,4		各式各样	各式各樣	(of) all kinds and sorts; various
L7-1324	7-9	根基	根基	gēn jī	1,1	N	根基	根基	foundation
L7-1325	7-9	根深蒂固	根深蒂固	gēn shēn dì gù	1,1,4,4		根深蒂固	根深蒂固	deep-rooted (problem etc)
L7-1326	7-9	根源	根源	gēn yuán	1,2	N	根源	根源	origin; root (cause)
L7-1327	7-9	根治	根治	gēn zhì	1,4	V	根治	根治	to bring under permanent control; to effect a radical cure
L7-1328	7-9	跟不上	跟不上	gēn bu shàng	1,5,4		跟不上	跟不上	not able to keep up with
L7-1329	7-9	跟上	跟上	gēn shàng	1,4		跟上	跟上	to catch up with; to keep pace with
L7-1330	7-9	跟踪	跟蹤	gēn zōng	1,1	V	跟踪	跟蹤	to follow sb's tracks; to tail; to shadow; tracking
L7-1331	7-9	更改	更改	gēng gǎi	1,3	V	更改	更改	to alter
L7-1332	7-9	更衣室	更衣室	gēng yī shì	1,1,4	N	更衣室	更衣室	change room; dressing room; locker room; (euphemism) toilet
L7-1333	7-9	耕地	耕地	gēng dì	1,4	N	耕地	耕地	arable land; to plow land
L7-1334	7-9	耿直	耿直	gěng zhí	3,2	Adj	耿直	耿直	honest; frank; candid
L7-1335	7-9	工地	工地	gōng dì	1,4	N	工地	工地	construction site
L7-1336	7-9	工会	工會	gōng huì	1,4	N	工会	工會	labor union; trade union
L7-1337	7-9	工科	工科	gōng kē	1,1	N	工科	工科	engineering as an academic subject
L7-1338	7-9	工商界	工商界	gōng shāng jiè	1,1,4	N	工商界	工商界	industry; the world of business
L7-1339	7-9	工序	工序	gōng xù	1,4	N	工序	工序	working procedure; process
L7-1340	7-9	工整	工整	gōng zhěng	1,3	Adj	工整	工整	fine work; carefully and neatly done
L7-1341	7-9	工作量	工作量	gōng zuò liàng	1,4,4	N	工作量	工作量	workload; volume of work
L7-1342	7-9	弓	弓	gōng	1	N	弓	弓	a bow (weapon); CL:張|张[zhang1]; to bend; to arch (one's back etc)
L7-1343	7-9	公安局	公安局	gōng ān jú	1,1,2	N	公安局	公安局	public security bureau (government office similar in function to a police station)
L7-1344	7-9	公车	公車	gōng chē	1,1	N	公车	公車	bus; abbr. for 公共汽車|公共汽车[gong1 gong4 qi4 che1]; car belonging to an organization and used by its members (government car, police car, company car etc); abbr. for 公務用車|公务用车[gong1 wu4 yong4 che1]
L7-1345	7-9	公道	公道	gōng dao	1,5	Adj	公道	公道	fair; equitable
L7-1346	7-9	公费	公費	gōng fèi	1,4	N	公费	公費	at public expense
L7-1347	7-9	公共场所	公共場所	gōng gòng chǎng suǒ	1,4,3,3		公共场所	公共場所	public place
L7-1348	7-9	公关	公關	gōng guān	1,1	N	公关	公關	public relations
L7-1349	7-9	公函	公函	gōng hán	1,2	N	公函	公函	official letter
L7-1350	7-9	公积金	公積金	gōng jī jīn	1,1,1	N	公积金	公積金	official reserves; accumulated fund
L7-1351	7-9	公开信	公開信	gōng kāi xìn	1,1,4	N	公开信	公開信	open letter
L7-1352	7-9	公款	公款	gōng kuǎn	1,3	N	公款	公款	public money
L7-1353	7-9	公立	公立	gōng lì	1,4	Adj	公立	公立	public (e.g. school, hospital)
L7-1354	7-9	公墓	公墓	gōng mù	1,4	N	公墓	公墓	public cemetery
L7-1355	7-9	公仆	公僕	gōng pú	1,2	N	公仆	公僕	public servant; CL:個|个[ge4],位[wei4]
L7-1356	7-9	公顷	公頃	gōng qǐng	1,3	M	公顷	公頃	hectare
L7-1357	7-9	公然	公然	gōng rán	1,2	Adv	公然	公然	openly; publicly; undisguised
L7-1358	7-9	公示	公示	gōng shì	1,4	V	公示	公示	to make known to the public (for information or to seek comments); public notification
L7-1359	7-9	公事	公事	gōng shì	1,4	N	公事	公事	work-related matters; documents
L7-1360	7-9	公务	公務	gōng wù	1,4	N	公务	公務	official business
L7-1361	7-9	公益	公益	gōng yì	1,4	N	公益	公益	public good; public welfare; public interest
L7-1362	7-9	公益性	公益性	gōngyìxìng		N	公益性	公益性	public-benefit nature; public-interest character
L7-1363	7-9	公用	公用	gōng yòng	1,4	V	公用	公用	public; for public use
L7-1364	7-9	公寓	公寓	gōng yù	1,4	N	公寓	公寓	apartment building; block of flats (may be a public housing block or a condominium etc) (CL:套[tao4])
L7-1365	7-9	公约	公約	gōng yuē	1,1	N	公约	公約	convention (i.e. international agreement)
L7-1366	7-9	公证	公證	gōng zhèng	1,4	V	公证	公證	notarization; notarized; acknowledgement
L7-1367	7-9	公职	公職	gōng zhí	1,2	N	公职	公職	civil service; public office; government job
L7-1368	7-9	功	功	gōng	1	N	功	功	meritorious deed or service; achievement; result; service; accomplishment; work (physics)
L7-1369	7-9	功臣	功臣	gōng chén	1,2	N	功臣	功臣	meritorious official; person who renders exceptional service; hero; (fig.) sth that plays a vital role
L7-1370	7-9	功底	功底	gōng dǐ	1,3	N	功底	功底	training in the basic skills; knowledge of the fundamentals
L7-1371	7-9	功劳	功勞	gōng láo	1,2	N	功劳	功勞	contribution; meritorious service; credit
L7-1372	7-9	功力	功力	gōng lì	1,4	N	功力	功力	merit; efficacy; competence; skill; power
L7-1373	7-9	功率	功率	gōng lǜ	1,4	N	功率	功率	power (rate of doing work, measured in watts)
L7-1374	7-9	功效	功效	gōng xiào	1,4	N	功效	功效	efficacy
L7-1375	7-9	攻	攻	gōng	1	V	攻	攻	to attack; to accuse; to study; (LGBT) top
L7-1376	7-9	攻读	攻讀	gōng dú	1,2	V	攻读	攻讀	to major (in a field); to study a specialty to obtain a higher degree
L7-1377	7-9	攻关	攻關	gōng guān	1,1	V	攻关	攻關	to storm a strategic pass; fig. to tackle a key problem
L7-1378	7-9	供	供	gōng	1	V	供	供	to provide; to supply; to be for (the use or convenience of)
L7-1379	7-9	供不应求	供不應求	gōng bù yìng qiú	1,4,4,2		供不应求	供不應求	supply does not meet demand
L7-1380	7-9	供暖	供暖	gōng nuǎn	1,3	V	供暖	供暖	to supply heating (in a building); heating
L7-1381	7-9	供求	供求	gōng qiú	1,2	N	供求	供求	supply and demand (economics)
L7-1382	7-9	宫殿	宮殿	gōng diàn	1,4	N	宫殿	宮殿	palace; CL:座[zuo4]
L7-1383	7-9	宫廷	宮廷	gōng tíng	1,2	N	宫廷	宮廷	court (of king or emperor)
L7-1384	7-9	恭维	恭維	gōng wei	1,5	V	恭维	恭維	to compliment; to praise
L7-1385	7-9	恭喜	恭喜	gōng xǐ	1,3	V	恭喜	恭喜	to congratulate; (interj.) congratulations!
L7-1386	7-9	拱	拱	gǒng	3	V	拱	拱	to cup one's hands in salute; to surround; to arch; to dig earth with the snout; arched
L7-1387	7-9	共鸣	共鳴	gòng míng	4,2	V	共鸣	共鳴	(physics) to resonate; resonance; sympathetic response
L7-1388	7-9	共识	共識	gòng shí	4,2	N	共识	共識	common understanding; consensus
L7-1389	7-9	共同体	共同體	gòng tóng tǐ	4,2,3	N	共同体	共同體	community
L7-1390	7-9	共性	共性	gòng xìng	4,4	N	共性	共性	overall character
L7-1391	7-9	供奉	供奉	gòng fèng	4,4	V/N	供奉	供奉	to consecrate; to enshrine and worship; an offering (to one's ancestors); a sacrifice (to a god)
L7-1392	7-9	勾	勾	gōu	1	V	勾	勾	to attract; to arouse; to tick; to strike out; to delineate; to collude; variant of 鉤|钩[gou1], hook
L7-1393	7-9	勾画	勾畫	gōu huà	1,4	V	勾画	勾畫	to sketch out; to delineate
L7-1394	7-9	勾结	勾結	gōu jié	1,2	V	勾结	勾結	to collude with; to collaborate with; to gang up with
L7-1395	7-9	钩	鉤	gōu	1	V	钩	鉤	to hook; to sew; to crochet; hook; check mark or tick; window catch
L7-1396	7-9	钩子	鉤子	gōu zi	1,5	N	钩子	鉤子	hook
L7-1397	7-9	构思	構思	gòu sī	4,1	V	构思	構思	to design; to plot; to plan out; to compose; to draw a mental sketch; conception; plan; idea; composition
L7-1398	7-9	构想	構想	gòu xiǎng	4,3	V/N	构想	構想	to conceive; concept
L7-1399	7-9	购	購	gòu	4	V	购	購	to buy; to purchase
L7-1400	7-9	够呛	夠嗆	gòu qiàng	4,4	Adj	够呛	夠嗆	unbearable; terrible; enough; unlikely
L7-1401	7-9	估算	估算	gū suàn	1,4	V	估算	估算	assessment; evaluation
L7-1402	7-9	沽名钓誉	沽名釣譽	gū míng diào yù	1,2,4,4		沽名钓誉	沽名釣譽	to angle for fame (idiom); to fish for compliments
L7-1403	7-9	孤单	孤單	gū dān	1,1	Adj	孤单	孤單	lone; lonely; loneliness
L7-1404	7-9	孤立	孤立	gū lì	1,4	Adj/V	孤立	孤立	to isolate; isolated; unrelated; irrelevant
L7-1405	7-9	孤零零	孤零零	gū líng líng	1,2,2	Adj	孤零零	孤零零	lone; isolated and without help; all alone; solitary
L7-1406	7-9	孤陋寡闻	孤陋寡聞	gū lòu guǎ wén	1,4,3,2		孤陋寡闻	孤陋寡聞	ignorant and inexperienced; ill-informed and narrow-minded
L7-1407	7-9	辜负	辜負	gū fù	1,4	V	辜负	辜負	to fail to live up to (sb's expectations, trust or kindness); to let down
L7-1408	7-9	古董	古董	gǔ dǒng	3,3	N	古董	古董	curio; antique
L7-1409	7-9	古怪	古怪	gǔ guài	3,4	Adj	古怪	古怪	strange; weird; eccentric; bizarre
L7-1410	7-9	古迹	古蹟	gǔ jì	3,4	N	古迹	古蹟	place of historic interest; historical site
L7-1411	7-9	古今中外	古今中外	gǔ jīn zhōng wài	3,1,1,4		古今中外	古今中外	at all times and in all places (idiom)
L7-1412	7-9	古朴	古樸	gǔ pǔ	3,3	Adj	古朴	古樸	simple and unadorned (of art, architecture etc)
L7-1413	7-9	古人	古人	gǔ rén	3,2	N	古人	古人	people of ancient times; the ancients; extinct human species such as Homo erectus or Homo neanderthalensis; (literary) deceased person
L7-1414	7-9	股份	股份	gǔ fèn	3,4	N	股份	股份	a share (in a company); stock
L7-1415	7-9	股民	股民	gǔ mín	3,2	N	股民	股民	stock investor; share trader
L7-1416	7-9	股市	股市	gǔ shì	3,4	N	股市	股市	stock market
L7-1417	7-9	骨干	骨幹	gǔ gàn	3,4	N	骨干	骨幹	diaphysis (long segment of a bone); fig. backbone
L7-1418	7-9	骨气	骨氣	gǔ qì	3,4	N	骨气	骨氣	unyielding character; courageous spirit; integrity; moral backbone
L7-1419	7-9	骨折	骨折	gǔ zhé	3,2	V	骨折	骨折	to suffer a fracture; (of a bone) to break; fracture
L7-1420	7-9	鼓动	鼓動	gǔ dòng	3,4	V	鼓动	鼓動	to urge (an activity that may be beneficial, harmful or neutral); to encourage; to agitate; to instigate; to incite; to beat; to flap (wings, a fan etc)
L7-1421	7-9	鼓舞	鼓舞	gǔ wǔ	3,3	V/Adj	鼓舞	鼓舞	to inspire; to encourage; to hearten; to boost (morale)
L7-1422	7-9	固然	固然	gù rán	4,2	Conj	固然	固然	admittedly (it's true that...)
L7-1423	7-9	固执	固執	gù zhí	4,2	Adj	固执	固執	obstinate; stubborn; to fixate on; to cling to
L7-1424	7-9	故	故	gù	4	Adv/Conj	故	故	happening; instance; reason; cause; intentional; former; old; friend; therefore; hence; (of people) to die, dead
L7-1425	7-9	顾不得	顧不得	gù bu de	4,5,5		顾不得	顧不得	unable to change sth; unable to deal with
L7-1426	7-9	顾不上	顧不上	gù bu shàng	4,5,4		顾不上	顧不上	cannot attend to or manage
L7-1427	7-9	顾及	顧及	gù jí	4,2	V	顾及	顧及	to take into consideration; to attend to
L7-1428	7-9	顾虑	顧慮	gù lǜ	4,4	N/V	顾虑	顧慮	misgivings; apprehensions; to worry about; to be concerned about
L7-1429	7-9	顾全大局	顧全大局	gù quán dà jú	4,2,4,2		顾全大局	顧全大局	to take the big picture into consideration (idiom); to work for the benefits of all
L7-1430	7-9	雇	雇	gù	4	V	雇	雇	to employ; to hire; to rent
L7-1431	7-9	雇佣	雇傭	gù yōng	4,1	V	雇佣	雇傭	to employ; to hire
L7-1432	7-9	雇员	雇員	gù yuán	4,2	N	雇员	雇員	employee
L7-1433	7-9	雇主	雇主	gù zhǔ	4,3	N	雇主	雇主	employer
L7-1434	7-9	瓜分	瓜分	guā fēn	1,1	V	瓜分	瓜分	to partition; to divide up
L7-1435	7-9	瓜子	瓜子	guā zǐ	1,3	N	瓜子	瓜子	melon seed; seeds of pumpkin, watermelon or sunflower etc, roasted and flavored, consumed as a snack
L7-1436	7-9	刮风	颳風	guā fēng	1,1		刮风	颳風	to be windy
L7-1437	7-9	寡妇	寡婦	guǎ fu	3,5	N	寡妇	寡婦	widow
L7-1438	7-9	挂钩	掛鉤	guà gōu	4,1	N	挂钩	掛鉤	to couple; to link; to hook together; (fig.) (preceded by 與|与[yu3] + {entity}) to establish contact (with {entity}); (Tw) to collude (with {entity}); (fig.) to link (marketing efforts with production etc); to peg (welfare payments to inflation etc); to tie (remuneration to performance etc); hook (on which to hang sth); latch hook; coupling
L7-1439	7-9	挂号	掛號	guà hào	4,4		挂号	掛號	to register (at a hospital etc); to send by registered mail
L7-1440	7-9	挂念	掛念	guà niàn	4,4	V	挂念	掛念	to feel anxious about; to have (sth) weighing on one's mind
L7-1441	7-9	挂失	掛失	guà shī	4,1		挂失	掛失	to report the loss of something
L7-1442	7-9	乖	乖	guāi	1	Adj	乖	乖	(of a child) obedient, well-behaved; clever; shrewd; alert; perverse; contrary to reason; irregular; abnormal
L7-1443	7-9	乖巧	乖巧	guāi qiǎo	1,3	Adj	乖巧	乖巧	clever (child); smart; lovable; cute
L7-1444	7-9	拐弯	拐彎	guǎi wān	3,1		拐弯	拐彎	to go round a curve; to turn a corner; fig. a new direction
L7-1445	7-9	拐杖	拐杖	guǎi zhàng	3,4	N	拐杖	拐杖	crutches; crutch; walking stick
L7-1446	7-9	怪不得	怪不得	guài bu de	4,5,5	Adv/V	怪不得	怪不得	no wonder!; so that's why!
L7-1447	7-9	怪物	怪物	guài wu	4,5	N	怪物	怪物	monster; freak; eccentric person
L7-1448	7-9	怪异	怪異	guài yì	4,4	Adj	怪异	怪異	monstrous; strange; strange phenomenon
L7-1449	7-9	关掉	關掉	guān diào	1,4		关掉	關掉	to switch off; to shut off
L7-1450	7-9	关节	關節	guān jié	1,2	N	关节	關節	joint (physiology); key point; critical phase
L7-1451	7-9	关税	關稅	guān shuì	1,4	N	关税	關稅	customs duty; tariff
L7-1452	7-9	关头	關頭	guān tóu	1,2	N	关头	關頭	juncture; moment
L7-1453	7-9	关照	關照	guān zhào	1,4	V	关照	關照	to take care; to keep an eye on; to look after; to tell; to remind
L7-1454	7-9	观测	觀測	guān cè	1,4	V	观测	觀測	to observe; to survey; observation (scientific etc)
L7-1455	7-9	观感	觀感	guān gǎn	1,3	N	观感	觀感	one's impressions; observations
L7-1456	7-9	观摩	觀摩	guān mó	1,2	V	观摩	觀摩	to observe and emulate; to study (esp. following sb's example)
L7-1457	7-9	观赏	觀賞	guān shǎng	1,3	V	观赏	觀賞	to look at sth with pleasure; to watch (sth marvelous); ornamental
L7-1458	7-9	观望	觀望	guān wàng	1,4	V	观望	觀望	to wait and see; to watch from the sidelines; to look around; to survey
L7-1459	7-9	官兵	官兵	guān bīng	1,1	N	官兵	官兵	(military) officers and soldiers; officers and men; (old) government troops
L7-1460	7-9	官吏	官吏	guān lì	1,4	N	官吏	官吏	bureaucrat; official
L7-1461	7-9	官僚	官僚	guān liáo	1,2	N	官僚	官僚	bureaucrat; bureaucracy; bureaucratic
L7-1462	7-9	官僚主义	官僚主義	guān liáo zhǔ yì	1,2,3,4		官僚主义	官僚主義	bureaucracy
L7-1463	7-9	官员	官員	guān yuán	1,2	N	官员	官員	official (in an organization or government); administrator
L7-1464	7-9	棺材	棺材	guān cai	1,5	N	棺材	棺材	coffin; CL:具[ju4],口[kou3]
L7-1465	7-9	管家	管家	guǎn jiā	3,1	N	管家	管家	(old) butler; steward; manager; administrator; housekeeper; to manage a household
L7-1466	7-9	管教	管教	guǎn jiào	3,4	V/N	管教	管教	to discipline; to teach; to guarantee
L7-1467	7-9	管理费	管理費	guǎn lǐ fèi	3,3,4	N	管理费	管理費	management fee
L7-1468	7-9	管辖	管轄	guǎn xiá	3,2	V	管辖	管轄	to administer; to have jurisdiction (over)
L7-1469	7-9	管用	管用	guǎn yòng	3,4		管用	管用	efficacious; useful
L7-1470	7-9	管子	管子	guǎn zi	3,5	N	管子	管子	tube; pipe; drinking straw; CL:根[gen1]
L7-1471	7-9	贯彻	貫徹	guàn chè	4,4	V	贯彻	貫徹	to implement; to put into practice; to carry out
L7-1472	7-9	贯穿	貫穿	guàn chuān	4,1	V	贯穿	貫穿	to run through; a connecting thread from beginning to end; to link
L7-1473	7-9	贯通	貫通	guàn tōng	4,1	V	贯通	貫通	to link up; to thread together
L7-1474	7-9	惯	慣	guàn	4	V	惯	慣	accustomed to; used to; indulge; to spoil (a child)
L7-1475	7-9	惯例	慣例	guàn lì	4,4	N	惯例	慣例	convention; usual practice
L7-1476	7-9	惯性	慣性	guàn xìng	4,4	N	惯性	慣性	(physics) inertia; (fig.) force of habit; tendency to do things in the accustomed way; habitual
L7-1477	7-9	灌	灌	guàn	4	V	灌	灌	to irrigate; to pour; to install (software); to record (music)
L7-1478	7-9	灌溉	灌溉	guàn gài	4,4	V	灌溉	灌溉	to irrigate
L7-1479	7-9	灌输	灌輸	guàn shū	4,1	V	灌输	灌輸	to imbue with; to inculcate; to instill into; to teach; to impart; to channel water to another place
L7-1480	7-9	罐	罐	guàn	4	N	罐	罐	can; jar; pot
L7-1481	7-9	罐头	罐頭	guàn tou	4,5	N	罐头	罐頭	tin; can; CL:個|个[ge4]
L7-1482	7-9	光彩	光彩	guāng cǎi	1,3	N/Adj	光彩	光彩	luster; splendor; radiance; brilliance
L7-1483	7-9	光碟	光碟	guāng dié	1,2	N	光碟	光碟	optical disc; compact disc; CD; CD-ROM; CL:片[pian4],張|张[zhang1]
L7-1484	7-9	光顾	光顧	guāng gù	1,4	V	光顾	光顧	to visit (as a customer)
L7-1485	7-9	光滑	光滑	guāng huá	1,2	Adj	光滑	光滑	glossy; sleek; smooth
L7-1486	7-9	光环	光環	guāng huán	1,2	N	光环	光環	ring of light; halo; (fig.) glory; splendor
L7-1487	7-9	光缆	光纜	guāng lǎn	1,3	N	光缆	光纜	optical cable
L7-1488	7-9	光芒	光芒	guāng máng	1,2	N	光芒	光芒	rays of light; brilliant rays; radiance
L7-1489	7-9	光明磊落	光明磊落	guāng míng lěi luò	1,2,3,4		光明磊落	光明磊落	open and candid (idiom); straightforward and upright
L7-1490	7-9	光泽	光澤	guāng zé	1,2	N	光泽	光澤	luster; gloss
L7-1491	7-9	广义	廣義	guǎng yì	3,4	N	广义	廣義	broad sense; general sense
L7-1492	7-9	归根到底	歸根到底	guī gēn dào dǐ	1,1,4,3		归根到底	歸根到底	after all; in the final analysis; ultimately
L7-1493	7-9	归还	歸還	guī huán	1,2	V	归还	歸還	to return sth; to revert
L7-1494	7-9	归结	歸結	guī jié	1,2	V	归结	歸結	to sum up; to conclude; to put in a nutshell; conclusion; end (of a story etc)
L7-1495	7-9	归来	歸來	guī lái	1,2	V	归来	歸來	to return; to come back
L7-1496	7-9	归纳	歸納	guī nà	1,4	V	归纳	歸納	to sum up; to summarize; to conclude from facts; induction (method of deduction in logic)
L7-1497	7-9	归属	歸屬	guī shǔ	1,3	V	归属	歸屬	to belong to; to be affiliated to; to fall under the jurisdiction of; a place where one feels that one belongs; one's final destination (where one need look no further)
L7-1498	7-9	归宿	歸宿	guī sù	1,4	N	归宿	歸宿	place to return to; home; final destination; ending
L7-1499	7-9	龟	龜	guī	1	N	龟	龜	tortoise; turtle; (coll.) cuckold
L7-1500	7-9	规格	規格	guī gé	1,2	N	规格	規格	standard; norm; specification
L7-1501	7-9	规矩	規矩	guī ju	1,5	N/Adj	规矩	規矩	lit. compass and set square; fig. established standard; rule; customs; practices; fig. upright and honest; well-behaved
L7-1502	7-9	闺女	閨女	guī nü	1,5	N	闺女	閨女	maiden; unmarried woman; (coll.) daughter
L7-1503	7-9	瑰宝	瑰寶	guī bǎo	1,3	N	瑰宝	瑰寶	a treasure; a rare and valuable thing
L7-1504	7-9	轨迹	軌跡	guǐ jì	3,4	N	轨迹	軌跡	locus; orbit; trajectory; track
L7-1505	7-9	柜台	櫃檯	guì tái	4,2	N	柜台	櫃檯	sales counter; front desk; bar; (of financial trading, medicines etc) OTC (over-the-counter)
L7-1506	7-9	贵宾	貴賓	guì bīn	4,1	N	贵宾	貴賓	honored guest; distinguished guest; VIP
L7-1507	7-9	贵重	貴重	guì zhòng	4,4	Adj	贵重	貴重	precious
L7-1508	7-9	贵族	貴族	guì zú	4,2	N	贵族	貴族	lord; nobility; nobleman; noblewoman; aristocrat; aristocracy
L7-1509	7-9	桂花	桂花	guì huā	4,1	N	桂花	桂花	osmanthus flowers; Osmanthus fragrans
L7-1510	7-9	滚动	滾動	gǔn dòng	3,4	V	滚动	滾動	to roll; (to do sth) in a loop; to scroll (computing); to progressively expand (economics); to rumble (of thunder)
L7-1511	7-9	棍	棍	gùn	4	N	棍	棍	stick; rod; truncheon; scoundrel; villain
L7-1512	7-9	棍子	棍子	gùn zi	4,5	N	棍子	棍子	stick; rod
L7-1513	7-9	国宝	國寶	guó bǎo	2,3	N	国宝	國寶	national treasure
L7-1514	7-9	国防	國防	guó fáng	2,2	N	国防	國防	national defense
L7-1515	7-9	国画	國畫	guó huà	2,4	N	国画	國畫	traditional Chinese painting
L7-1516	7-9	国徽	國徽	guó huī	2,1	N	国徽	國徽	national emblem; national coat of arms
L7-1517	7-9	国情	國情	guó qíng	2,2	N	国情	國情	the characteristics and circumstances particular to a country; current state of a country
L7-1518	7-9	国土	國土	guó tǔ	2,3	N	国土	國土	country's territory; national land
L7-1519	7-9	国学	國學	guó xué	2,2	N	国学	國學	Chinese national culture; studies of ancient Chinese civilization; the Imperial College (history)
L7-1520	7-9	国有	國有	guó yǒu	2,3	V	国有	國有	nationalized; public; government owned; state-owned
L7-1521	7-9	果断	果斷	guǒ duàn	3,4	Adj	果断	果斷	firm; decisive
L7-1522	7-9	果园	果園	guǒ yuán	3,2	N	果园	果園	orchard
L7-1523	7-9	果真	果真	guǒ zhēn	3,1	Adv/Conj	果真	果真	really; as expected; sure enough; if indeed...; if it's really...
L7-1524	7-9	裹	裹	guǒ	3	V	裹	裹	to wrap around; bundle; parcel; package; to press into service; to pressgang; to make off with (sth)
L7-1525	7-9	过半	過半	guò bàn	4,4	V	过半	過半	over fifty percent; more than half
L7-1526	7-9	过不去	過不去	guò bu qù	4,5,4	V	过不去	過不去	to make life difficult for; to embarrass; unable to make it through
L7-1527	7-9	过错	過錯	guò cuò	4,4	N	过错	過錯	mistake; fault; responsibility (for a fault)
L7-1528	7-9	过道	過道	guò dào	4,4	N	过道	過道	passageway; corridor; aisle
L7-1529	7-9	过关	過關	guò guān	4,1		过关	過關	to cross a barrier; to get through (an ordeal); to pass (a test); to reach (a standard)
L7-1530	7-9	过奖	過獎	guò jiǎng	4,3	V	过奖	過獎	to overpraise; to flatter
L7-1531	7-9	过节	過節	guò jié	4,2		过节	過節	to celebrate a festival; after the celebrations (i.e. once the festival is over)
L7-1532	7-9	过境	過境	guò jìng	4,4		过境	過境	to pass through a country's territory; transit
L7-1533	7-9	过滤	過濾	guò lǜ	4,4	V	过滤	過濾	to filter
L7-1534	7-9	过期	過期	guò qī	4,1		过期	過期	to be overdue; to exceed the time limit; to expire (as in expiration date)
L7-1535	7-9	过日子	過日子	guò rì zi	4,4,5		过日子	過日子	to live one's life; to pass one's days; to get along
L7-1536	7-9	过剩	過剩	guò shèng	4,4	V	过剩	過剩	to be excessive; to be more than is required
L7-1537	7-9	过失	過失	guò shī	4,1	N	过失	過失	error; fault; (law) negligence; delinquency
L7-1538	7-9	过头	過頭	guò tóu	4,2		过头	過頭	to overdo it; to overstep the limit; excessively; above one's head; overhead
L7-1539	7-9	过往	過往	guò wǎng	4,3	V/N	过往	過往	to come and go; to have friendly relations with; in the past; previous
L7-1540	7-9	过意不去	過意不去	guò yì bù qù	4,4,4,4		过意不去	過意不去	to feel very apologetic
L7-1541	7-9	过瘾	過癮	guò yǐn	4,3		过瘾	過癮	to satisfy a craving; to get a kick out of sth; gratifying; immensely enjoyable; satisfying; fulfilling
L7-1542	7-9	过硬	過硬	guò yìng	4,4		过硬	過硬	to have perfect mastery of sth; to be up to the mark
L7-1543	7-9	过早	過早	guò zǎo	4,3		过早	過早	premature; untimely; (dialect) to have breakfast; breakfast
L7-1544	7-9	海岸	海岸	hǎi àn	3,4	N	海岸	海岸	coastal; seacoast
L7-1545	7-9	海拔	海拔	hǎi bá	3,2	N	海拔	海拔	height above sea level; elevation
L7-1546	7-9	海滨	海濱	hǎi bīn	3,1	N	海滨	海濱	shore; seaside
L7-1547	7-9	海盗	海盜	hǎi dào	3,4	N	海盗	海盜	pirate
L7-1548	7-9	海量	海量	hǎi liàng	3,4	N	海量	海量	(courteous) magnanimity; great capacity for alcohol; (attributive) enormous quantity; massive volume
L7-1549	7-9	海绵	海綿	hǎi mián	3,2	N	海绵	海綿	(zoology) sea sponge; (esp.) dried sea sponge; sponge (made from polyester or cellulose etc); foam rubber
L7-1550	7-9	海面	海面	hǎi miàn	3,4	N	海面	海面	the surface of the sea; ocean surface
L7-1551	7-9	海内外	海內外	hǎi nèi wài	3,4,4		海内外	海內外	domestic and international; at home and abroad
L7-1552	7-9	海滩	海灘	hǎi tān	3,1	N	海滩	海灘	beach; CL:片[pian4]
L7-1553	7-9	海峡	海峽	hǎi xiá	3,2	N	海峡	海峽	strait; channel
L7-1554	7-9	海啸	海嘯	hǎi xiào	3,4	N	海啸	海嘯	tsunami
L7-1555	7-9	海域	海域	hǎi yù	3,4	N	海域	海域	sea area; territorial waters; maritime space
L7-1556	7-9	海运	海運	hǎi yùn	3,4	V	海运	海運	shipping by sea
L7-1557	7-9	海藻	海藻	hǎi zǎo	3,3	N	海藻	海藻	seaweed; marine alga; kelp
L7-1558	7-9	骇人听闻	駭人聽聞	hài rén tīng wén	4,2,1,2		骇人听闻	駭人聽聞	shocking; horrifying; atrocious; terrible
L7-1559	7-9	害虫	害蟲	hài chóng	4,2	N	害虫	害蟲	injurious insect; pest
L7-1560	7-9	害臊	害臊	hài sào	4,4		害臊	害臊	to be bashful; to feel ashamed
L7-1561	7-9	害羞	害羞	hài xiū	4,1		害羞	害羞	shy; embarrassed; bashful
L7-1562	7-9	酣畅	酣暢	hān chàng	1,4	Adj	酣畅	酣暢	unrestrained; cheerful lack of inhibition, esp. for drinking or sleeping; to drink with abandon
L7-1563	7-9	酣睡	酣睡	hān shuì	1,4	V	酣睡	酣睡	to sleep soundly; to fall into a deep sleep
L7-1564	7-9	含糊	含糊	hán hu	2,5	Adj	含糊	含糊	ambiguous; vague; careless; perfunctory
L7-1565	7-9	含蓄	含蓄	hán xù	2,4	V/Adj	含蓄	含蓄	to contain; to hold; (of a person or style etc) reserved; restrained; (of words, writings) full of hidden meaning; implicit; veiled (criticism)
L7-1566	7-9	函授	函授	hán shòu	2,4	V	函授	函授	to teach by correspondence
L7-1567	7-9	涵盖	涵蓋	hán gài	2,4	V	涵盖	涵蓋	to cover; to comprise; to include
L7-1568	7-9	涵义	涵義	hán yì	2,4	N	涵义	涵義	content; meaning; connotation; implication
L7-1569	7-9	罕见	罕見	hǎn jiàn	3,4	Adj	罕见	罕見	rare; rarely seen
L7-1570	7-9	汗水	汗水	hàn shuǐ	4,3	N	汗水	汗水	sweat; perspiration
L7-1571	7-9	旱	旱	hàn	4	Adj	旱	旱	drought
L7-1572	7-9	旱灾	旱災	hàn zāi	4,1	N	旱灾	旱災	drought
L7-1573	7-9	捍卫	捍衛	hàn wèi	4,4	V	捍卫	捍衛	to defend; to uphold; to safeguard
L7-1574	7-9	焊	焊	hàn	4	V	焊	焊	to weld; to braze; to solder
L7-1575	7-9	行家	行家	háng jiā	2,1	N	行家	行家	connoisseur; expert; veteran
L7-1576	7-9	行列	行列	háng liè	2,4	N	行列	行列	formation; array; (fig.) ranks (as in "join the ranks of ...")
L7-1577	7-9	行情	行情	háng qíng	2,2	N	行情	行情	market price; quotation of market price; the current market situation
L7-1578	7-9	航海	航海	háng hǎi	2,3	V	航海	航海	to sail the seas; maritime navigation; voyage
L7-1579	7-9	航天	航天	háng tiān	2,1	V	航天	航天	space flight
L7-1580	7-9	航天员	航天員	háng tiān yuán	2,1,2	N	航天员	航天員	astronaut
L7-1581	7-9	航行	航行	háng xíng	2,2	V	航行	航行	to sail; to fly; to navigate
L7-1582	7-9	航运	航運	háng yùn	2,4	N	航运	航運	shipping; transport
L7-1583	7-9	毫不	毫不	háo bù	2,4		毫不	毫不	hardly; not in the least; not at all
L7-1584	7-9	毫不犹豫	毫不猶豫	háo bù yóu yù	2,4,2,4		毫不犹豫	毫不猶豫	without the slightest hesitation
L7-1585	7-9	毫无	毫無	háo wú	2,2		毫无	毫無	not in the least; to completely lack
L7-1586	7-9	豪华	豪華	háo huá	2,2	Adj	豪华	豪華	luxurious
L7-1587	7-9	好比	好比	hǎo bǐ	3,3	V	好比	好比	to be just like; can be compared to
L7-1588	7-9	好歹	好歹	hǎo dǎi	3,3	N/Adv	好歹	好歹	good and bad; most unfortunate occurrence; in any case; whatever
L7-1589	7-9	好感	好感	hǎo gǎn	3,3	N	好感	好感	good opinion; favorable impression
L7-1590	7-9	好坏	好壞	hǎo huài	3,4	N	好坏	好壞	good or bad; good and bad; standard; quality; (coll.) very bad
L7-1591	7-9	好家伙	好家伙	hǎo jiā huo	3,1,5	Intj	好家伙	好家伙	my God!; oh boy!; man!
L7-1592	7-9	好评	好評	hǎo píng	3,2	N	好评	好評	favorable criticism; positive evaluation
L7-1593	7-9	好说	好說	hǎo shuō	3,1	V	好说	好說	easy to deal with; not a problem; (polite answer) you flatter me
L7-1594	7-9	好笑	好笑	hǎo xiào	3,4	Adj	好笑	好笑	laughable; funny; ridiculous
L7-1595	7-9	好心	好心	hǎo xīn	3,1	N	好心	好心	kindness; good intentions
L7-1596	7-9	好心人	好心人	hǎo xīn rén	3,1,2	N	好心人	好心人	kindhearted person; good Samaritan
L7-1597	7-9	好意	好意	hǎo yì	3,4	N	好意	好意	good intention; kindness
L7-1598	7-9	好在	好在	hǎo zài	3,4	Adv	好在	好在	luckily; fortunately
L7-1599	7-9	号称	號稱	hào chēng	4,1	V	号称	號稱	to be known as; to be nicknamed; to be purportedly; to claim (often exaggeratedly or falsely)
L7-1600	7-9	好客	好客	hào kè	4,4	Adj	好客	好客	hospitality; to treat guests well; to enjoy having guests; hospitable; friendly
L7-1601	7-9	好奇心	好奇心	hào qí xīn	4,2,1	N	好奇心	好奇心	interest in sth; curiosity; inquisitive
L7-1602	7-9	耗	耗	hào	4	V	耗	耗	to waste; to spend; to consume; to squander; news; (coll.) to delay; to dilly-dally
L7-1603	7-9	耗费	耗費	hào fèi	4,4	V	耗费	耗費	to waste; to spend; to consume; to squander
L7-1604	7-9	耗时	耗時	hào shí	4,2	V	耗时	耗時	time-consuming; to take a period of (x amount of time)
L7-1605	7-9	浩劫	浩劫	hào jié	4,2	N	浩劫	浩劫	calamity; catastrophe; apocalypse
L7-1606	7-9	呵护	呵護	hē hù	1,4	V	呵护	呵護	to bless; to cherish; to take good care of; to conserve
L7-1607	7-9	禾苗	禾苗	hé miáo	2,2	N	禾苗	禾苗	seedling (of rice or other grain); CL:棵[ke1]
L7-1608	7-9	合唱	合唱	hé chàng	2,4	V	合唱	合唱	chorus; to chorus
L7-1609	7-9	合乎	合乎	hé hū	2,1	V	合乎	合乎	to accord with; to conform to
L7-1610	7-9	合伙	合伙	hé huǒ	2,3	V	合伙	合伙	to act jointly; to form a partnership
L7-1611	7-9	合计	合計	hé jì	2,4	V	合计	合計	to add up the total; to figure what sth amounts to; to consider
L7-1612	7-9	合情合理	合情合理	hé qíng hé lǐ	2,2,2,3		合情合理	合情合理	(idiom) reasonable; fair
L7-1613	7-9	合影	合影	hé yǐng	2,3		合影	合影	group photo; to take a group photo
L7-1614	7-9	合资	合資	hé zī	2,1	V	合资	合資	joint venture
L7-1615	7-9	合作社	合作社	hé zuò shè	2,4,4	N	合作社	合作社	cooperative; workers' or agricultural producers' cooperative etc
L7-1616	7-9	何必	何必	hé bì	2,4	Adv	何必	何必	there is no need; why should
L7-1617	7-9	何处	何處	hé chù	2,4		何处	何處	whence; where
L7-1618	7-9	何苦	何苦	hé kǔ	2,3	Adv	何苦	何苦	why bother?; is it worth the trouble?
L7-1619	7-9	何况	何況	hé kuàng	2,4	Conj	何况	何況	let alone; to say nothing of; besides; what's more
L7-1620	7-9	何时	何時	hé shí	2,2		何时	何時	when
L7-1621	7-9	和蔼	和藹	hé ǎi	2,3	Adj	和蔼	和藹	kindly; nice; amiable
L7-1622	7-9	和解	和解	hé jiě	2,3	V	和解	和解	to settle (a dispute out of court); to reconcile; settlement; conciliation; to become reconciled
L7-1623	7-9	和睦	和睦	hé mù	2,4	Adj	和睦	和睦	peaceful relations; harmonious
L7-1624	7-9	和平共处	和平共處	hé píng gòng chǔ	2,2,4,3		和平共处	和平共處	peaceful coexistence of nations, societies etc
L7-1625	7-9	和气	和氣	hé qi	2,5	Adj/N	和气	和氣	friendly; polite; amiable
L7-1626	7-9	和尚	和尚	hé shang	2,5	N	和尚	和尚	Buddhist monk
L7-1627	7-9	河流	河流	hé liú	2,2	N	河流	河流	river; CL:條|条[tiao2]
L7-1628	7-9	河畔	河畔	hé pàn	2,4	N	河畔	河畔	riverside; river plain
L7-1629	7-9	荷花	荷花	hé huā	2,1	N	荷花	荷花	lotus
L7-1630	7-9	核	核	hé	2	N	核	核	pit; stone; nucleus; nuclear; to examine; to check; to verify
L7-1631	7-9	核电站	核電站	hé diàn zhàn	2,4,4	N	核电站	核電站	nuclear power plant
L7-1632	7-9	核对	核對	hé duì	2,4	V	核对	核對	to check; to verify; to audit; to examine
L7-1633	7-9	核能	核能	hé néng	2,2	N	核能	核能	nuclear energy
L7-1634	7-9	核实	核實	hé shí	2,2	V	核实	核實	to verify; to check
L7-1635	7-9	核桃	核桃	hé tao	2,5	N	核桃	核桃	walnut; CL:顆|颗[ke1]
L7-1636	7-9	核武器	核武器	hé wǔ qì	2,3,4	N	核武器	核武器	nuclear weapon
L7-1637	7-9	贺电	賀電	hè diàn	4,4	N	贺电	賀電	congratulatory telegram
L7-1638	7-9	贺信	賀信	hè xìn	4,4	N	贺信	賀信	congratulatory letter or message
L7-1639	7-9	喝彩	喝彩	hè cǎi	4,3		喝彩	喝彩	to acclaim; to cheer
L7-1640	7-9	赫然	赫然	hè rán	4,2	Adj	赫然	赫然	with astonishment; with a shock; awe-inspiringly; impressively; furiously (angry)
L7-1641	7-9	鹤立鸡群	鶴立雞群	hè lì jī qún	4,4,1,2		鹤立鸡群	鶴立雞群	a crane in a flock of chicken (idiom); way above the common; manifestly superior
L7-1642	7-9	黑白	黑白	hēi bái	1,2	N	黑白	黑白	black and white; right and wrong; monochrome
L7-1643	7-9	黑客	黑客	hēi kè	1,4	N	黑客	黑客	(computing) (loanword) hacker
L7-1644	7-9	黑马	黑馬	hēi mǎ	1,3	N	黑马	黑馬	dark horse; fig. unexpected winner
L7-1645	7-9	黑手	黑手	hēi shǒu	1,3	N	黑手	黑手	(fig.) malign agent who manipulates from behind the scenes; hidden hand; (Tw) mechanic; blue-collar worker; manual laborer
L7-1646	7-9	黑心	黑心	hēi xīn	1,1	Adj/N	黑心	黑心	ruthless and lacking in conscience; vicious mind full of hatred and jealousy; black core (flaw in pottery)
L7-1647	7-9	嘿	嘿	hēi	1	Intj	嘿	嘿	hey
L7-1648	7-9	痕迹	痕跡	hén jì	2,4	N	痕迹	痕跡	vestige; mark; trace
L7-1649	7-9	恨不得	恨不得	hèn bu de	4,5,5	V	恨不得	恨不得	wishing one could do sth; to hate to be unable; itching to do sth
L7-1650	7-9	哼	哼	hēng	1	V	哼	哼	to groan; to snort; to hum; to croon; humph!
L7-1651	7-9	横七竖八	橫七豎八	héng qī shù bā	2,1,4,1		横七竖八	橫七豎八	in disorder; at sixes and sevens (idiom)
L7-1652	7-9	横向	橫向	héng xiàng	2,4	Adj	横向	橫向	horizontal; orthogonal; perpendicular; lateral; crosswise
L7-1653	7-9	横	橫	hèng	4	Adj	横	橫	harsh and unreasonable; unexpected
L7-1654	7-9	轰	轟	hōng	1	V/Phonetic	轰	轟	explosion; bang; boom; rumble; to attack; to shoo away; to expel
L7-1655	7-9	轰动	轟動	hōng dòng	1,4	V	轰动	轟動	to cause a sensation; to create a stir in (a place); commotion; controversy
L7-1656	7-9	轰炸	轟炸	hōng zhà	1,4	V	轰炸	轟炸	to bomb; to bombard; CL:波[bo1],輪|轮[lun2]
L7-1657	7-9	哄	哄	hōng	1	Phonetic	哄	哄	roar of laughter (onom.); hubbub; to roar (as a crowd)
L7-1658	7-9	哄堂大笑	哄堂大笑	hōng táng dà xiào	1,2,4,4		哄堂大笑	哄堂大笑	the whole room roaring with laughter (idiom)
L7-1659	7-9	烘干	烘乾	hōng gān	1,1	V	烘干	烘乾	to dry over a stove
L7-1660	7-9	烘托	烘托	hōng tuō	1,1	V	烘托	烘托	background (of a painting); backdrop; a foil (to set off something to advantage); to offset (something to advantage)
L7-1661	7-9	弘扬	弘揚	hóng yáng	2,2	V	弘扬	弘揚	to enhance; to promote; to enrich
L7-1662	7-9	红灯	紅燈	hóng dēng	2,1	N	红灯	紅燈	red light
L7-1663	7-9	红火	紅火	hóng huǒ	2,3	Adj	红火	紅火	prosperous
L7-1664	7-9	红扑扑	紅撲撲	hóng pū pū	2,1,1	Adj	红扑扑	紅撲撲	red; rosy; flushed
L7-1665	7-9	红润	紅潤	hóng rùn	2,4	Adj	红润	紅潤	ruddy; rosy; florid
L7-1666	7-9	红薯	紅薯	hóng shǔ	2,3	N	红薯	紅薯	sweet potato
L7-1667	7-9	红眼	紅眼	hóng yǎn	2,3	V	红眼	紅眼	to become infuriated; to see red; envious; jealous; covetous; pink eye (conjunctivitis); red-eye (flight)(photography) red eye
L7-1668	7-9	宏观	宏觀	hóng guān	2,1	Adj	宏观	宏觀	macro-; macroscopic; holistic
L7-1669	7-9	宏伟	宏偉	hóng wěi	2,3	Adj	宏伟	宏偉	grand; imposing; magnificent
L7-1670	7-9	洪亮	洪亮	hóng liàng	2,4	Adj	洪亮	洪亮	loud and clear; resonant
L7-1671	7-9	哄	哄	hǒng	3	V	哄	哄	to deceive; to coax; to amuse (a child)
L7-1672	7-9	哄	鬨	hòng	4	V	哄	鬨	tumult; uproar; commotion; disturbance
L7-1673	7-9	喉咙	喉嚨	hóu lóng	2,2	N	喉咙	喉嚨	the throat
L7-1674	7-9	吼	吼	hǒu	3	V	吼	吼	to roar; to howl; to shriek; roar or howl of an animal; bellow of rage
L7-1675	7-9	后备	後備	hòu bèi	4,4	Adj/N	后备	後備	reserve; backup
L7-1676	7-9	后备箱	後備箱	hòu bèi xiāng	4,4,1	N	后备箱	後備箱	trunk; boot (of a car)
L7-1677	7-9	后代	後代	hòu dài	4,4	N	后代	後代	descendant; progeny; posterity; later ages; later generations
L7-1678	7-9	后盾	後盾	hòu dùn	4,4	N	后盾	後盾	support; backing
L7-1679	7-9	后顾之忧	後顧之憂	hòu gù zhī yōu	4,4,1,1		后顾之忧	後顧之憂	fears of trouble in the rear (idiom); family worries (obstructing freedom of action); worries about the future consequences; often in negative expressions, meaning "no worries about anything"
L7-1680	7-9	后期	後期	hòu qī	4,1	N	后期	後期	late stage; later period
L7-1681	7-9	后勤	後勤	hòu qín	4,2	N	后勤	後勤	logistics
L7-1682	7-9	后人	後人	hòu rén	4,2	N	后人	後人	later generation
L7-1683	7-9	后台	後台	hòu tái	4,2	N	后台	後台	backstage area; behind-the-scenes supporter; (computing) back-end; background
L7-1684	7-9	后退	後退	hòu tuì	4,4	V	后退	後退	to recoil; to draw back; to fall back; to retreat
L7-1685	7-9	后续	後續	hòu xù	4,4	Adj	后续	後續	follow-up; (dialect) to remarry
L7-1686	7-9	后遗症	後遺症	hòu yí zhèng	4,2,4	N	后遗症	後遺症	(medicine) sequelae; residual effects; (fig.) repercussions; aftermath
L7-1687	7-9	后裔	後裔	hòu yì	4,4	N	后裔	後裔	descendant
L7-1688	7-9	后者	後者	hòu zhě	4,3	N	后者	後者	the latter
L7-1689	7-9	厚道	厚道	hòu dao	4,5	Adj	厚道	厚道	kind and honest; generous; sincere
L7-1690	7-9	厚度	厚度	hòu dù	4,4	N	厚度	厚度	thickness
L7-1691	7-9	候选人	候選人	hòu xuǎn rén	4,3,2	N	候选人	候選人	candidate; CL:名[ming2]
L7-1692	7-9	呼风唤雨	呼風喚雨	hū fēng huàn yǔ	1,1,4,3		呼风唤雨	呼風喚雨	to call the wind and summon the rain (idiom); to exercise magical powers; fig. to stir up troubles
L7-1693	7-9	呼唤	呼喚	hū huàn	1,4	V	呼唤	呼喚	to call out (a name etc); to shout
L7-1694	7-9	呼救	呼救	hū jiù	1,4	V	呼救	呼救	to call for help
L7-1695	7-9	呼声	呼聲	hū shēng	1,1	N	呼声	呼聲	a shout; fig. opinion or demand, esp. expressed by a group
L7-1696	7-9	呼应	呼應	hū yìng	1,4	V	呼应	呼應	to conform (with); to echo; to correlate well; (linguistics) agreement
L7-1697	7-9	呼吁	呼籲	hū yù	1,4	V	呼吁	呼籲	to call on (sb to do sth); to appeal (to); an appeal
L7-1698	7-9	忽高忽低	忽高忽低	hū gāo hū dī	1,1,1,1		忽高忽低	忽高忽低	alternately soaring and plunging
L7-1699	7-9	忽悠	忽悠	hū you	1,5	V	忽悠	忽悠	to rock; to sway; to flicker (e.g. of lights reflected on water); to flutter (e.g. of a flag); to trick sb into doing sth; to dupe; to con
L7-1700	7-9	胡闹	胡鬧	hú nào	2,4	V	胡闹	胡鬧	to act willfully and make a scene; to make trouble
L7-1701	7-9	胡说	胡說	hú shuō	2,1	V/N	胡说	胡說	to talk nonsense; drivel
L7-1702	7-9	胡思乱想	胡思亂想	hú sī luàn xiǎng	2,1,4,3		胡思乱想	胡思亂想	(idiom) to indulge in flights of fancy; to let one's imagination run wild
L7-1703	7-9	湖泊	湖泊	hú pō	2,1	N	湖泊	湖泊	lake
L7-1704	7-9	糊	糊	hú	2	V	糊	糊|餬	to paste; to glue; blurry; unclear; muddled; (esp. of food) scorched; burnt; paste; mush; thick gruel
L7-1705	7-9	糊涂	糊塗	hú tu	2,5	Adj	糊涂	糊塗	muddled; silly; confused
L7-1706	7-9	互补	互補	hù bǔ	4,3	V	互补	互補	complementary; to complement each other
L7-1707	7-9	互访	互訪	hù fǎng	4,3	V	互访	互訪	exchange visits
L7-1708	7-9	互信	互信	hù xìn	4,4	V	互信	互信	mutual trust
L7-1709	7-9	互助	互助	hù zhù	4,4	V	互助	互助	to help each other
L7-1710	7-9	护理	護理	hù lǐ	4,3	V	护理	護理	to nurse; to care for
L7-1711	7-9	花瓣	花瓣	huā bàn	1,4	N	花瓣	花瓣	petal; CL:片[pian4]
L7-1712	7-9	花卉	花卉	huā huì	1,4	N	花卉	花卉	flowers and plants
L7-1713	7-9	花纹	花紋	huā wén	1,2	N	花纹	花紋	decorative design
L7-1714	7-9	花样	花樣	huā yàng	1,4	N	花样	花樣	pattern; way of doing sth; trick; ruse; fancy-style (as in 花樣滑冰|花样滑冰[hua1 yang4 hua2 bing1] figure skating)
L7-1715	7-9	划算	划算	huá suàn	2,4	V/Adj	划算	划算	to calculate; to weigh (pros and cons); to view as profitable; worthwhile; value for money; cost-effective
L7-1716	7-9	华丽	華麗	huá lì	2,4	Adj	华丽	華麗	gorgeous
L7-1717	7-9	华侨	華僑	Huá qiáo	2,2	N	华侨	華僑	overseas Chinese; (in a restricted sense) Chinese emigrant who still retains Chinese nationality; CL:個|个[ge4],位[wei4],名[ming2]
L7-1718	7-9	华裔	華裔	Huá yì	2,4	N	华裔	華裔	ethnic Chinese; non-Chinese citizen of Chinese ancestry
L7-1719	7-9	哗变	嘩變	huá biàn	2,4	V	哗变	嘩變	mutiny; rebellion
L7-1720	7-9	哗然	譁然	huá rán	2,2	Adj	哗然	譁然	variant of 嘩然|哗然[hua2 ran2]
L7-1721	7-9	滑冰	滑冰	huá bīng	2,1	V	滑冰	滑冰	to skate; skating
L7-1722	7-9	滑稽	滑稽	huá jī	2,1	Adj	滑稽	滑稽	comical; funny; amusing (old pr. [gu3 ji1]); huaji, a form of comedy performance popular in Shanghai, Jiangsu and Zhejiang
L7-1723	7-9	滑梯	滑梯	huá tī	2,1	N	滑梯	滑梯	(children's) sliding board; a slide
L7-1724	7-9	滑雪	滑雪	huá xuě	2,3	V	滑雪	滑雪	to ski; skiing
L7-1725	7-9	化肥	化肥	huà féi	4,2	N	化肥	化肥	chemical fertilizer
L7-1726	7-9	化身	化身	huà shēn	4,1	N	化身	化身	incarnation; reincarnation; embodiment (of abstract idea); personification
L7-1727	7-9	化纤	化纖	huà xiān	4,1	N	化纤	化纖	man-made fiber (abbr. for 化學纖維|化学纤维[hua4 xue2 xian1 wei2])
L7-1728	7-9	化险为夷	化險為夷	huà xiǎn wéi yí	4,3,2,2		化险为夷	化險為夷	to turn peril into safety (idiom); to avert disaster
L7-1729	7-9	化验	化驗	huà yàn	4,4	V	化验	化驗	chemical examination; to do a lab test
L7-1730	7-9	化妆	化妝	huà zhuāng	4,1		化妆	化妝	to put on makeup
L7-1731	7-9	划时代	劃時代	huà shí dài	4,2,4	Adj	划时代	劃時代	epoch-marking
L7-1732	7-9	画册	畫冊	huà cè	4,4	N	画册	畫冊	picture album
L7-1733	7-9	画龙点睛	畫龍點睛	huà lóng diǎn jīng	4,2,3,1		画龙点睛	畫龍點睛	to paint a dragon and dot in the eyes (idiom); fig. to add the vital finishing touch; the crucial point that brings the subject to life; a few words to clinch the point
L7-1734	7-9	画蛇添足	畫蛇添足	huà shé tiān zú	4,2,1,2		画蛇添足	畫蛇添足	lit. draw legs on a snake (idiom); fig. to ruin the effect by adding sth superfluous; to overdo it
L7-1735	7-9	画展	畫展	huà zhǎn	4,3	N	画展	畫展	art exhibition
L7-1736	7-9	话费	話費	huà fèi	4,4	N	话费	話費	call charge
L7-1737	7-9	话筒	話筒	huà tǒng	4,3	N	话筒	話筒	microphone; (telephone) receiver; handset; megaphone; (fig.) mouthpiece; spokesperson
L7-1738	7-9	话语	話語	huà yǔ	4,3	N	话语	話語	words; speech; utterance; discourse
L7-1739	7-9	怀抱	懷抱	huái bào	2,4	V/N	怀抱	懷抱	to hug; to cherish; within the bosom (of the family); to embrace (also fig. an ideal, aspiration etc)
L7-1740	7-9	怀旧	懷舊	huái jiù	2,4	V	怀旧	懷舊	to feel nostalgic; nostalgia
L7-1741	7-9	怀里	懷裡	huái lǐ	2,3		怀里	懷裡	embrace; bosom
L7-1742	7-9	怀孕	懷孕	huái yùn	2,4		怀孕	懷孕	pregnant; to have conceived; gestation; pregnancy
L7-1743	7-9	怀着	懷著	huáizhe			怀着	懷著	to harbor or carry (a feeling)
L7-1744	7-9	槐树	槐樹	huái shù	2,4	N	槐树	槐樹	locust tree (Sophora japonica)
L7-1745	7-9	坏事	壞事	huài shì	4,4	N	坏事	壞事	bad thing; misdeed; to ruin things
L7-1746	7-9	欢呼	歡呼	huān hū	1,1	V	欢呼	歡呼	to cheer for; to acclaim
L7-1747	7-9	欢聚	歡聚	huān jù	1,4	V	欢聚	歡聚	to get together socially; to celebrate; party; celebration
L7-1748	7-9	欢快	歡快	huān kuài	1,4	Adj	欢快	歡快	cheerful and lighthearted; lively
L7-1749	7-9	欢声笑语	歡聲笑語	huān shēng xiào yǔ	1,1,4,3		欢声笑语	歡聲笑語	cheers and laughter
L7-1750	7-9	还款	還款	huán kuǎn	2,3		还款	還款	repayment; to pay back money
L7-1751	7-9	还原	還原	huán yuán	2,2		还原	還原	to restore to the original state; to reconstruct (an event); reduction (chemistry)
L7-1752	7-9	环球	環球	huán qiú	2,2	V	环球	環球	around the world; worldwide
L7-1753	7-9	环绕	環繞	huán rào	2,4	V	环绕	環繞	to surround; to circle; to revolve around
L7-1754	7-9	缓	緩	huǎn	3	V	缓	緩	slow; unhurried; sluggish; gradual; not tense; relaxed; to postpone; to defer; to stall; to stave off; to revive; to recuperate
L7-1755	7-9	缓和	緩和	huǎn hé	3,2	V/Adj	缓和	緩和	to ease (tension); to alleviate; to moderate; to allay; to make more mild
L7-1756	7-9	缓缓	緩緩	huǎn huǎn	3,3	Adv	缓缓	緩緩	slowly; unhurriedly; little by little
L7-1757	7-9	缓慢	緩慢	huǎn màn	3,4	Adj	缓慢	緩慢	slow; unhurried; sluggish
L7-1758	7-9	幻觉	幻覺	huàn jué	4,2	N	幻觉	幻覺	illusion; hallucination; figment of one's imagination
L7-1759	7-9	幻影	幻影	huàn yǐng	4,3	N	幻影	幻影	phantom; mirage
L7-1760	7-9	换成	換成	huàn chéng	4,2		换成	換成	to exchange (sth) for (sth else); to replace with; to convert into
L7-1761	7-9	换取	換取	huàn qǔ	4,3	V	换取	換取	to obtain (sth) in exchange; to exchange (sth) for (sth else)
L7-1762	7-9	换位	換位	huàn wèi	4,4	V	换位	換位	to swap places; (logic) conversion; (car maintenance) to rotate (tires)
L7-1763	7-9	换言之	換言之	huàn yán zhī	4,2,1		换言之	換言之	in other words
L7-1764	7-9	唤起	喚起	huàn qǐ	4,3	V	唤起	喚起	to waken (to action); to rouse (the masses); to evoke (attention, recollection etc)
L7-1765	7-9	患	患	huàn	4	V	患	患	to suffer (from illness); to contract (a disease); misfortune; trouble; danger; worry
L7-1766	7-9	患病	患病	huàn bìng	4,4	V	患病	患病	to fall ill
L7-1767	7-9	患有	患有	huàn yǒu	4,3		患有	患有	to contract (an illness); to be afflicted with; to suffer from
L7-1768	7-9	焕发	煥發	huàn fā	4,1	V	焕发	煥發	to shine; to glow; to irradiate; to flash
L7-1769	7-9	荒	荒	huāng	1	V	荒	荒	desolate; shortage; scarce; out of practice; absurd; uncultivated; to neglect
L7-1770	7-9	荒诞	荒誕	huāng dàn	1,4	Adj	荒诞	荒誕	beyond belief; incredible; preposterous; fantastic
L7-1771	7-9	荒凉	荒涼	huāng liáng	1,2	Adj	荒凉	荒涼	desolate
L7-1772	7-9	荒谬	荒謬	huāng miù	1,4	Adj	荒谬	荒謬	absurd; ridiculous
L7-1773	7-9	慌乱	慌亂	huāng luàn	1,4	Adj	慌乱	慌亂	frenetic; hurried
L7-1774	7-9	慌张	慌張	huāng zhāng	1,1	Adj	慌张	慌張	flustered; agitated
L7-1775	7-9	皇宫	皇宮	huáng gōng	2,1	N	皇宫	皇宮	imperial palace
L7-1776	7-9	皇后	皇后	huáng hòu	2,4	N	皇后	皇后	empress; imperial consort
L7-1777	7-9	皇上	皇上	huáng shang	2,5	N	皇上	皇上	the emperor; Your majesty the emperor; His imperial majesty
L7-1778	7-9	皇室	皇室	huáng shì	2,4	N	皇室	皇室	royal family; imperial household; member of the royal family
L7-1779	7-9	黄昏	黃昏	huáng hūn	2,1	N	黄昏	黃昏	dusk; evening; nightfall
L7-1780	7-9	恍然大悟	恍然大悟	huǎng rán dà wù	3,2,4,4		恍然大悟	恍然大悟	(idiom) to suddenly realize; to suddenly see the light
L7-1781	7-9	晃	晃	huǎng	3	V	晃	晃	to dazzle; to flash past
L7-1782	7-9	谎话	謊話	huǎng huà	3,4	N	谎话	謊話	lie
L7-1783	7-9	谎言	謊言	huǎng yán	3,2	N	谎言	謊言	lie
L7-1784	7-9	晃	晃	huàng	4	V	晃	晃	to sway; to shake; to wander about
L7-1785	7-9	晃荡	晃蕩	huàng dang	4,5	V	晃荡	晃蕩	to rock; to sway; to shake
L7-1786	7-9	灰	灰	huī	1	N/Adj	灰	灰	ash; dust; lime; gray; discouraged; dejected
L7-1787	7-9	灰尘	灰塵	huī chén	1,2	N	灰尘	灰塵	dust
L7-1788	7-9	灰心	灰心	huī xīn	1,1		灰心	灰心	to lose heart; to be discouraged
L7-1789	7-9	挥	揮	huī	1	V	挥	揮	to wave; to brandish; to command; to conduct; to scatter; to disperse
L7-1790	7-9	辉煌	輝煌	huī huáng	1,2	Adj	辉煌	輝煌	splendid; glorious
L7-1791	7-9	回归	回歸	huí guī	2,1	V	回归	回歸	to return to; to retreat; regression (statistics)
L7-1792	7-9	回扣	回扣	huí kòu	2,4	N	回扣	回扣	brokerage; a commission paid to a middleman; euphemism for a bribe; a kickback
L7-1793	7-9	回馈	回饋	huí kuì	2,4	V	回馈	回饋	to repay a favor; to give back; feedback
L7-1794	7-9	回落	回落	huí luò	2,4	V	回落	回落	to fall back; to return to low level after a rise (in water level, price etc)
L7-1795	7-9	回升	回升	huí shēng	2,1	V	回升	回升	to rise again after a fall; to pick up; rally (stock market etc)
L7-1796	7-9	回首	回首	huí shǒu	2,3	V	回首	回首	to turn around; to look back; (fig.) to recall the past
L7-1797	7-9	回味	回味	huí wèi	2,4	N/V	回味	回味	to call to mind and ponder over; aftertaste
L7-1798	7-9	回想	回想	huí xiǎng	2,3	V	回想	回想	to recall; to recollect; to think back
L7-1799	7-9	回忆录	回憶錄	huí yì lù	2,4,4	N	回忆录	回憶錄	memoir
L7-1800	7-9	悔恨	悔恨	huǐ hèn	3,4	V	悔恨	悔恨	remorse; repentance
L7-1801	7-9	毁坏	毀壞	huǐ huài	3,4	V	毁坏	毀壞	to damage; to devastate; to vandalize; damage; destruction
L7-1802	7-9	毁灭	毀滅	huǐ miè	3,4	V	毁灭	毀滅	to perish; to ruin; to destroy
L7-1803	7-9	汇合	匯合	huì hé	4,2	V	汇合	匯合	confluence; to converge; to join; to fuse; fusion
L7-1804	7-9	汇集	匯集	huì jí	4,2	V	汇集	匯集	to collect; to compile; to converge; also written 彙集|汇集[hui4 ji2]
L7-1805	7-9	汇聚	匯聚	huì jù	4,4	V	汇聚	匯聚	convergence; to come together
L7-1806	7-9	会场	會場	huì chǎng	4,3	N	会场	會場	meeting place; place where people gather; CL:個|个[ge4]
L7-1807	7-9	会面	會面	huì miàn	4,4		会面	會面	to meet with; meeting
L7-1808	7-9	会晤	會晤	huì wù	4,4	V	会晤	會晤	to meet (formally); formal meeting
L7-1809	7-9	会意	會意	huì yì	4,4	V	会意	會意	combined ideogram (one of the Six Methods 六書|六书[liu4 shu1] of forming Chinese characters); Chinese character that combines the meanings of existing elements; also known as joint ideogram or associative compound; to comprehend without being told explicitly; to cotton on; knowing (smile, glance etc)
L7-1810	7-9	会诊	會診	huì zhěn	4,3		会诊	會診	consultation (medical); to meet for diagnosis; (by extension) consultation of different specialists
L7-1811	7-9	绘声绘色	繪聲繪色	huì shēng huì sè	4,1,4,4		绘声绘色	繪聲繪色	vivid and colorful (idiom); true to life; lively and realistic
L7-1812	7-9	贿赂	賄賂	huì lù	4,4	V/N	贿赂	賄賂	to bribe; a bribe
L7-1813	7-9	昏迷	昏迷	hūn mí	1,2	V	昏迷	昏迷	to lose consciousness; to be in a coma; stupor; coma; stunned; disoriented
L7-1814	7-9	婚纱	婚紗	hūn shā	1,1	N	婚纱	婚紗	wedding dress
L7-1815	7-9	婚姻	婚姻	hūn yīn	1,1	N	婚姻	婚姻	marriage; matrimony; CL:樁|桩[zhuang1],次[ci4]
L7-1816	7-9	浑身	渾身	hún shēn	2,1	N	浑身	渾身	all over; from head to foot
L7-1817	7-9	魂	魂	hún	2	N	魂	魂	soul; spirit; immortal soul (that can be detached from the body)
L7-1818	7-9	混凝土	混凝土	hùn níng tǔ	4,2,3	N	混凝土	混凝土	concrete (building material)
L7-1819	7-9	混淆	混淆	hùn xiáo	4,2	V	混淆	混淆	to obscure; to confuse; to mix up; to blur; to mislead
L7-1820	7-9	混浊	混濁	hùn zhuó	4,2	Adj	混浊	混濁	turbid; muddy; dirty
L7-1821	7-9	豁	豁	huō	1	V	豁	豁	opening; stake all; sacrifice; crack; slit
L7-1822	7-9	豁出去	豁出去	huō chu qu	1,5,5		豁出去	豁出去	to throw caution to the wind; to press one's luck; to go for broke
L7-1823	7-9	活该	活該	huó gāi	2,1	V	活该	活該	(coll.) serve sb right; deservedly; ought; should
L7-1824	7-9	活期	活期	huó qī	2,1	Adj	活期	活期	(banking) current (account); checking (account); demand (deposit etc)
L7-1825	7-9	活儿	活兒	huó r	2,5	N	活儿	活兒	work; (lots of) things to do
L7-1826	7-9	火暴	火暴	huǒ bào	3,4	Adj	火暴	火暴	variant of 火爆[huo3 bao4]
L7-1827	7-9	火锅	火鍋	huǒ guō	3,1	N	火锅	火鍋	hotpot; (basketball) a blocked shot; a block
L7-1828	7-9	火候	火候	huǒ hou	3,5	N	火候	火候	heat control; (fig.) mastery; (fig.) crucial moment
L7-1829	7-9	火花	火花	huǒ huā	3,1	N	火花	火花	spark; sparkle
L7-1830	7-9	火炬	火炬	huǒ jù	3,4	N	火炬	火炬	(flaming) torch; CL:把[ba3]
L7-1831	7-9	火辣辣	火辣辣	huǒ là là	3,4,4	Adj	火辣辣	火辣辣	scorching hot; (of a burn or other injury) painful; burning; (of one's mood) agitated; heated; intense; (of a personality) fiery; sharp-tongued; (Tw) (of a woman's figure) smoking hot
L7-1832	7-9	火热	火熱	huǒ rè	3,4	Adj	火热	火熱	fiery; burning; fervent; ardent; passionate
L7-1833	7-9	火山	火山	huǒ shān	3,1	N	火山	火山	volcano
L7-1834	7-9	火速	火速	huǒ sù	3,4	Adv	火速	火速	at top speed; at a tremendous lick
L7-1835	7-9	火焰	火焰	huǒ yàn	3,4	N	火焰	火焰	blaze; flame
L7-1836	7-9	火药	火藥	huǒ yào	3,4	N	火药	火藥	gunpowder
L7-1837	7-9	伙食	伙食	huǒ shí	3,2	N	伙食	伙食	food; meals
L7-1838	7-9	或多或少	或多或少	huò duō huò shǎo	4,1,4,3		或多或少	或多或少	more or less
L7-1839	7-9	货币	貨幣	huò bì	4,4	N	货币	貨幣	currency; monetary; money
L7-1840	7-9	货车	貨車	huò chē	4,1	N	货车	貨車	truck; van; freight wagon
L7-1841	7-9	货物	貨物	huò wù	4,4	N	货物	貨物	goods; commodity; merchandise; CL:宗[zong1]
L7-1842	7-9	货运	貨運	huò yùn	4,4	N	货运	貨運	freight transport; cargo; transported goods
L7-1843	7-9	获胜	獲勝	huò shèng	4,4	V	获胜	獲勝	to win
L7-1844	7-9	获悉	獲悉	huò xī	4,1	V	获悉	獲悉	to learn of sth; to find out; to get news
L7-1845	7-9	祸害	禍害	huò hài	4,4	N/V	祸害	禍害	disaster; harm; scourge; bad person; to damage; to harm; to wreck
L7-1846	7-9	霍乱	霍亂	huò luàn	4,4	N	霍乱	霍亂	cholera
L7-1847	7-9	豁达	豁達	huò dá	4,2	Adj	豁达	豁達	optimistic; sanguine; generous; magnanimous; open-minded
L7-1848	7-9	几率	幾率	jī lǜ	1,4	N	几率	幾率	probability; odds
L7-1849	7-9	讥笑	譏笑	jī xiào	1,4	V	讥笑	譏笑	to sneer
L7-1850	7-9	饥饿	飢餓	jī è	1,4	Adj	饥饿	飢餓	hunger; starvation; famine
L7-1851	7-9	机舱	機艙	jī cāng	1,1	N	机舱	機艙	cabin of a plane
L7-1852	7-9	机动	機動	jī dòng	1,4	Adj	机动	機動	locomotive; motorized; power-driven; adaptable; flexible (use, treatment, timing etc)
L7-1853	7-9	机灵	機靈	jī ling	1,5	Adj	机灵	機靈	alert; quick-witted; lively
L7-1854	7-9	机密	機密	jī mì	1,4	Adj/N	机密	機密	secret; classified; classified information; secret
L7-1855	7-9	机智	機智	jī zhì	1,4	Adj	机智	機智	quick-witted; resourceful
L7-1856	7-9	肌肤	肌膚	jī fū	1,1	N	肌肤	肌膚	skin; flesh; fig. close physical relationship
L7-1857	7-9	积	積	jī	1	V	积	積	to amass; to accumulate; to store up; (math.) product (the result of multiplication); (TCM) constipation; indigestion
L7-1858	7-9	积淀	積澱	jī diàn	1,4	V/N	积淀	積澱	deposits accumulated over long periods; fig. valuable experience, accumulated wisdom
L7-1859	7-9	积蓄	積蓄	jī xù	1,4	V/N	积蓄	積蓄	to save; to put aside; savings
L7-1860	7-9	基本功	基本功	jī běn gōng	1,3,1	N	基本功	基本功	basic skills; fundamentals
L7-1861	7-9	基层	基層	jī céng	1,2	N	基层	基層	basic level; grassroots unit; basement layer
L7-1862	7-9	基因	基因	jī yīn	1,1	N	基因	基因	gene (loanword)
L7-1863	7-9	基于	基於	jī yú	1,2	Prep	基于	基於	because of; on the basis of; in view of; on account of
L7-1864	7-9	基准	基準	jī zhǔn	1,3	N	基准	基準	(surveying) datum; standard; criterion; benchmark
L7-1865	7-9	畸形	畸形	jī xíng	1,2	Adj	畸形	畸形	deformed; malformed; lopsided; unbalanced
L7-1866	7-9	激发	激發	jī fā	1,1	V	激发	激發	to arouse; to stimulate; (physics) to excite
L7-1867	7-9	激光	激光	jī guāng	1,1	N	激光	激光	laser
L7-1868	7-9	激化	激化	jī huà	1,4	V	激化	激化	to intensify
L7-1869	7-9	激活	激活	jī huó	1,2	V	激活	激活	to activate
L7-1870	7-9	激励	激勵	jī lì	1,4	V	激励	激勵	to encourage; to urge; motivation; incentive
L7-1871	7-9	激起	激起	jī qǐ	1,3	V	激起	激起	to arouse; to evoke; to cause; to stir up
L7-1872	7-9	激素	激素	jī sù	1,4	N	激素	激素	hormone
L7-1873	7-9	及	及	jí	2	Conj	及	及	and; to reach; up to; in time for
L7-1874	7-9	及其	及其	jí qí	2,2		及其	及其	(conjunction linking two nouns) and its ...; and their ...; and his ...; and her ...
L7-1875	7-9	及早	及早	jí zǎo	2,3	Adv	及早	及早	at the earliest possible time; as soon as possible
L7-1876	7-9	吉普	吉普	Jí pǔ	2,3	N	吉普	吉普	Jeep (car brand)
L7-1877	7-9	吉他	吉他	jí tā	2,1	N	吉他	吉他	(loanword) guitar; CL:把[ba3]
L7-1878	7-9	吉祥物	吉祥物	jí xiáng wù	2,2,4	N	吉祥物	吉祥物	mascot
L7-1879	7-9	级别	級別	jí bié	2,2	N	级别	級別	(military) rank; level; grade
L7-1880	7-9	极度	極度	jí dù	2,4	Adv	极度	極度	extremely
L7-1881	7-9	极力	極力	jí lì	2,4	Adv	极力	極力	to make a supreme effort; at all costs
L7-1882	7-9	极少数	極少數	jí shǎo shù	2,3,4		极少数	極少數	extremely few; a small minority
L7-1883	7-9	极为	極為	jí wéi	2,2	Adv	极为	極為	extremely; exceedingly
L7-1884	7-9	极限	極限	jí xiàn	2,4	N	极限	極限	limit; extreme boundary
L7-1885	7-9	即	即	jí	2	Adv	即	即	namely; that is; i.e.; prompt; at once; at present; even if; prompted (by the occasion); to approach; to come into contact; to assume (office); to draw near
L7-1886	7-9	即便	即便	jí biàn	2,4	Conj	即便	即便	even if; even though; right away; immediately
L7-1887	7-9	即可	即可	jí kě	2,3	V	即可	即可	equivalent to 就可以; can then (do sth); can immediately (do sth); (do sth) and that will suffice
L7-1888	7-9	急剧	急劇	jí jù	2,4	Adj	急剧	急劇	rapid; sudden
L7-1889	7-9	急迫	急迫	jí pò	2,4	Adj	急迫	急迫	urgent; pressing; imperative
L7-1890	7-9	急性	急性	jí xìng	2,4	Adj	急性	急性	acute
L7-1891	7-9	急需	急需	jí xū	2,1	V	急需	急需	to urgently need; urgent need
L7-1892	7-9	急于	急於	jí yú	2,2	V	急于	急於	eager to; in a hurry to
L7-1893	7-9	急诊	急診	jí zhěn	2,3	V/N	急诊	急診	to give or receive urgent medical treatment; emergency treatment (at a hospital emergency department or from a doctor on a house call)
L7-1894	7-9	急转弯	急轉彎	jí zhuǎn wān	2,3,1		急转弯	急轉彎	to make a sudden turn
L7-1895	7-9	棘手	棘手	jí shǒu	2,3	Adj	棘手	棘手	thorny (problem); intractable
L7-1896	7-9	集会	集會	jí huì	2,4	N/V	集会	集會	to gather; assembly; meeting; CL:個|个[ge4],次[ci4]
L7-1897	7-9	集结	集結	jí jié	2,2	V	集结	集結	to assemble; to concentrate; to mass; to build up; to marshal
L7-1898	7-9	集邮	集郵	jí yóu	2,2		集邮	集郵	stamp collecting; philately
L7-1899	7-9	集装箱	集裝箱	jí zhuāng xiāng	2,1,1	N	集装箱	集裝箱	container (for shipping)
L7-1900	7-9	集资	集資	jí zī	2,1	V	集资	集資	to raise money; to accumulate funds
L7-1901	7-9	嫉妒	嫉妒	jí dù	2,4	V	嫉妒	嫉妒	to be jealous of; to envy
L7-1902	7-9	挤压	擠壓	jǐ yā	3,1	V	挤压	擠壓	to squeeze; to compress; (fig.) to crowd out; to put pressure on
L7-1903	7-9	脊梁	脊梁	jǐ liáng	3,2	N	脊梁	脊梁	backbone; spine; Taiwan pr. [ji3 liang5]
L7-1904	7-9	计	計	jì	4	N/V	计	計	to calculate; to compute; to count; to regard as important; to plan; ruse; meter; gauge
L7-1905	7-9	计策	計策	jì cè	4,4	N	计策	計策	stratagem
L7-1906	7-9	计较	計較	jì jiào	4,4	V	计较	計較	to bother about; to haggle; to bicker; to argue; plan; stratagem
L7-1907	7-9	计时	計時	jì shí	4,2	V	计时	計時	to measure time; to time; to reckon by time
L7-1908	7-9	记号	記號	jì hao	4,5	N	记号	記號	mark; symbol; notation; seal
L7-1909	7-9	记忆犹新	記憶猶新	jì yì yóu xīn	4,4,2,1		记忆犹新	記憶猶新	to remain fresh in one's memory (idiom)
L7-1910	7-9	纪录片	紀錄片	jì lù piàn	4,4,4	N	纪录片	紀錄片	newsreel; documentary (film or TV program); CL:部[bu4]
L7-1911	7-9	纪念碑	紀念碑	jì niàn bēi	4,4,1	N	纪念碑	紀念碑	monument
L7-1912	7-9	纪念馆	紀念館	jì niàn guǎn	4,4,3	N	纪念馆	紀念館	memorial hall; commemorative museum
L7-1913	7-9	纪念日	紀念日	jì niàn rì	4,4,4	N	纪念日	紀念日	day of commemoration; memorial day
L7-1914	7-9	纪实	紀實	jì shí	4,2	V/N	纪实	紀實	record of actual events; documentary (factual rather than fictional)
L7-1915	7-9	技艺	技藝	jì yì	4,4	N	技艺	技藝	skill; art
L7-1916	7-9	忌	忌	jì	4	V	忌	忌	to be jealous of; fear; dread; scruple; to avoid or abstain from; to quit; to give up sth
L7-1917	7-9	忌讳	忌諱	jì huì	4,4	V	忌讳	忌諱	taboo; to avoid as taboo; to abstain from
L7-1918	7-9	忌口	忌口	jì kǒu	4,3		忌口	忌口	abstain from certain food (as when ill); avoid certain foods; be on a diet
L7-1919	7-9	剂	劑	jì	4	N/M	剂	劑	(bound form) a compound made by mixing ingredients (esp. a medicinal or chemical product); (bound form) small piece of dough cut from a rolled log, used for making mantou (steamed buns) or dumplings; classifier for a dose of medicine
L7-1920	7-9	迹象	跡象	jì xiàng	4,4	N	迹象	跡象	sign; indication; mark; indicator
L7-1921	7-9	继	繼	jì	4	V	继	繼	to continue; to follow after; to go on with; to succeed; to inherit; then; afterwards
L7-1922	7-9	继而	繼而	jì ér	4,2	Conj	继而	繼而	then; afterwards
L7-1923	7-9	继父	繼父	jì fù	4,4	N	继父	繼父	stepfather
L7-1924	7-9	继母	繼母	jì mǔ	4,3	N	继母	繼母	stepmother
L7-1925	7-9	祭	祭	jì	4	V	祭	祭	to offer a sacrifice to (gods or ancestors); (in classical novels) to recite an incantation to activate a magic weapon; to wield (sth magic); (bound form) ceremony; (Tw) (bound form) (celebratory) festival
L7-1926	7-9	祭奠	祭奠	jì diàn	4,4	V	祭奠	祭奠	to offer sacrifices (to one's ancestors); to hold or attend a memorial service
L7-1927	7-9	祭祀	祭祀	jì sì	4,4	V	祭祀	祭祀	to offer sacrifices to the gods or ancestors
L7-1928	7-9	寄托	寄託	jì tuō	4,1	V	寄托	寄託	to entrust (to sb); to place (one's hope, energy etc) in; a thing in which one invests (one's hope, energy etc)
L7-1929	7-9	寂静	寂靜	jì jìng	4,4	Adj	寂静	寂靜	quiet
L7-1930	7-9	寂寞	寂寞	jì mò	4,4	Adj	寂寞	寂寞	lonely; lonesome; (of a place) quiet; silent
L7-1931	7-9	加紧	加緊	jiā jǐn	1,3	V	加紧	加緊	to intensify; to speed up; to step up
L7-1932	7-9	加剧	加劇	jiā jù	1,4	V	加剧	加劇	to intensify
L7-1933	7-9	加深	加深	jiā shēn	1,1	V	加深	加深	to deepen
L7-1934	7-9	加重	加重	jiā zhòng	1,4	V	加重	加重	to make heavier; to emphasize; (of an illness etc) to become more serious; to aggravate (a bad situation); to increase (a burden, punishment etc)
L7-1935	7-9	佳节	佳節	jiā jié	1,2	N	佳节	佳節	festive day; holiday
L7-1936	7-9	家伙	傢伙	jiā huo	1,5	N	家伙	傢伙	variant of 家伙[jia1 huo5]
L7-1937	7-9	家家户户	家家戶戶	jiā jiā hù hù	1,1,4,4	N	家家户户	家家戶戶	each and every family (idiom); every household
L7-1938	7-9	家教	家教	jiā jiào	1,4	N	家教	家教	family education; upbringing; to bring sb up; private tutor
L7-1939	7-9	家境	家境	jiā jìng	1,4	N	家境	家境	family financial situation; family circumstances
L7-1940	7-9	家禽	家禽	jiā qín	1,2	N	家禽	家禽	poultry; domestic fowl
L7-1941	7-9	家用	家用	jiā yòng	1,4	N/Adj	家用	家用	home-use; domestic; family expenses; housekeeping money
L7-1942	7-9	家喻户晓	家喻戶曉	jiā yù hù xiǎo	1,4,4,3		家喻户晓	家喻戶曉	understood by everyone (idiom); well known; a household name
L7-1943	7-9	家政	家政	jiā zhèng	1,4	N	家政	家政	housekeeping
L7-1944	7-9	家族	家族	jiā zú	1,2	N	家族	家族	family; clan
L7-1945	7-9	嘉年华	嘉年華	jiā nián huá	1,2,2	N	嘉年华	嘉年華	(loanword) carnival
L7-1946	7-9	假定	假定	jiǎ dìng	3,4	V	假定	假定	to assume; to suppose; supposed; so-called; assumption; hypothesis
L7-1947	7-9	假冒	假冒	jiǎ mào	3,4	V	假冒	假冒	to impersonate; to pose as (someone else); to counterfeit; to palm off (a fake as a genuine)
L7-1948	7-9	假设	假設	jiǎ shè	3,4	V/N	假设	假設	to suppose; to presume; to assume; supposing that ...; if; hypothesis; conjecture
L7-1949	7-9	假使	假使	jiǎ shǐ	3,3	Conj	假使	假使	if; in case; suppose; given ...
L7-1950	7-9	假装	假裝	jiǎ zhuāng	3,1	V	假装	假裝	to feign; to pretend
L7-1951	7-9	价位	價位	jià wèi	4,4	N	价位	價位	price level
L7-1952	7-9	价值观	價值觀	jià zhí guān	4,2,1	N	价值观	價值觀	value system; personal or cultural values
L7-1953	7-9	驾	駕	jià	4	V	驾	駕	to harness; to draw (a cart etc); to drive; to pilot; to sail; to ride; your good self; prefixed word denoting respect (polite 敬辭|敬辞[jing4 ci2])
L7-1954	7-9	驾车	駕車	jià chē	4,1		驾车	駕車	to drive a vehicle
L7-1955	7-9	驾驭	駕馭	jià yù	4,4	V	驾驭	駕馭	to urge on (of horse); to drive; to steer; to handle; to manage; to master; to dominate
L7-1956	7-9	架势	架勢	jià shi	4,5	N	架势	架勢	attitude; position (on an issue etc)
L7-1957	7-9	架子	架子	jià zi	4,5	N	架子	架子	shelf; frame; stand; framework; airs; arrogance
L7-1958	7-9	嫁	嫁	jià	4	V	嫁	嫁	(of a woman) to marry; to marry off a daughter; to shift (blame etc)
L7-1959	7-9	嫁妆	嫁妝	jià zhuang	4,5	N	嫁妆	嫁妝	dowry
L7-1960	7-9	尖端	尖端	jiān duān	1,1	N/Adj	尖端	尖端	sharp pointed end; the tip; the cusp; tip-top; most advanced and sophisticated; highest peak; the best
L7-1961	7-9	尖锐	尖銳	jiān ruì	1,4	Adj	尖锐	尖銳	sharp; intense; penetrating; pointed; acute (illness)
L7-1962	7-9	奸诈	奸詐	jiān zhà	1,4	Adj	奸诈	奸詐	treachery; devious; a rogue
L7-1963	7-9	歼灭	殲滅	jiān miè	1,4	V	歼灭	殲滅	to wipe out; to crush; to annihilate
L7-1964	7-9	坚持不懈	堅持不懈	jiān chí bù xiè	1,2,4,4		坚持不懈	堅持不懈	(idiom) to persevere unremittingly; to keep going until the end
L7-1965	7-9	坚韧	堅韌	jiān rèn	1,4	Adj	坚韧	堅韌	tough and durable; tenacious
L7-1966	7-9	坚实	堅實	jiān shí	1,2	Adj	坚实	堅實	firm and substantial; solid
L7-1967	7-9	坚守	堅守	jiān shǒu	1,3	V	坚守	堅守	to hold fast to; to stick to
L7-1968	7-9	坚信	堅信	jiān xìn	1,4	V	坚信	堅信	to believe firmly; without any doubt
L7-1969	7-9	坚硬	堅硬	jiān yìng	1,4	Adj	坚硬	堅硬	hard; solid
L7-1970	7-9	肩膀	肩膀	jiān bǎng	1,3	N	肩膀	肩膀	shoulder
L7-1971	7-9	肩负	肩負	jiān fù	1,4	V	肩负	肩負	to shoulder (a burden); to bear; to suffer (a disadvantage)
L7-1972	7-9	艰巨	艱巨	jiān jù	1,4	Adj	艰巨	艱巨	variant of 艱鉅|艰巨[jian1 ju4]
L7-1973	7-9	艰苦奋斗	艱苦奮鬥	jiān kǔ fèn dòu	1,3,4,4		艰苦奋斗	艱苦奮鬥	to struggle arduously
L7-1974	7-9	艰险	艱險	jiān xiǎn	1,3	Adj	艰险	艱險	difficult and dangerous; hardships and perils
L7-1975	7-9	艰辛	艱辛	jiān xīn	1,1	Adj	艰辛	艱辛	hardships; arduous; difficult
L7-1976	7-9	监察	監察	jiān chá	1,2	V	监察	監察	to supervise; to control
L7-1977	7-9	监管	監管	jiān guǎn	1,3	V	监管	監管	to oversee; to take charge of; to supervise; to administer; supervisory; supervision
L7-1978	7-9	监护	監護	jiān hù	1,4	V	监护	監護	to act as a guardian
L7-1979	7-9	监控	監控	jiān kòng	1,4	V	监控	監控	to monitor
L7-1980	7-9	监视	監視	jiān shì	1,4	V	监视	監視	to monitor; to keep a close watch over; surveillance
L7-1981	7-9	监狱	監獄	jiān yù	1,4	N	监狱	監獄	prison
L7-1982	7-9	兼	兼	jiān	1	V	兼	兼	double; twice; simultaneous; holding two or more (official) posts at the same time
L7-1983	7-9	兼顾	兼顧	jiān gù	1,4	V	兼顾	兼顧	to handle two or more responsibilities at the same time; to balance (career and family, or work and studies etc)
L7-1984	7-9	兼任	兼任	jiān rèn	1,4	V	兼任	兼任	to hold a concurrent post; part-time; (in academia) adjunct
L7-1985	7-9	兼容	兼容	jiān róng	1,2	V	兼容	兼容	compatible
L7-1986	7-9	兼职	兼職	jiān zhí	1,2	N	兼职	兼職	to hold concurrent posts; concurrent job; moonlighting
L7-1987	7-9	煎	煎	jiān	1	V	煎	煎	to pan fry; to sauté
L7-1988	7-9	拣	揀	jiǎn	3	V	拣	揀	to choose; to pick; to sort out; to pick up
L7-1989	7-9	检察	檢察	jiǎn chá	3,2	V	检察	檢察	to inspect; (law) to prosecute; to investigate
L7-1990	7-9	检讨	檢討	jiǎn tǎo	3,3	V	检讨	檢討	to examine or inspect; self-criticism; review
L7-1991	7-9	减免	減免	jiǎn miǎn	3,3	V	减免	減免	to reduce or waive (taxes, punishment, rent, tuition etc)
L7-1992	7-9	减弱	減弱	jiǎn ruò	3,4	V	减弱	減弱	to weaken; to diminish
L7-1993	7-9	减速	減速	jiǎn sù	3,4		减速	減速	to reduce speed; to slow down
L7-1994	7-9	减压	減壓	jiǎn yā	3,1	V	减压	減壓	to reduce pressure; to relax
L7-1995	7-9	简称	簡稱	jiǎn chēng	3,1	V/N	简称	簡稱	to be abbreviated to; abbreviation; short form
L7-1996	7-9	简短	簡短	jiǎn duǎn	3,3	Adj	简短	簡短	brief (statement, summary etc); briefly; brevity
L7-1997	7-9	简化	簡化	jiǎn huà	3,4	V	简化	簡化	to simplify
L7-1998	7-9	简洁	簡潔	jiǎn jié	3,2	Adj	简洁	簡潔	concise; succinct; pithy
L7-1999	7-9	简陋	簡陋	jiǎn lòu	3,4	Adj	简陋	簡陋	simple and crude
L7-2000	7-9	简体字	簡體字	jiǎn tǐ zì	3,3,4	N	简体字	簡體字	simplified Chinese character, as opposed to traditional Chinese character 繁體字|繁体字[fan2 ti3 zi4]
L7-2001	7-9	简要	簡要	jiǎn yào	3,4	Adj	简要	簡要	concise; brief
L7-2002	7-9	简易	簡易	jiǎn yì	3,4	Adj	简易	簡易	simple and easy; simplistic; simplicity
L7-2003	7-9	见解	見解	jiàn jiě	4,3	N	见解	見解	opinion; view; understanding
L7-2004	7-9	见钱眼开	見錢眼開	jiàn qián yǎn kāi	4,2,3,1		见钱眼开	見錢眼開	to open one's eyes wide at the sight of profit (idiom); thinking of nothing but personal gain; money-grubbing
L7-2005	7-9	见仁见智	見仁見智	jiàn rén jiàn zhì	4,2,4,4		见仁见智	見仁見智	opinions differ (idiom)
L7-2006	7-9	见识	見識	jiàn shi	4,5	V/N	见识	見識	to gain first-hand knowledge of sth; to experience for oneself; knowledge; experience; insight
L7-2007	7-9	见外	見外	jiàn wài	4,4	Adj	见外	見外	to treat sb with the formal courtesy accorded to a host or a guest
L7-2008	7-9	见效	見效	jiàn xiào	4,4	V	见效	見效	to produce the intended effect; to achieve the desired result
L7-2009	7-9	见义勇为	見義勇為	jiàn yì yǒng wéi	4,4,3,2		见义勇为	見義勇為	(idiom, from the Analects) (usu. of a passer-by who comes across a critical situation) to step in and help; to take brave or selfless action
L7-2010	7-9	见证	見證	jiàn zhèng	4,4	V/N	见证	見證	to be witness to; witness; evidence
L7-2011	7-9	间谍	間諜	jiàn dié	4,2	N	间谍	間諜	spy
L7-2012	7-9	间断	間斷	jiàn duàn	4,4	V	间断	間斷	disconnected; interrupted; suspended; a gap; a break
L7-2013	7-9	间隔	間隔	jiàn gé	4,2	V/N	间隔	間隔	gap; interval; compartment; to divide; to separate; to leave a gap of (two weeks, three meters etc)
L7-2014	7-9	间隙	間隙	jiàn xì	4,4	N	间隙	間隙	interval; gap; clearance
L7-2015	7-9	建交	建交	jiàn jiāo	4,1		建交	建交	to establish diplomatic relations
L7-2016	7-9	建树	建樹	jiàn shù	4,4	V/N	建树	建樹	to make a contribution; to establish; to found; contribution
L7-2017	7-9	建筑师	建築師	jiàn zhù shī	4,4,1	N	建筑师	建築師	architect
L7-2018	7-9	建筑物	建築物	jiàn zhù wù	4,4,4	N	建筑物	建築物	building; structure; edifice
L7-2019	7-9	贱	賤	jiàn	4	Adj	贱	賤	inexpensive; lowly; despicable; (bound form) (humble) my
L7-2020	7-9	健美	健美	jiàn měi	4,3	N/Adj	健美	健美	healthy and beautiful; to do fitness exercises; abbr. for 健美運動|健美运动[jian4 mei3 yun4 dong4]
L7-2021	7-9	健壮	健壯	jiàn zhuàng	4,4	Adj	健壮	健壯	robust; healthy; sturdy
L7-2022	7-9	溅	濺	jiàn	4	V	溅	濺	to splash
L7-2023	7-9	鉴别	鑑別	jiàn bié	4,2	V	鉴别	鑑別	to differentiate; to distinguish
L7-2024	7-9	鉴赏	鑑賞	jiàn shǎng	4,3	V	鉴赏	鑑賞	to appreciate (as a connoisseur)
L7-2025	7-9	鉴于	鑒於	jiàn yú	4,2	Prep	鉴于	鑒於	in view of; seeing that; considering; whereas
L7-2026	7-9	姜	薑	jiāng	1	N	姜	薑	ginger
L7-2027	7-9	僵	僵	jiāng	1	Adj	僵	僵	rigid; deadlock; stiff (corpse)
L7-2028	7-9	僵化	僵化	jiāng huà	1,4	V	僵化	僵化	to become rigid
L7-2029	7-9	僵局	僵局	jiāng jú	1,2	N	僵局	僵局	impasse; deadlock
L7-2030	7-9	讲解	講解	jiǎng jiě	3,3	V	讲解	講解	to explain
L7-2031	7-9	讲述	講述	jiǎng shù	3,4	V	讲述	講述	to talk about; to narrate; to give an account
L7-2032	7-9	讲学	講學	jiǎng xué	3,2		讲学	講學	to lecture (on branch of learning)
L7-2033	7-9	奖杯	獎杯	jiǎng bēi	3,1	N	奖杯	獎杯	trophy cup
L7-2034	7-9	奖牌	獎牌	jiǎng pái	3,2	N	奖牌	獎牌	medal (awarded as a prize)
L7-2035	7-9	奖品	獎品	jiǎng pǐn	3,3	N	奖品	獎品	award; prize
L7-2036	7-9	奖项	獎項	jiǎng xiàng	3,4	N	奖项	獎項	award; prize; CL:項|项[xiang4]
L7-2037	7-9	降临	降臨	jiàng lín	4,2	V	降临	降臨	to descend; to arrive; to come
L7-2038	7-9	交叉	交叉	jiāo chā	1,1	V	交叉	交叉	to cross; to intersect; to overlap
L7-2039	7-9	交锋	交鋒	jiāo fēng	1,1		交锋	交鋒	to cross swords; to have a confrontation (with sb)
L7-2040	7-9	交付	交付	jiāo fù	1,4	V	交付	交付	to hand over; to deliver
L7-2041	7-9	交集	交集	jiāo jí	1,2	V	交集	交集	(of diverse emotions) to occur simultaneously; to intermingle; common ground; points of commonality; overlap; connection; interaction; dealings; (math.) (set theory) intersection
L7-2042	7-9	交接	交接	jiāo jiē	1,1	V	交接	交接	(of two things) to come into contact; to meet; to hand over to; to take over from; to associate with; to have friendly relations with; to have sexual intercourse
L7-2043	7-9	交界	交界	jiāo jiè	1,4	V	交界	交界	common boundary; common border
L7-2044	7-9	交纳	交納	jiāo nà	1,4	V	交纳	交納	to pay (taxes or dues)
L7-2045	7-9	交情	交情	jiāo qing	1,5	N	交情	交情	friendship; friendly relations
L7-2046	7-9	交涉	交涉	jiāo shè	1,4	V	交涉	交涉	to negotiate (with); to have dealings (with)
L7-2047	7-9	交谈	交談	jiāo tán	1,2	V	交谈	交談	to discuss; to converse; chat; discussion
L7-2048	7-9	交替	交替	jiāo tì	1,4	V	交替	交替	to replace; alternately; in turn
L7-2049	7-9	交头接耳	交頭接耳	jiāo tóu jiē ěr	1,2,1,3		交头接耳	交頭接耳	to whisper to one another's ear
L7-2050	7-9	交响乐	交響樂	jiāo xiǎng yuè	1,3,4	N	交响乐	交響樂	symphony
L7-2051	7-9	郊外	郊外	jiāo wài	1,4	N	郊外	郊外	outskirts
L7-2052	7-9	郊游	郊遊	jiāo yóu	1,2	V	郊游	郊遊	to go for an outing; to go on an excursion
L7-2053	7-9	浇	澆	jiāo	1	V	浇	澆	to pour liquid; to irrigate (using waterwheel); to water; to cast (molten metal); to mold
L7-2054	7-9	娇惯	嬌慣	jiāo guàn	1,4	V	娇惯	嬌慣	to pamper; to coddle; to spoil
L7-2055	7-9	娇气	嬌氣	jiāo qì	1,4	Adj	娇气	嬌氣	delicate; squeamish; finicky
L7-2056	7-9	胶囊	膠囊	jiāo náng	1,2	N	胶囊	膠囊	(pharm.) capsule
L7-2057	7-9	胶片	膠片	jiāo piàn	1,4	N	胶片	膠片	(photographic) film
L7-2058	7-9	焦	焦	jiāo	1	Adj	焦	焦	burnt; scorched; charred; worried; anxious; coke; joule (abbr. for 焦耳[jiao1 er3])
L7-2059	7-9	焦急	焦急	jiāo jí	1,2	Adj	焦急	焦急	anxiety; anxious
L7-2060	7-9	焦距	焦距	jiāo jù	1,4	N	焦距	焦距	focal length; focal distance
L7-2061	7-9	焦虑	焦慮	jiāo lǜ	1,4	Adj	焦虑	焦慮	anxious; worried; apprehensive
L7-2062	7-9	焦躁	焦躁	jiāo zào	1,4	Adj	焦躁	焦躁	fretful; impatient
L7-2063	7-9	礁石	礁石	jiāo shí	1,2	N	礁石	礁石	reef
L7-2064	7-9	嚼	嚼	jiáo	2	V	嚼	嚼	to chew; also pr. [jue2]
L7-2065	7-9	角落	角落	jiǎo luò	3,4	N	角落	角落	corner (of a room, courtyard etc); (fig.) remote spot; nook
L7-2066	7-9	狡猾	狡猾	jiǎo huá	3,2	Adj	狡猾	狡猾	crafty; cunning; sly
L7-2067	7-9	绞	絞	jiǎo	3	V	绞	絞	to twist (strands into a thread); to entangle; to wring; to hang (by the neck); to turn; to wind; classifier for skeins of yarn
L7-2068	7-9	矫正	矯正	jiǎo zhèng	3,4	V	矫正	矯正	to correct; to rectify (e.g. a physical defect such as hearing or vision); to cure; rectification; correction; to straighten
L7-2069	7-9	搅	攪	jiǎo	3	V	搅	攪	to disturb; to annoy; to mix; to stir
L7-2070	7-9	搅拌	攪拌	jiǎo bàn	3,4	V	搅拌	攪拌	to stir; to agitate
L7-2071	7-9	缴	繳	jiǎo	3	V	缴	繳	to hand in; to hand over; to pay; to capture (weapons); to seize
L7-2072	7-9	缴费	繳費	jiǎo fèi	3,4	V	缴费	繳費	to pay a fee
L7-2073	7-9	缴纳	繳納	jiǎo nà	3,4	V	缴纳	繳納	to pay (taxes etc)
L7-2074	7-9	叫板	叫板	jiào bǎn	4,3		叫板	叫板	to signal the musicians (in Chinese opera, by prolonging a spoken word before attacking a song); (coll.) to challenge
L7-2075	7-9	叫好	叫好	jiào hǎo	4,3		叫好	叫好	to applaud; to cheer
L7-2076	7-9	轿车	轎車	jiào chē	4,1	N	轿车	轎車	(old) enclosed carriage for carrying passengers; (automotive) sedan
L7-2077	7-9	较劲	較勁	jiào jìn	4,4		较劲	較勁	to match one's strength with; to compete; more competitive; to set oneself against sb; disobliging; to make a special effort
L7-2078	7-9	较量	較量	jiào liàng	4,4	V	较量	較量	to pit oneself against sb; to compete with sb; contest; battle; to haggle; to quibble
L7-2079	7-9	教科书	教科書	jiào kē shū	4,1,1	N	教科书	教科書	textbook; CL:本[ben3]
L7-2080	7-9	教条	教條	jiào tiáo	4,2	N/Adj	教条	教條	doctrine; dogma; creed; dogmatic
L7-2081	7-9	教养	教養	jiào yǎng	4,3	V/N	教养	教養	to educate; to bring up; to nurture; upbringing; breeding; culture
L7-2082	7-9	阶层	階層	jiē céng	1,2	N	阶层	階層	social class
L7-2083	7-9	阶级	階級	jiē jí	1,2	N	阶级	階級	(social) class; CL:個|个[ge4]
L7-2084	7-9	阶梯	階梯	jiē tī	1,1	N	阶梯	階梯	flight of steps; (fig.) stepping stone; way to reach the goal of
L7-2085	7-9	皆	皆	jiē	1	Adv	皆	皆	all; each and every; in all cases
L7-2086	7-9	结	結	jiē	1	V	结	結	(of a plant) to produce (fruit or seeds); Taiwan pr. [jie2]
L7-2087	7-9	结果	結果	jiē guǒ	1,3		结果	結果	to bear fruit
L7-2088	7-9	接班	接班	jiē bān	1,1		接班	接班	to take over (from those working the previous shift); to take over (in a leadership role etc); to succeed sb
L7-2089	7-9	接班人	接班人	jiē bān rén	1,1,2	N	接班人	接班人	successor
L7-2090	7-9	接二连三	接二連三	jiē èr lián sān	1,4,2,1		接二连三	接二連三	(idiom) one after another; in quick succession
L7-2091	7-9	接轨	接軌	jiē guǐ	1,3		接轨	接軌	railtrack connection; to integrate into sth; to dock; to connect; to be in step with; to bring into line with; to align
L7-2092	7-9	接济	接濟	jiē jì	1,4	V	接济	接濟	to give material assistance to
L7-2093	7-9	接见	接見	jiē jiàn	1,4	V	接见	接見	to receive sb; to grant an interview
L7-2094	7-9	接力	接力	jiē lì	1,4	V	接力	接力	relay
L7-2095	7-9	接纳	接納	jiē nà	1,4	V	接纳	接納	to admit or welcome (into a group); to accept (sb or sth)
L7-2096	7-9	接手	接手	jiē shǒu	1,3	V	接手	接手	to take over (duties etc); catcher (baseball etc)
L7-2097	7-9	接送	接送	jiē sòng	1,4	V	接送	接送	to pick up and drop off; to ferry back and forth
L7-2098	7-9	接替	接替	jiē tì	1,4	V	接替	接替	to replace; to take over (a position or post)
L7-2099	7-9	接听	接聽	jiē tīng	1,1	V	接听	接聽	to answer the phone
L7-2100	7-9	接通	接通	jiē tōng	1,1	V	接通	接通	to connect; to put through
L7-2101	7-9	揭发	揭發	jiē fā	1,1	V	揭发	揭發	to expose; to bring to light; to disclose; revelation
L7-2102	7-9	揭露	揭露	jiē lù	1,4	V	揭露	揭露	to expose; to unmask; to ferret out; to disclose; disclosure
L7-2103	7-9	揭示	揭示	jiē shì	1,4	V	揭示	揭示	to reveal; to elucidate; to set forth; to articulate; to announce publicly; to promulgate
L7-2104	7-9	揭晓	揭曉	jiē xiǎo	1,3	V	揭晓	揭曉	to announce publicly; to publish; to make known; to disclose
L7-2105	7-9	节俭	節儉	jié jiǎn	2,3	Adj	节俭	節儉	frugal; economical
L7-2106	7-9	节气	節氣	jié qi	2,5	N	节气	節氣	solar term
L7-2107	7-9	节水	節水	jié shuǐ	2,3	V	节水	節水	to save water
L7-2108	7-9	节衣缩食	節衣縮食	jié yī suō shí	2,1,1,2		节衣缩食	節衣縮食	to save on food and clothing (idiom); to live frugally
L7-2109	7-9	劫	劫	jié	2	V	劫	劫	to rob; to plunder; to seize by force; to coerce; calamity; abbr. for kalpa 劫波[jie2 bo1]
L7-2110	7-9	劫持	劫持	jié chí	2,2	V	劫持	劫持	to kidnap; to hijack; to abduct; to hold under duress
L7-2111	7-9	洁净	潔淨	jié jìng	2,4	Adj	洁净	潔淨	clean; to cleanse
L7-2112	7-9	结冰	結冰	jié bīng	2,1	V	结冰	結冰	to freeze
L7-2113	7-9	结晶	結晶	jié jīng	2,1	N	结晶	結晶	to crystallize; crystallization; crystal; crystalline; (fig.) the fruit (of labor etc)
L7-2114	7-9	结局	結局	jié jú	2,2	N	结局	結局	conclusion; ending; outcome
L7-2115	7-9	结识	結識	jié shí	2,2	V	结识	結識	to get to know sb; to meet sb for the first time
L7-2116	7-9	结尾	結尾	jié wěi	2,3	V/N	结尾	結尾	ending; coda; to wind up
L7-2117	7-9	截	截	jié	2	V/M	截	截	to cut off (a length); to stop; to intercept; section; chunk; length
L7-2118	7-9	截然不同	截然不同	jié rán bù tóng	2,2,4,2		截然不同	截然不同	entirely different; different as black and white
L7-2119	7-9	竭尽全力	竭盡全力	jié jìn quán lì	2,4,2,4		竭尽全力	竭盡全力	(idiom) to spare no effort; to do one's utmost
L7-2120	7-9	竭力	竭力	jié lì	2,4	Adv	竭力	竭力	to do one's utmost
L7-2121	7-9	解答	解答	jiě dá	3,2	V	解答	解答	to solve (a problem); to resolve (a difficulty); to provide an answer; solution; resolution; answer
L7-2122	7-9	解读	解讀	jiě dú	3,2	V	解读	解讀	to decipher; to decode; to interpret
L7-2123	7-9	解雇	解僱	jiě gù	3,4	V	解雇	解僱	to fire; to sack; to dismiss; to terminate employment
L7-2124	7-9	解救	解救	jiě jiù	3,4	V	解救	解救	to rescue; to help out of difficulties; to save the situation
L7-2125	7-9	解剖	解剖	jiě pōu	3,1	V	解剖	解剖	to dissect (an animal); to analyze; anatomy
L7-2126	7-9	解散	解散	jiě sàn	3,4	V	解散	解散	to dissolve; to disband
L7-2127	7-9	解体	解體	jiě tǐ	3,3	V	解体	解體	to break up into components; to disintegrate; to collapse; to crumble
L7-2128	7-9	解脱	解脫	jiě tuō	3,1	V	解脱	解脫	to untie; to free; to absolve of; to get free of; to extirpate oneself; (Buddhism) to free oneself of worldly worries
L7-2129	7-9	解围	解圍	jiě wéi	3,2		解围	解圍	to lift a siege; to help sb out of trouble or embarrassment
L7-2130	7-9	解析	解析	jiě xī	3,1	V	解析	解析	to analyze; to resolve; (math.) analysis; analytic
L7-2131	7-9	介入	介入	jiè rù	4,4	V	介入	介入	to intervene; to get involved
L7-2132	7-9	介意	介意	jiè yì	4,4		介意	介意	to care about; to take offense; to mind
L7-2133	7-9	介于	介於	jiè yú	4,2	V	介于	介於	between; intermediate; to lie between
L7-2134	7-9	戒备	戒備	jiè bèi	4,4	V	戒备	戒備	to take precautions; to guard against (emergency)
L7-2135	7-9	戒烟	戒煙	jiè yān	4,1		戒烟	戒煙	to give up smoking
L7-2136	7-9	戒指	戒指	jiè zhi	4,5	N	戒指	戒指	(finger) ring
L7-2137	7-9	届时	屆時	jiè shí	4,2	Adv	届时	屆時	when the time comes; at the scheduled time
L7-2138	7-9	界定	界定	jiè dìng	4,4	V	界定	界定	definition; to delimit
L7-2139	7-9	界限	界限	jiè xiàn	4,4	N	界限	界限	boundary
L7-2140	7-9	界线	界線	jiè xiàn	4,4	N	界线	界線	limits; bounds; dividing line
L7-2141	7-9	借口	借口	jiè kǒu	4,3	V/N	借口	借口	to use as an excuse; excuse; pretext
L7-2142	7-9	借条	借條	jiè tiáo	4,2	N	借条	借條	receipt for a loan; IOU
L7-2143	7-9	借用	借用	jiè yòng	4,4	V	借用	借用	to borrow sth for another use; to borrow an idea for one's own use
L7-2144	7-9	借助	借助	jiè zhù	4,4	V	借助	借助	to draw support from; with the help of
L7-2145	7-9	金属	金屬	jīn shǔ	1,3	N	金属	金屬	metal; CL:種|种[zhong3]
L7-2146	7-9	金子	金子	jīn zi	1,5	N	金子	金子	gold
L7-2147	7-9	金字塔	金字塔	jīn zì tǎ	1,4,3	N	金字塔	金字塔	pyramid (building or structure)
L7-2148	7-9	津津有味	津津有味	jīn jīn yǒu wèi	1,1,3,4		津津有味	津津有味	with keen interest (idiom); with great pleasure; with gusto; eagerly
L7-2149	7-9	津贴	津貼	jīn tiē	1,1	N	津贴	津貼	allowance
L7-2150	7-9	筋	筋	jīn	1	N	筋	筋	muscle; tendon; veins visible under the skin; sth resembling tendons or veins (e.g. fiber in a vegetable)
L7-2151	7-9	禁不住	禁不住	jīn bu zhù	1,5,4	V	禁不住	禁不住	can't help it; can't bear it
L7-2152	7-9	仅次于	僅次於	jǐn cì yú	3,4,2		仅次于	僅次於	second only to ...; ranking behind only ...
L7-2153	7-9	尽	儘	jǐn	3	V/Adv	尽	儘	to the greatest extent; (when used before a noun of location) furthest or extreme; to be within the limits of; to give priority to
L7-2154	7-9	尽早	儘早	jǐn zǎo	3,3	Adv	尽早	儘早	as early as possible
L7-2155	7-9	紧凑	緊湊	jǐn còu	3,4	Adj	紧凑	緊湊	compact; terse; tight (schedule)
L7-2156	7-9	紧接着	緊接著	jǐn jiē zhe	3,1,5		紧接着	緊接著	immediately afterwards; shortly after that
L7-2157	7-9	紧迫	緊迫	jǐn pò	3,4	Adj	紧迫	緊迫	pressing; urgent
L7-2158	7-9	紧缺	緊缺	jǐn quē	3,1	Adj	紧缺	緊缺	in short supply; scarce
L7-2159	7-9	紧缩	緊縮	jǐn suō	3,1	V	紧缩	緊縮	(economics) to reduce; to curtail; to cut back; to tighten; austerity; tightening; crunch
L7-2160	7-9	锦旗	錦旗	jǐn qí	3,2	N	锦旗	錦旗	silk banner (as an award or gift)
L7-2161	7-9	谨慎	謹慎	jǐn shèn	3,4	Adj	谨慎	謹慎	cautious; prudent
L7-2162	7-9	尽情	盡情	jìn qíng	4,2	Adv	尽情	盡情	as much as one likes
L7-2163	7-9	尽头	盡頭	jìn tóu	4,2	N	尽头	盡頭	end; extremity; limit
L7-2164	7-9	进场	進場	jìn chǎng	4,3	V	进场	進場	to enter the venue; to enter the arena; (aviation) to approach the airfield; (investing) to get into the market
L7-2165	7-9	进程	進程	jìn chéng	4,2	N	进程	進程	course of events; process; (computing) process (a running instance of a program)
L7-2166	7-9	进出	進出	jìn chū	4,1	V	进出	進出	to enter and exit; to go in and out; inflow and outflow (of goods, vehicles, funds etc)
L7-2167	7-9	进出口	進出口	jìn chū kǒu	4,1,3		进出口	進出口	importation and exportation; import-export; access point; opening that serves as an entrance or exit
L7-2168	7-9	进度	進度	jìn dù	4,4	N	进度	進度	rate of progress
L7-2169	7-9	进而	進而	jìn ér	4,2	Conj	进而	進而	and then; and thereby; and in turn
L7-2170	7-9	进修	進修	jìn xiū	4,1	V	进修	進修	to undertake advanced studies; to take a refresher course
L7-2171	7-9	近年来	近年來	jìn nián lái	4,2,2		近年来	近年來	for the past few years
L7-2172	7-9	劲头	勁頭	jìn tóu	4,2	N	劲头	勁頭	enthusiasm; zeal; vigor; strength
L7-2173	7-9	晋升	晉升	jìn shēng	4,1	V	晋升	晉升	to promote to a higher position
L7-2174	7-9	浸泡	浸泡	jìn pào	4,4	V	浸泡	浸泡	to steep; to soak; to immerse
L7-2175	7-9	禁忌	禁忌	jìn jì	4,4	N/V	禁忌	禁忌	taboo; contraindication (medicine); to abstain from
L7-2176	7-9	禁区	禁區	jìn qū	4,1	N	禁区	禁區	restricted area; forbidden zone; off-limits area
L7-2177	7-9	茎	莖	jīng	1	N	茎	莖	stalk; stem; CL:條|条[tiao2]
L7-2178	7-9	经	經	jīng	1	V	经	經	classics; sacred book; scripture; to pass through; to undergo; to bear; to endure; warp (textile); longitude; menstruation; channel (TCM); abbr. for economics 經濟|经济[jing1 ji4]
L7-2179	7-9	经度	經度	jīng dù	1,4	N	经度	經度	longitude
L7-2180	7-9	经久不息	經久不息	jīng jiǔ bù xī	1,3,4,1		经久不息	經久不息	(idiom) prolonged (applause, cheering etc)
L7-2181	7-9	经贸	經貿	jīng mào	1,4	N	经贸	經貿	economy and trade (abbr. for 經濟貿易|经济贸易[jing1 ji4 mao4 yi4])
L7-2182	7-9	经商	經商	jīng shāng	1,1		经商	經商	to trade; to carry out commercial activities; in business
L7-2183	7-9	经受	經受	jīng shòu	1,4	V	经受	經受	to undergo (hardship); to endure; to withstand
L7-2184	7-9	荆棘	荊棘	jīng jí	1,2	N	荆棘	荊棘	thistles and thorns; brambles; thorny undergrowth
L7-2185	7-9	惊	驚	jīng	1	V	惊	驚	to startle; to be frightened; to be scared; alarm
L7-2186	7-9	惊诧	驚詫	jīng chà	1,4	Adj	惊诧	驚詫	to be surprised; to be amazed; to be stunned
L7-2187	7-9	惊慌	驚慌	jīng huāng	1,1	Adj	惊慌	驚慌	to panic; to be alarmed
L7-2188	7-9	惊慌失措	驚慌失措	jīng huāng shī cuò	1,1,1,4		惊慌失措	驚慌失措	to lose one's head out of fear (idiom)
L7-2189	7-9	惊奇	驚奇	jīng qí	1,2	Adj	惊奇	驚奇	to be amazed; to be surprised; to wonder
L7-2190	7-9	惊叹	驚嘆	jīng tàn	1,4	V	惊叹	驚嘆	to exclaim in admiration; a gasp of surprise
L7-2191	7-9	惊天动地	驚天動地	jīng tiān dòng dì	1,1,4,4		惊天动地	驚天動地	(idiom) world-shaking
L7-2192	7-9	惊险	驚險	jīng xiǎn	1,3	Adj	惊险	驚險	perilous; touch-and-go; nerve-racking; suspenseful
L7-2193	7-9	惊心动魄	驚心動魄	jīng xīn dòng pò	1,1,4,4		惊心动魄	驚心動魄	(idiom) heart-stopping; hair-raising; breathtaking
L7-2194	7-9	惊醒	驚醒	jīng xǐng	1,3	V	惊醒	驚醒	to rouse; to be woken by sth; to wake with a start; to sleep lightly
L7-2195	7-9	惊讶	驚訝	jīng yà	1,4	Adj	惊讶	驚訝	amazed; astonished; to surprise; amazing; astonishment; awe
L7-2196	7-9	晶莹	晶瑩	jīng yíng	1,2	Adj	晶莹	晶瑩	sparkling and translucent
L7-2197	7-9	兢兢业业	兢兢業業	jīng jīng yè yè	1,1,4,4	Adj	兢兢业业	兢兢業業	(idiom) conscientious; assiduous
L7-2198	7-9	精打细算	精打細算	jīng dǎ xì suàn	1,3,4,4		精打细算	精打細算	meticulous planning and careful accounting (idiom)
L7-2199	7-9	精华	精華	jīng huá	1,2	N	精华	精華	best feature; most important part of an object; quintessence; essence; soul
L7-2200	7-9	精简	精簡	jīng jiǎn	1,3	V	精简	精簡	to simplify; to reduce
L7-2201	7-9	精练	精練	jīng liàn	1,4	Adj	精练	精練	(textiles) to scour; to degum (silk); variant of 精煉|精炼[jing1 lian4]
L7-2202	7-9	精妙	精妙	jīng miào	1,4	Adj	精妙	精妙	exquisite; fine and delicate (usu. of works of art)
L7-2203	7-9	精明	精明	jīng míng	1,2	Adj	精明	精明	astute; shrewd; smart
L7-2204	7-9	精疲力竭	精疲力竭	jīng pí lì jié	1,2,4,2		精疲力竭	精疲力竭	spirit weary, strength exhausted (idiom); spent; drained; washed out
L7-2205	7-9	精确	精確	jīng què	1,4	Adj	精确	精確	accurate; precise
L7-2206	7-9	精神病	精神病	jīng shén bìng	1,2,4	N	精神病	精神病	mental disorder; psychosis
L7-2207	7-9	精髓	精髓	jīng suǐ	1,3	N	精髓	精髓	marrow; pith; quintessence; essence
L7-2208	7-9	精通	精通	jīng tōng	1,1	V	精通	精通	to be proficient in; to master (a subject)
L7-2209	7-9	精细	精細	jīng xì	1,4	Adj	精细	精細	fine; meticulous; careful
L7-2210	7-9	精心	精心	jīng xīn	1,1	Adj	精心	精心	with utmost care; fine; meticulous; detailed
L7-2211	7-9	精益求精	精益求精	jīng yì qiú jīng	1,4,2,1		精益求精	精益求精	(idiom) to constantly seek to improve; to keep perfecting
L7-2212	7-9	精英	精英	jīng yīng	1,1	N	精英	精英	cream; elite; essence; quintessence
L7-2213	7-9	精致	精緻	jīng zhì	1,4	Adj	精致	精緻	delicate; fine; exquisite; refined
L7-2214	7-9	颈部	頸部	jǐng bù	3,4	N	颈部	頸部	neck
L7-2215	7-9	景观	景觀	jǐng guān	3,1	N	景观	景觀	landscape
L7-2216	7-9	景区	景區	jǐng qū	3,1	N	景区	景區	scenic area
L7-2217	7-9	警车	警車	jǐng chē	3,1	N	警车	警車	police car
L7-2218	7-9	警官	警官	jǐng guān	3,1	N	警官	警官	constable; police officer
L7-2219	7-9	警惕	警惕	jǐng tì	3,4	V	警惕	警惕	to be on the alert; vigilant; alert; on guard; to warn
L7-2220	7-9	警钟	警鐘	jǐng zhōng	3,1	N	警钟	警鐘	alarm bell
L7-2221	7-9	净化	淨化	jìng huà	4,4	V	净化	淨化	to purify
L7-2222	7-9	竞技	競技	jìng jì	4,4	V	竞技	競技	competition of skill (e.g. sports); athletics tournament
L7-2223	7-9	竞相	競相	jìng xiāng	4,1	Adv	竞相	競相	competitive; eagerly; to vie
L7-2224	7-9	竞选	競選	jìng xuǎn	4,3	V	竞选	競選	to take part in an election; to run for office
L7-2225	7-9	竟	竟	jìng	4	Adv	竟	竟	unexpectedly; actually; to go so far as to; indeed
L7-2226	7-9	竟敢	竟敢	jìng gǎn	4,3	V	竟敢	竟敢	to have the impertinence; to have the cheek to
L7-2227	7-9	敬	敬	jìng	4	V	敬	敬	(bound form) respectful; to respect; to offer politely
L7-2228	7-9	敬爱	敬愛	jìng ài	4,4	V	敬爱	敬愛	to respect and love; to hold in high esteem
L7-2229	7-9	敬而远之	敬而遠之	jìng ér yuǎn zhī	4,2,3,1		敬而远之	敬而遠之	to show respect from a distance (idiom); to remain at a respectful distance
L7-2230	7-9	敬酒	敬酒	jìng jiǔ	4,3	V	敬酒	敬酒	to toast; to propose a toast
L7-2231	7-9	敬礼	敬禮	jìng lǐ	4,3		敬礼	敬禮	to salute; salute
L7-2232	7-9	敬佩	敬佩	jìng pèi	4,4	V	敬佩	敬佩	to esteem; to admire
L7-2233	7-9	敬请	敬請	jìng qǐng	4,3	V	敬请	敬請	please (do sth) (deferential form)
L7-2234	7-9	敬业	敬業	jìng yè	4,4	V	敬业	敬業	dedicated to one's work
L7-2235	7-9	敬意	敬意	jìng yì	4,4	N	敬意	敬意	respect; esteem; high regard
L7-2236	7-9	敬重	敬重	jìng zhòng	4,4	V	敬重	敬重	to respect deeply; to revere; to esteem
L7-2237	7-9	静止	靜止	jìng zhǐ	4,3	V	静止	靜止	still; immobile; static; stationary
L7-2238	7-9	境地	境地	jìng dì	4,4	N	境地	境地	circumstances
L7-2239	7-9	境界	境界	jìng jiè	4,4	N	境界	境界	boundary; state; realm
L7-2240	7-9	境内	境內	jìng nèi	4,4	N	境内	境內	within the borders; internal (to a country, province, city etc); domestic
L7-2241	7-9	境外	境外	jìng wài	4,4	N	境外	境外	outside (a country's) borders
L7-2242	7-9	境遇	境遇	jìng yù	4,4	N	境遇	境遇	circumstance
L7-2243	7-9	窘迫	窘迫	jiǒng pò	3,4	Adj	窘迫	窘迫	poverty-stricken; very poor; hard-pressed; in a predicament; embarrassed
L7-2244	7-9	纠缠	糾纏	jiū chán	1,2	V	纠缠	糾纏	to be in a tangle; to nag
L7-2245	7-9	揪	揪	jiū	1	V	揪	揪	to seize; to clutch; to grab firmly and pull
L7-2246	7-9	久违	久違	jiǔ wéi	3,2	V	久违	久違	(haven't done sth) for a long time; a long time since we last met
L7-2247	7-9	久仰	久仰	jiǔ yǎng	3,3	V	久仰	久仰	honorific: I've long looked forward to meeting you.; It's an honor to meet you at last.
L7-2248	7-9	酒精	酒精	jiǔ jīng	3,1	N	酒精	酒精	(coll.) ethanol; ethyl alcohol
L7-2249	7-9	酒楼	酒樓	jiǔ lóu	3,2	N	酒楼	酒樓	restaurant
L7-2250	7-9	救护车	救護車	jiù hù chē	4,4,1	N	救护车	救護車	ambulance; CL:輛|辆[liang4]
L7-2251	7-9	救济	救濟	jiù jì	4,4	V	救济	救濟	emergency relief; to help the needy with cash or goods
L7-2252	7-9	救治	救治	jiù zhì	4,4	V	救治	救治	to provide critical care (to a patient or a diseased plant)
L7-2253	7-9	就餐	就餐	jiù cān	4,1	V	就餐	就餐	to dine; to have one's meal
L7-2254	7-9	就地	就地	jiù dì	4,4	Adv	就地	就地	locally; on the spot
L7-2255	7-9	就读	就讀	jiù dú	4,2	V	就读	就讀	to go to school
L7-2256	7-9	就近	就近	jiù jìn	4,4	Adv	就近	就近	nearby; in a close neighborhood
L7-2257	7-9	就任	就任	jiù rèn	4,4	V	就任	就任	to take office; to assume a post
L7-2258	7-9	就医	就醫	jiù yī	4,1		就医	就醫	to receive medical treatment
L7-2259	7-9	就诊	就診	jiù zhěn	4,3		就诊	就診	to see a doctor; to seek medical advice
L7-2260	7-9	就职	就職	jiù zhí	4,2		就职	就職	to take office; to assume a post
L7-2261	7-9	就座	就座	jiù zuò	4,4		就座	就座	to take a seat
L7-2262	7-9	舅舅	舅舅	jiù jiu	4,5	N	舅舅	舅舅	mother's brother; maternal uncle (informal); CL:個|个[ge4]
L7-2263	7-9	拘留	拘留	jū liú	1,2	V	拘留	拘留	to detain (as a prisoner); to keep sb in custody
L7-2264	7-9	拘束	拘束	jū shù	1,4	V/Adj	拘束	拘束	to restrict; to restrain; constrained; awkward; ill at ease; uncomfortable; reticent
L7-2265	7-9	居高临下	居高臨下	jū gāo lín xià	1,1,2,4		居高临下	居高臨下	lit. to be in a high location, overlooking the scene below (idiom); fig. to occupy a commanding position; to assume a haughty attitude
L7-2266	7-9	居民楼	居民樓	jū mín lóu	1,2,2	N	居民楼	居民樓	apartment building; residential tower
L7-2267	7-9	鞠躬	鞠躬	jū gōng	1,1		鞠躬	鞠躬	to bow; (literary) to bend down
L7-2268	7-9	局部	局部	jú bù	2,4	N	局部	局部	part; local
L7-2269	7-9	局势	局勢	jú shì	2,4	N	局势	局勢	situation; state (of affairs)
L7-2270	7-9	局限	侷限	jú xiàn	2,4	V	局限	侷限	variant of 局限[ju2 xian4]
L7-2271	7-9	菊花	菊花	jú huā	2,1	N	菊花	菊花	chrysanthemum; (TCM) chrysanthemum flower; (slang) anus
L7-2272	7-9	橘子	橘子	jú zi	2,5	N	橘子	橘子	tangerine; CL:個|个[ge4],瓣[ban4]
L7-2273	7-9	沮丧	沮喪	jǔ sàng	3,4	Adj	沮丧	沮喪	dispirited; dejected; dismayed
L7-2274	7-9	举报	舉報	jǔ bào	3,4	V	举报	舉報	to report (malefactors to the police); to denounce
L7-2275	7-9	举措	舉措	jǔ cuò	3,4	N	举措	舉措	move; act; measure
L7-2276	7-9	举例	舉例	jǔ lì	3,4		举例	舉例	to give an example
L7-2277	7-9	举世闻名	舉世聞名	jǔ shì wén míng	3,4,2,2		举世闻名	舉世聞名	world-famous (idiom)
L7-2278	7-9	举世无双	舉世無雙	jǔ shì wú shuāng	3,4,2,1		举世无双	舉世無雙	unrivaled (idiom); world number one; unique; unequaled
L7-2279	7-9	举世瞩目	舉世矚目	jǔ shì zhǔ mù	3,4,3,4		举世瞩目	舉世矚目	to receive worldwide attention
L7-2280	7-9	举一反三	舉一反三	jǔ yī fǎn sān	3,1,3,1		举一反三	舉一反三	to raise one and infer three; to deduce many things from one case (idiom)
L7-2281	7-9	举止	舉止	jǔ zhǐ	3,3	N	举止	舉止	bearing; manner; mien
L7-2282	7-9	举重	舉重	jǔ zhòng	3,4	N	举重	舉重	to lift weights; weight-lifting (sports)
L7-2283	7-9	巨额	巨額	jù é	4,2	Adj	巨额	巨額	a huge sum; an enormous amount (of money)
L7-2284	7-9	巨人	巨人	jù rén	4,2	N	巨人	巨人	giant
L7-2285	7-9	巨头	巨頭	jù tóu	4,2	N	巨头	巨頭	tycoon; magnate; big player (including company, country, school etc); big shot
L7-2286	7-9	巨星	巨星	jù xīng	4,1	N	巨星	巨星	(astronomy) giant star; (fig.) superstar (of opera, basketball etc)
L7-2287	7-9	巨型	巨型	jù xíng	4,2	Adj	巨型	巨型	giant; enormous
L7-2288	7-9	剧烈	劇烈	jù liè	4,4	Adj	剧烈	劇烈	violent; acute; severe; fierce
L7-2289	7-9	剧目	劇目	jù mù	4,4	N	剧目	劇目	theatrical piece (play or opera); repertoire; list of plays or operas
L7-2290	7-9	剧情	劇情	jù qíng	4,2	N	剧情	劇情	story line; plot; drama (genre)
L7-2291	7-9	剧团	劇團	jù tuán	4,2	N	剧团	劇團	theatrical troupe
L7-2292	7-9	剧院	劇院	jù yuàn	4,4	N	剧院	劇院	theater; CL:家[jia1],座[zuo4]
L7-2293	7-9	剧组	劇組	jù zǔ	4,3	N	剧组	劇組	cast and crew; performers and production team
L7-2294	7-9	据此	據此	jù cǐ	4,3	V	据此	據此	accordingly; in view of the above
L7-2295	7-9	据悉	據悉	jù xī	4,1	V	据悉	據悉	according to reports; it is reported (that)
L7-2296	7-9	距	距	jù	4	V	距	距	to be at a distance of ... from; to be apart from; (bound form) distance; spur (on the leg of certain birds: gamecock, pheasant etc)
L7-2297	7-9	锯	鋸	jù	4	N/V	锯	鋸	a saw (CL:把[ba3]); to saw
L7-2298	7-9	聚集	聚集	jù jí	4,2	V	聚集	聚集	to assemble; to gather
L7-2299	7-9	聚精会神	聚精會神	jù jīng huì shén	4,1,4,2		聚精会神	聚精會神	to concentrate one's attention (idiom)
L7-2300	7-9	捐献	捐獻	juān xiàn	1,4	V	捐献	捐獻	to donate; to contribute
L7-2301	7-9	卷入	捲入	juǎn rù	3,4	V	卷入	捲入	to be drawn into; to be involved in
L7-2302	7-9	卷子	卷子	juàn zi	4,5	N	卷子	卷子	test paper; examination paper
L7-2303	7-9	圈	圈	juàn	4	N	圈	圈	livestock enclosure; pen; fold; sty
L7-2304	7-9	决议	決議	jué yì	2,4	N	决议	決議	a resolution; to pass a resolution
L7-2305	7-9	诀别	訣別	jué bié	2,2	V	诀别	訣別	to bid farewell; to part (usually with little hope of meeting again)
L7-2306	7-9	诀窍	訣竅	jué qiào	2,4	N	诀窍	訣竅	secret; trick; knack; key
L7-2307	7-9	角逐	角逐	jué zhú	2,2	V	角逐	角逐	to tussle; to contend; to contest
L7-2308	7-9	觉醒	覺醒	jué xǐng	2,3	V	觉醒	覺醒	to awaken; to come to realize; awakened to the truth; the truth dawns upon one; scales fall from the eyes; to become aware
L7-2309	7-9	绝技	絕技	jué jì	2,4	N	绝技	絕技	consummate skill; supreme feat; tour-de-force; stunt
L7-2310	7-9	绝缘	絕緣	jué yuán	2,2	V	绝缘	絕緣	to have no contact with; to be cut off from; (electricity) to insulate
L7-2311	7-9	绝招	絕招	jué zhāo	2,1	N	绝招	絕招	unique skill; unexpected tricky move (as a last resort); masterstroke; finishing blow
L7-2312	7-9	倔强	倔強	jué jiàng	2,4	Adj	倔强	倔強	stubborn; obstinate; unbending
L7-2313	7-9	崛起	崛起	jué qǐ	2,3	V	崛起	崛起	to rise abruptly (to a towering position); to tower over; to spring up; to emerge suddenly; the emergence (e.g. of a power)
L7-2314	7-9	爵士	爵士	jué shì	2,4	N	爵士	爵士	knight; Sir; (loanword) jazz
L7-2315	7-9	倔	倔	juè	4	Adj	倔	倔	gruff; surly
L7-2316	7-9	军官	軍官	jūn guān	1,1	N	军官	軍官	officer (military)
L7-2317	7-9	均衡	均衡	jūn héng	1,2	Adj	均衡	均衡	equal; balanced; harmony; equilibrium
L7-2318	7-9	均匀	均勻	jūn yún	1,2	Adj	均匀	均勻	even; well-distributed; homogeneous; well-proportioned (figure, body etc)
L7-2319	7-9	君子	君子	jūn zǐ	1,3	N	君子	君子	nobleman; person of noble character
L7-2320	7-9	俊	俊	jùn	4	Adj	俊	俊	smart; eminent; handsome; talented
L7-2321	7-9	俊俏	俊俏	jùn qiào	4,4	Adj	俊俏	俊俏	attractive and intelligent; charming; elegant
L7-2322	7-9	骏马	駿馬	jùn mǎ	4,3	N	骏马	駿馬	fine horse; steed
L7-2323	7-9	竣工	竣工	jùn gōng	4,1	V	竣工	竣工	to complete a project
L7-2324	7-9	卡车	卡車	kǎ chē	3,1	N	卡车	卡車	truck; CL:輛|辆[liang4]
L7-2325	7-9	卡片	卡片	kǎ piàn	3,4	N	卡片	卡片	card
L7-2326	7-9	卡通	卡通	kǎ tōng	3,1	N	卡通	卡通	cartoon (loanword)
L7-2327	7-9	开办	開辦	kāi bàn	1,4	V	开办	開辦	to open; to start (a business etc); to set up
L7-2328	7-9	开采	開採	kāi cǎi	1,3	V	开采	開採	to extract (ore or other resource from a mine); to exploit; to mine
L7-2329	7-9	开场	開場	kāi chǎng	1,3		开场	開場	to begin; to open; to start; beginning of an event
L7-2330	7-9	开场白	開場白	kāi chǎng bái	1,3,2	N	开场白	開場白	prologue of play; opening remarks; preamble (of speeches, articles etc)
L7-2331	7-9	开除	開除	kāi chú	1,2	V	开除	開除	to expel (a member of an organization); to fire (an employee)
L7-2332	7-9	开动	開動	kāi dòng	1,4	V	开动	開動	to start; to set in motion; to move; to march; to dig in (eating); to tuck in (eating)
L7-2333	7-9	开发区	開發區	kāi fā qū	1,1,1	N	开发区	開發區	development zone
L7-2334	7-9	开发商	開發商	kāi fā shāng	1,1,1	N	开发商	開發商	developer (of real estate, a commercial product etc)
L7-2335	7-9	开工	開工	kāi gōng	1,1		开工	開工	to begin work (of a factory or engineering operation); to start a construction job
L7-2336	7-9	开垦	開墾	kāi kěn	1,3	V	开垦	開墾	to clear a wild area for cultivation; to put under the plow
L7-2337	7-9	开口	開口	kāi kǒu	1,3		开口	開口	to open one's mouth; to start to talk
L7-2338	7-9	开阔	開闊	kāi kuò	1,4	Adj/V	开阔	開闊	wide; open (spaces); to open up
L7-2339	7-9	开朗	開朗	kāi lǎng	1,3	Adj	开朗	開朗	spacious and well-lit; open and clear; (of character) optimistic; cheerful; carefree
L7-2340	7-9	开辟	開闢	kāi pì	1,4	V	开辟	開闢	to open up; to create; to establish
L7-2341	7-9	开启	開啟	kāi qǐ	1,3	V	开启	開啟	to start; to begin; to initiate (an era, process, journey etc); (computing) to enable (a feature); (of a system or device) to start operating automatically; to self-initiate; to open (sth that has been sealed)
L7-2342	7-9	开枪	開槍	kāi qiāng	1,1		开枪	開槍	to open fire; to shoot a gun
L7-2343	7-9	开天辟地	開天闢地	kāi tiān pì dì	1,1,4,4		开天辟地	開天闢地	(lit.) to split heaven and earth apart (refers to the Pangu 盤古|盘古[Pan2 gu3] creation myth) (idiom); (fig.) unprecedented; first of its kind
L7-2344	7-9	开拓	開拓	kāi tuò	1,4	V	开拓	開拓	to break new ground (for agriculture); to open up (a new seam); to develop (border regions); fig. to open up (new horizons)
L7-2345	7-9	开销	開銷	kāi xiāo	1,1	V/N	开销	開銷	to pay (expenses); expenses; (old) to dismiss (an employee)
L7-2346	7-9	开张	開張	kāi zhāng	1,1		开张	開張	to open a business; first transaction of a business day
L7-2347	7-9	开支	開支	kāi zhī	1,1	N	开支	開支	expenditures; expenses (CL:筆|笔[bi3],項|项[xiang4]); to spend money; (coll.) to pay wages
L7-2348	7-9	凯歌	凱歌	kǎi gē	3,1	N	凯歌	凱歌	triumphal hymn; victory song; paean
L7-2349	7-9	楷模	楷模	kǎi mó	3,2	N	楷模	楷模	model; example
L7-2350	7-9	刊登	刊登	kān dēng	1,1	V	刊登	刊登	to carry a story; to publish (in a newspaper or magazine)
L7-2351	7-9	刊物	刊物	kān wù	1,4	N	刊物	刊物	publication
L7-2352	7-9	看护	看護	kān hù	1,4	V/N	看护	看護	to nurse; to look after; to watch over; (old) hospital nurse
L7-2353	7-9	勘探	勘探	kān tàn	1,4	V	勘探	勘探	to explore; to survey; to prospect (for oil etc); prospecting
L7-2354	7-9	堪称	堪稱	kān chēng	1,1	V	堪称	堪稱	can be rated as; can be said to be
L7-2355	7-9	侃大山	侃大山	kǎn dà shān	3,4,1		侃大山	侃大山	to chatter idly; to gossip; to boast or brag
L7-2356	7-9	砍	砍	kǎn	3	V	砍	砍	to chop; to cut down; to throw sth at sb
L7-2357	7-9	看得出	看得出	kàn de chū	4,5,1	V	看得出	看得出	can see; can tell
L7-2358	7-9	看热闹	看熱鬧	kàn rè nao	4,4,5		看热闹	看熱鬧	to enjoy watching a bustling scene; to go where the crowds are
L7-2359	7-9	看似	看似	kàn sì	4,4	V	看似	看似	to look as if; to seem
L7-2360	7-9	看台	看台	kàn tái	4,2	N	看台	看台	terrace; spectator's grandstand; viewing platform
L7-2361	7-9	看样子	看樣子	kàn yàng zi	4,4,5		看样子	看樣子	it seems; it looks as if
L7-2362	7-9	看中	看中	kàn zhòng	4,4		看中	看中	to have a preference for; to fancy; to choose after consideration; to settle on
L7-2363	7-9	看重	看重	kàn zhòng	4,4	V	看重	看重	to regard as important; to value
L7-2364	7-9	慷慨	慷慨	kāng kǎi	1,3	Adj	慷慨	慷慨	vehement; fervent; generous; magnanimous
L7-2365	7-9	扛	扛	káng	2	V	扛	扛	to carry on one's shoulder; (fig.) to take on (a burden, duty etc)
L7-2366	7-9	抗衡	抗衡	kàng héng	4,2	V	抗衡	抗衡	to compete with; to vie with; to counter
L7-2367	7-9	抗拒	抗拒	kàng jù	4,4	V	抗拒	抗拒	to resist; to defy; to oppose
L7-2368	7-9	抗生素	抗生素	kàng shēng sù	4,1,4	N	抗生素	抗生素	antibiotic
L7-2369	7-9	抗争	抗爭	kàng zhēng	4,1	V	抗争	抗爭	to resist; to make a stand and fight (against)
L7-2370	7-9	考量	考量	kǎo liáng	3,2	V	考量	考量	to consider; to give serious consideration to sth; consideration
L7-2371	7-9	烤	烤	kǎo	3	V	烤	烤	to roast; to grill; to broil; to bake; to toast (bread); to warm oneself by a fire
L7-2372	7-9	靠拢	靠攏	kào lǒng	4,3	V	靠拢	靠攏	to draw close to
L7-2373	7-9	苛刻	苛刻	kē kè	1,4	Adj	苛刻	苛刻	harsh; severe; demanding
L7-2374	7-9	科幻	科幻	kē huàn	1,4	N	科幻	科幻	science fiction; abbr. for 科學幻想|科学幻想[ke1 xue2 huan4 xiang3]
L7-2375	7-9	科目	科目	kē mù	1,4	N	科目	科目	academic subject; field of study
L7-2376	7-9	科普	科普	kē pǔ	1,3	N	科普	科普	popularization of science (abbr. for 科學普及|科学普及[ke1 xue2 pu3 ji2]); (attributive) popular science; (coll.) to explain in layperson's terms
L7-2377	7-9	磕	磕	kē	1	V	磕	磕	to tap; to knock (against sth hard); (esp.) to knock (mud from boots, ash from a pipe etc); (fandom slang) to be into (a character relationship, dynamic, or trope)
L7-2378	7-9	壳	殼	qiào	4	N	壳	殼	(bound form) shell; Taiwan pr. [ke2]
L7-2379	7-9	咳嗽	咳嗽	ké sou	2,5	V	咳嗽	咳嗽	to cough; CL:陣|阵[zhen4]
L7-2380	7-9	可悲	可悲	kě bēi	3,1	Adj	可悲	可悲	lamentable
L7-2381	7-9	可不是	可不是	kě bu shì	3,5,4	Adv	可不是	可不是	(coll.) exactly!; indeed; that's for sure
L7-2382	7-9	可乘之机	可乘之機	kě chéng zhī jī	3,2,1,1		可乘之机	可乘之機	(idiom) an opportunity that someone (usually a villain or adversary) can exploit
L7-2383	7-9	可耻	可恥	kě chǐ	3,3	Adj	可耻	可恥	shameful; disgraceful; ignominious
L7-2384	7-9	可歌可泣	可歌可泣	kě gē kě qì	3,1,3,4		可歌可泣	可歌可泣	lit. you can sing or you can cry (idiom); fig. deeply moving; happy and sad; inspiring and tragic
L7-2385	7-9	可观	可觀	kě guān	3,1	Adj	可观	可觀	worth seeing; considerable; impressive; significant
L7-2386	7-9	可贵	可貴	kě guì	3,4	Adj	可贵	可貴	to be treasured; praiseworthy
L7-2387	7-9	可口	可口	kě kǒu	3,3	Adj	可口	可口	tasty; to taste good
L7-2388	7-9	可谓	可謂	kě wèi	3,4	V	可谓	可謂	it could even be said
L7-2389	7-9	可恶	可惡	kě wù	3,4	Adj	可恶	可惡	repulsive; vile; hateful; abominable
L7-2390	7-9	可想而知	可想而知	kě xiǎng ér zhī	3,3,2,1		可想而知	可想而知	(idiom) (it) goes without saying; can well be imagined
L7-2391	7-9	可笑	可笑	kě xiào	3,4	Adj	可笑	可笑	funny; ridiculous
L7-2392	7-9	可信	可信	kě xìn	3,4	Adj	可信	可信	trustworthy
L7-2393	7-9	可行	可行	kě xíng	3,2	Adj	可行	可行	feasible
L7-2394	7-9	可疑	可疑	kě yí	3,2	Adj	可疑	可疑	suspicious; dubious
L7-2395	7-9	克隆	克隆	kè lóng	4,2	V	克隆	克隆	(biology) (loanword) to clone; a clone; (fig.) to make an identical copy of (a website etc)
L7-2396	7-9	克制	克制	kè zhì	4,4	V	克制	克制	to restrain; to control; restraint; self-control
L7-2397	7-9	刻苦	刻苦	kè kǔ	4,3	Adj	刻苦	刻苦	hardworking; assiduous
L7-2398	7-9	刻意	刻意	kè yì	4,4	Adv	刻意	刻意	intentionally; deliberately; purposely; painstakingly; meticulously
L7-2399	7-9	刻舟求剑	刻舟求劍	kè zhōu qiú jiàn	4,1,2,4		刻舟求剑	刻舟求劍	lit. a notch on the side of a boat to locate a sword dropped overboard (idiom); fig. an action made pointless by changed circumstances
L7-2400	7-9	客房	客房	kè fáng	4,2	N	客房	客房	guest room; room (in a hotel)
L7-2401	7-9	客机	客機	kè jī	4,1	N	客机	客機	passenger plane
L7-2402	7-9	客流	客流	kè liú	4,2	N	客流	客流	passenger flow; customer flow
L7-2403	7-9	客运	客運	kè yùn	4,4	N	客运	客運	passenger transportation; (Tw) intercity bus
L7-2404	7-9	恳求	懇求	kěn qiú	3,2	V	恳求	懇求	to beg; to beseech; to entreat; entreaty
L7-2405	7-9	啃	啃	kěn	3	V	啃	啃	to gnaw; to nibble; to bite
L7-2406	7-9	坑	坑	kēng	1	V/N	坑	坑	pit; hollow; depression; (mining) pit; shaft; tunnel; (literary) to bury alive; (coll.) to cheat; to scam; to screw over
L7-2407	7-9	空荡荡	空蕩蕩	kōng dàng dàng	1,4,4	Adj	空荡荡	空蕩蕩	empty; deserted
L7-2408	7-9	空难	空難	kōng nàn	1,4	N	空难	空難	air crash; aviation accident or incident
L7-2409	7-9	空前	空前	kōng qián	1,2	V	空前	空前	unprecedented
L7-2410	7-9	空想	空想	kōng xiǎng	1,3	V/N	空想	空想	daydream; fantasy; to fantasize
L7-2411	7-9	空虚	空虛	kōng xū	1,1	Adj	空虚	空虛	hollow; emptiness; meaningless
L7-2412	7-9	恐怖	恐怖	kǒng bù	3,4	Adj	恐怖	恐怖	terrible; frightful; frightening; terror; terrorist
L7-2413	7-9	恐吓	恐嚇	kǒng hè	3,4	V	恐吓	恐嚇	to threaten; to menace
L7-2414	7-9	恐慌	恐慌	kǒng huāng	3,1	Adj	恐慌	恐慌	panic; panicky; panic-stricken
L7-2415	7-9	恐惧	恐懼	kǒng jù	3,4	Adj	恐惧	恐懼	to be frightened; fear; dread
L7-2416	7-9	恐龙	恐龍	kǒng lóng	3,2	N	恐龙	恐龍	dinosaur (CL:頭|头[tou2],隻|只[zhi1]); (old) (slang) ugly person
L7-2417	7-9	空白	空白	kòng bái	4,2	N	空白	空白	blank space
L7-2418	7-9	空地	空地	kòng dì	4,4	N	空地	空地	vacant land; open space
L7-2419	7-9	空隙	空隙	kòng xì	4,4	N	空隙	空隙	crack; gap between two objects; gap in time between two events
L7-2420	7-9	控告	控告	kòng gào	4,4	V	控告	控告	to accuse; to charge; to indict
L7-2421	7-9	抠	摳	kōu	1	V/Adj	抠	摳	to dig; to pick; to scratch (with a finger or sth pointed); to carve; to cut; to study meticulously; stingy; miserly; to lift up (esp. the hem of a robe)
L7-2422	7-9	口碑	口碑	kǒu bēi	3,1	N	口碑	口碑	public praise; public reputation; commonly held opinions; current idiom
L7-2423	7-9	口才	口才	kǒu cái	3,2	N	口才	口才	eloquence
L7-2424	7-9	口吃	口吃	kǒu chī	3,1	V	口吃	口吃	to stammer; to stutter; Taiwan pr. [kou3ji2]
L7-2425	7-9	口感	口感	kǒu gǎn	3,3	N	口感	口感	mouthfeel; texture (of food)
L7-2426	7-9	口径	口徑	kǒu jìng	3,4	N	口径	口徑	bore; caliber; diameter; aperture; (fig.) stance (on an issue); version (of events); account; narrative; line
L7-2427	7-9	口令	口令	kǒu lìng	3,4	N	口令	口令	oral command; a word of command (used in drilling troops or gymnasts); password (used by sentry)
L7-2428	7-9	口气	口氣	kǒu qì	3,4	N	口气	口氣	tone of voice; the way one speaks; manner of expression; tone
L7-2429	7-9	口腔	口腔	kǒu qiāng	3,1	N	口腔	口腔	oral cavity
L7-2430	7-9	口哨	口哨	kǒu shào	3,4	N	口哨	口哨	whistle
L7-2431	7-9	口水	口水	kǒu shuǐ	3,3	N	口水	口水	saliva
L7-2432	7-9	口头	口頭	kǒu tóu	3,2	N/Adj	口头	口頭	oral; verbal
L7-2433	7-9	口味	口味	kǒu wèi	3,4	N	口味	口味	a person's preferences; tastes (in food); flavor
L7-2434	7-9	口香糖	口香糖	kǒu xiāng táng	3,1,2	N	口香糖	口香糖	chewing gum
L7-2435	7-9	口音	口音	kǒu yīn	3,1	N	口音	口音	(linguistics) oral speech sounds
L7-2436	7-9	口罩	口罩	kǒu zhào	3,4	N	口罩	口罩	mask (surgical etc)
L7-2437	7-9	口子	口子	kǒu zi	3,5	N	口子	口子	hole; opening; cut; gap; gash; my husband or wife; classifier for people (used for indicating the number of people in a family etc); precedent
L7-2438	7-9	扣除	扣除	kòu chú	4,2	V	扣除	扣除	to deduct
L7-2439	7-9	扣留	扣留	kòu liú	4,2	V	扣留	扣留	to detain sb; to hold sb against their will; to withhold (property, documents, funds etc)
L7-2440	7-9	扣人心弦	扣人心弦	kòu rén xīn xián	4,2,1,2		扣人心弦	扣人心弦	to excite; to thrill; exciting; thrilling; cliff-hanging
L7-2441	7-9	扣押	扣押	kòu yā	4,1	V	扣押	扣押	to detain; to hold in custody; to distrain; to seize property
L7-2442	7-9	枯燥	枯燥	kū zào	1,4	Adj	枯燥	枯燥	dry and dull; uninteresting; tedious
L7-2443	7-9	哭泣	哭泣	kū qì	1,4	V	哭泣	哭泣	to weep
L7-2444	7-9	哭笑不得	哭笑不得	kū xiào bù dé	1,4,4,2		哭笑不得	哭笑不得	lit. not to know whether to laugh or cry (idiom); both funny and extremely embarrassing; between laughter and tears
L7-2445	7-9	窟窿	窟窿	kū long	1,5	N	窟窿	窟窿	hole; pocket; cavity; loophole; debt
L7-2446	7-9	苦力	苦力	kǔ lì	3,4	N	苦力	苦力	bitter work; hard toil; (loanword) coolie, unskilled Chinese laborer in colonial times
L7-2447	7-9	苦练	苦練	kǔ liàn	3,4		苦练	苦練	to train hard; to practice diligently; hard work; blood, sweat, and tears
L7-2448	7-9	苦难	苦難	kǔ nàn	3,4	N	苦难	苦難	suffering
L7-2449	7-9	苦恼	苦惱	kǔ nǎo	3,3	Adj	苦恼	苦惱	vexed; distressed
L7-2450	7-9	苦笑	苦笑	kǔ xiào	3,4	V	苦笑	苦笑	to force a smile; a bitter laugh
L7-2451	7-9	苦心	苦心	kǔ xīn	3,1	N/Adv	苦心	苦心	painstaking effort; to take a lot of trouble; laborious at pains
L7-2452	7-9	酷似	酷似	kù sì	4,4	V	酷似	酷似	to strikingly resemble
L7-2453	7-9	夸	誇	kuā	1	V	夸	誇	to boast; to exaggerate; to praise
L7-2454	7-9	夸大	誇大	kuā dà	1,4	V	夸大	誇大	to exaggerate
L7-2455	7-9	夸奖	誇獎	kuā jiǎng	1,3	V	夸奖	誇獎	to praise; to applaud; to compliment
L7-2456	7-9	夸夸其谈	誇誇其談	kuā kuā qí tán	1,1,2,2		夸夸其谈	誇誇其談	(idiom) to talk big; to sound off; to be full of hot air
L7-2457	7-9	夸耀	誇耀	kuā yào	1,4	V	夸耀	誇耀	to brag about; to flaunt
L7-2458	7-9	夸张	誇張	kuā zhāng	1,1	Adj/N	夸张	誇張	to exaggerate; overstated; exaggerated; hyperbole; (coll.) excessive; ridiculous; outrageous
L7-2459	7-9	垮	垮	kuǎ	3	V	垮	垮	to collapse (lit. or fig.)
L7-2460	7-9	挎	挎	kuà	4	V	挎	挎	to carry (esp. slung over the arm, shoulder or side)
L7-2461	7-9	跨国	跨國	kuà guó	4,2	V	跨国	跨國	transnational; multinational
L7-2462	7-9	跨越	跨越	kuà yuè	4,4	V	跨越	跨越	to step across; step over
L7-2463	7-9	快捷	快捷	kuài jié	4,2	Adj	快捷	快捷	quick; fast; nimble; agile; (computer) shortcut
L7-2464	7-9	宽敞	寬敞	kuān chang	1,5	Adj	宽敞	寬敞	spacious; wide
L7-2465	7-9	宽泛	寬泛	kuān fàn	1,4	Adj	宽泛	寬泛	wide-ranging
L7-2466	7-9	宽厚	寬厚	kuān hòu	1,4	Adj	宽厚	寬厚	tolerant; generous; magnanimous; thick and broad (build); thick and deep (voice)
L7-2467	7-9	宽容	寬容	kuān róng	1,2	V	宽容	寬容	lenient; tolerant; indulgent; charitable; to forgive
L7-2468	7-9	宽恕	寬恕	kuān shù	1,4	V	宽恕	寬恕	to forgive; forgiveness
L7-2469	7-9	宽松	寬鬆	kuān sōng	1,1	Adj	宽松	寬鬆	spacious; roomy; uncrowded; (of clothes) loose and comfortable; relaxed; free of worry; well-off; affluent
L7-2470	7-9	款式	款式	kuǎn shì	3,4	N	款式	款式	pattern; style; design; CL:種|种[zhong3]
L7-2471	7-9	款项	款項	kuǎn xiàng	3,4	N	款项	款項	funds; a sum of money (for a particular purpose) (CL:筆|笔[bi3]); item of a clause (in a legal document)
L7-2472	7-9	筐	筐	kuāng	1	N	筐	筐	basket; CL:隻|只[zhi1]
L7-2473	7-9	狂欢	狂歡	kuáng huān	2,1	V	狂欢	狂歡	party; carousal; hilarity; merriment; whoopee; to carouse
L7-2474	7-9	狂欢节	狂歡節	kuáng huān jié	2,1,2	N	狂欢节	狂歡節	carnival
L7-2475	7-9	狂热	狂熱	kuáng rè	2,4	Adj	狂热	狂熱	zealotry; fanatical; feverish
L7-2476	7-9	旷课	曠課	kuàng kè	4,4		旷课	曠課	to play truant; to cut classes
L7-2477	7-9	况且	況且	kuàng qiě	4,3	Conj	况且	況且	moreover; besides; in addition; furthermore
L7-2478	7-9	矿藏	礦藏	kuàng cáng	4,2	N	矿藏	礦藏	mineral resources
L7-2479	7-9	框	框	kuàng	4	N/V	框	框	frame (e.g. door frame); casing; fig. framework; template; to circle (i.e. draw a circle around sth); to frame; to restrict; Taiwan pr. [kuang1]
L7-2480	7-9	框架	框架	kuàng jià	4,4	N	框架	框架	(construction) frame; (fig.) framework
L7-2481	7-9	亏本	虧本	kuī běn	1,3		亏本	虧本	to make a loss
L7-2482	7-9	亏损	虧損	kuī sǔn	1,3	V	亏损	虧損	deficit; (financial) loss
L7-2483	7-9	昆虫	昆蟲	kūn chóng	1,2	N	昆虫	昆蟲	insect; CL:隻|只[zhi1],群[qun2],堆[dui1]
L7-2484	7-9	捆	捆	kǔn	3	V/M	捆	捆	a bunch; to tie together; bundle
L7-2485	7-9	困惑	困惑	kùn huò	4,4	Adj/V	困惑	困惑	bewildered; perplexed; confused; difficult problem; perplexity
L7-2486	7-9	困境	困境	kùn jìng	4,4	N	困境	困境	predicament; plight
L7-2487	7-9	扩	擴	kuò	4	V	扩	擴	to enlarge
L7-2488	7-9	扩建	擴建	kuò jiàn	4,4	V	扩建	擴建	to extend (a building, an airport runway etc)
L7-2489	7-9	扩散	擴散	kuò sàn	4,4	V	扩散	擴散	to spread; to proliferate; to diffuse
L7-2490	7-9	扩张	擴張	kuò zhāng	4,1	V	扩张	擴張	expansion; dilation; to expand (e.g. one's power or influence); to broaden
L7-2491	7-9	括弧	括弧	kuò hú	4,2	N	括弧	括弧	parentheses; brackets
L7-2492	7-9	阔绰	闊綽	kuò chuò	4,4	Adj	阔绰	闊綽	extravagant; liberal with money
L7-2493	7-9	拉动	拉動	lā dòng	1,4	V	拉动	拉動	to pull; (fig.) to stimulate (economic activity); to motivate (people to do sth)
L7-2494	7-9	拉拢	拉攏	lā lǒng	1,3	V	拉拢	拉攏	to rope in; fig. to involve sb; to entice
L7-2495	7-9	拉锁	拉鎖	lā suǒ	1,3	N	拉锁	拉鎖	zipper
L7-2496	7-9	啦啦队	啦啦隊	lā lā duì	1,1,4	N	啦啦队	啦啦隊	cheerleading squad
L7-2497	7-9	喇叭	喇叭	lǎ ba	3,5	N	喇叭	喇叭	horn (automobile etc); loudspeaker; brass wind instrument; trumpet; suona 鎖吶|锁呐[suo3 na4]
L7-2498	7-9	腊月	臘月	Là yuè	4,4	N	腊月	臘月	twelfth lunar month
L7-2499	7-9	蜡	蠟	là	4	N	蜡	蠟	candle; wax
L7-2500	7-9	蜡烛	蠟燭	là zhú	4,2	N	蜡烛	蠟燭	candle; CL:根[gen1],支[zhi1]
L7-2501	7-9	辣椒	辣椒	là jiāo	4,1	N	辣椒	辣椒	hot pepper; chili
L7-2502	7-9	来宾	來賓	lái bīn	2,1	N	来宾	來賓	guest; visitor
L7-2503	7-9	来电	來電	lái diàn	2,4	V/N	来电	來電	incoming telephone call (or telegram); to phone in; to send in a telegram; to have an instant attraction to sb; (of electricity, after an outage) to come back
L7-2504	7-9	来访	來訪	lái fǎng	2,3	V	来访	來訪	to pay a visit
L7-2505	7-9	来回	來回	lái huí	2,2	Adv/N	来回	來回	to make a round trip; return journey; back and forth; to and fro; repeatedly
L7-2506	7-9	来历	來歷	lái lì	2,4	N	来历	來歷	history; antecedents; origin
L7-2507	7-9	来临	來臨	lái lín	2,2	V	来临	來臨	to approach; to come closer
L7-2508	7-9	来龙去脉	來龍去脈	lái lóng qù mài	2,2,4,4		来龙去脉	來龍去脈	(lit.) the rise and fall of the terrain (idiom); (fig.) the whole sequence of events; causes and effects
L7-2509	7-9	来年	來年	lái nián	2,2	N	来年	來年	next year; the coming year
L7-2510	7-9	来源于	來源於	lái yuán yú	2,2,2		来源于	來源於	to originate in
L7-2511	7-9	拦	攔	lán	2	V	拦	攔	to block sb's path; to obstruct; to flag down (a taxi)
L7-2512	7-9	栏	欄	lán	2	N	栏	欄	fence; railing; hurdle; column or box (of text or other data)
L7-2513	7-9	栏杆	欄杆	lán gān	2,1	N	栏杆	欄杆	railing; banister
L7-2514	7-9	蓝图	藍圖	lán tú	2,2	N	蓝图	藍圖	blueprint
L7-2515	7-9	揽	攬	lǎn	3	V	揽	攬	to monopolize; to seize; to take into one's arms; to embrace; to fasten (with a rope etc); to take on (responsibility etc); to canvass
L7-2516	7-9	缆车	纜車	lǎn chē	3,1	N	缆车	纜車	cable car
L7-2517	7-9	懒得	懶得	lǎn de	3,5	V	懒得	懶得	to not feel like (doing sth); to be disinclined to
L7-2518	7-9	懒惰	懶惰	lǎn duò	3,4	Adj	懒惰	懶惰	idle; lazy
L7-2519	7-9	滥用	濫用	làn yòng	4,4	V	滥用	濫用	to misuse; to abuse
L7-2520	7-9	狼	狼	láng	2	N	狼	狼	wolf; CL:匹[pi3],隻|只[zhi1],條|条[tiao2]
L7-2521	7-9	狼狈	狼狽	láng bèi	2,4	Adj	狼狈	狼狽	in a difficult situation; to cut a sorry figure; scoundrel! (derog.)
L7-2522	7-9	朗诵	朗誦	lǎng sòng	3,4	V	朗诵	朗誦	to read aloud with expression; to recite; to declaim
L7-2523	7-9	浪	浪	làng	4	N	浪	浪	wave; breaker; unrestrained; dissipated; to stroll; to ramble
L7-2524	7-9	捞	撈	lāo	1	V	捞	撈	to fish up; to dredge up
L7-2525	7-9	劳动力	勞動力	láo dòng lì	2,4,4	N	劳动力	勞動力	labor force; manpower
L7-2526	7-9	劳累	勞累	láo lèi	2,4	Adj	劳累	勞累	tired; exhausted; worn out; to toil
L7-2527	7-9	劳务	勞務	láo wù	2,4	N	劳务	勞務	service (work done for money); services (as in "goods and services")
L7-2528	7-9	牢固	牢固	láo gù	2,4	Adj	牢固	牢固	firm; secure
L7-2529	7-9	牢记	牢記	láo jì	2,4	V	牢记	牢記	to keep in mind; to remember
L7-2530	7-9	牢牢	牢牢	láo láo	2,2		牢牢	牢牢	firmly; safely
L7-2531	7-9	唠叨	嘮叨	láo dao	2,5	V	唠叨	嘮叨	to prattle; to chatter away; to nag; garrulous; nagging
L7-2532	7-9	老伴儿	老伴兒	lǎo bàn r	3,4,5	N	老伴儿	老伴兒	erhua variant of 老伴[lao3 ban4]
L7-2533	7-9	老大	老大	lǎo dà	3,4	N/Adv	老大	老大	old age; very; eldest child in a family; leader of a group; boss; captain of a boat; leader of a criminal gang
L7-2534	7-9	老汉	老漢	lǎo hàn	3,4	N	老汉	老漢	old man; I (an old man referring to himself)
L7-2535	7-9	老化	老化	lǎo huà	3,4	V	老化	老化	(of a person, population or material) to age; (of knowledge) to become outdated
L7-2536	7-9	老人家	老人家	lǎo rén jiā	3,2,1	N	老人家	老人家	polite term for old woman or man
L7-2537	7-9	老实说	老實說	lǎo shí shuō	3,2,1		老实说	老實說	honestly speaking; to be frank, ...
L7-2538	7-9	老远	老遠	lǎo yuǎn	3,3		老远	老遠	very far away
L7-2539	7-9	老字号	老字號	lǎo zì hào	3,4,4	N	老字号	老字號	shop, firm, or brand of merchandise with a long-established reputation
L7-2540	7-9	姥姥	姥姥	lǎo lao	3,5	N	姥姥	姥姥	(coll.) mother's mother; maternal grandmother
L7-2541	7-9	姥爷	姥爺	lǎo ye	3,5	N	姥爷	姥爺	(coll.) mother's father; maternal grandfather
L7-2542	7-9	涝	澇	lào	4	Adj	涝	澇	flooded
L7-2543	7-9	乐意	樂意	lè yì	4,4	V/Adj	乐意	樂意	to be willing to do sth; to be ready to do sth; to be happy to do sth; content; satisfied
L7-2544	7-9	乐园	樂園	lè yuán	4,2	N	乐园	樂園	paradise
L7-2545	7-9	勒	勒	lēi	1	V	勒	勒	to strap tightly; to bind
L7-2546	7-9	雷同	雷同	léi tóng	2,2	Adj	雷同	雷同	mirroring others; identical
L7-2547	7-9	累积	累積	lěi jī	3,1	V	累积	累積	to accumulate
L7-2548	7-9	累计	累計	lěi jì	3,4	V	累计	累計	to calculate the running total; cumulative; the total; in total
L7-2549	7-9	类别	類別	lèi bié	4,2	N	类别	類別	classification; category
L7-2550	7-9	棱角	稜角	léng jiǎo	2,3	N	棱角	稜角	edge and corner; protrusion; sharpness (of a protrusion); craggy; ridge corner
L7-2551	7-9	冷淡	冷淡	lěng dàn	3,4	Adj/V	冷淡	冷淡	cold; indifferent
L7-2552	7-9	冷冻	冷凍	lěng dòng	3,4	V	冷冻	冷凍	to freeze (food etc); (of weather) freezing
L7-2553	7-9	冷酷	冷酷	lěng kù	3,4	Adj	冷酷	冷酷	unfeeling; callous
L7-2554	7-9	冷酷无情	冷酷無情	lěng kù wú qíng	3,4,2,2		冷酷无情	冷酷無情	cold-hearted; unfeeling; callous
L7-2555	7-9	冷落	冷落	lěng luò	3,4	Adj/V	冷落	冷落	desolate; unfrequented; to treat sb coldly; to snub; to cold shoulder
L7-2556	7-9	冷门	冷門	lěng mén	3,2	N	冷门	冷門	a neglected branch (of arts, science, sports etc); fig. a complete unknown who wins a competition
L7-2557	7-9	冷漠	冷漠	lěng mò	3,4	Adj	冷漠	冷漠	cold and detached towards sb; lack of regard; indifference; neglect
L7-2558	7-9	冷笑	冷笑	lěng xiào	3,4	V	冷笑	冷笑	to sneer; to laugh grimly; grin of dissatisfaction (bitterness, helplessness, indignation etc); bitter, grim, sarcastic or angry smile
L7-2559	7-9	冷战	冷戰	lěng zhàn	3,4	N	冷战	冷戰	cold war; (fig.) strained relationship; to be barely on speaking terms
L7-2560	7-9	愣	愣	lèng	4	V/Adj	愣	愣	to look distracted; to stare blankly; distracted; blank; (coll.) unexpectedly; rash; rashly
L7-2561	7-9	离谱儿	離譜兒	lí pǔ r	2,3,5		离谱儿	離譜兒	erhua form of 離譜|离谱[li2 pu3]
L7-2562	7-9	离奇	離奇	lí qí	2,2	Adj	离奇	離奇	odd; bizarre
L7-2563	7-9	离职	離職	lí zhí	2,2		离职	離職	to leave one's job temporarily (e.g. for study); to leave one's job; to resign
L7-2564	7-9	黎明	黎明	lí míng	2,2	N	黎明	黎明	dawn; daybreak
L7-2565	7-9	礼服	禮服	lǐ fú	3,2	N	礼服	禮服	ceremonial robe; formal attire (dinner suit, evening gown etc)
L7-2566	7-9	礼品	禮品	lǐ pǐn	3,3	N	礼品	禮品	gift; present
L7-2567	7-9	礼仪	禮儀	lǐ yí	3,2	N	礼仪	禮儀	etiquette; ceremony
L7-2568	7-9	里程碑	里程碑	lǐ chéng bēi	3,2,1	N	里程碑	里程碑	milestone
L7-2569	7-9	理睬	理睬	lǐ cǎi	3,3	V	理睬	理睬	to heed; to pay attention to
L7-2570	7-9	理会	理會	lǐ huì	3,4	V	理会	理會	to understand; to pay attention to; to take notice of
L7-2571	7-9	理科	理科	lǐ kē	3,1	N	理科	理科	the sciences (as opposed to the humanities 文科[wen2 ke1])
L7-2572	7-9	理念	理念	lǐ niàn	3,4	N	理念	理念	idea; concept; philosophy; theory
L7-2573	7-9	理事	理事	lǐ shì	3,4	N/V	理事	理事	member of council; (literary) to take care of matters
L7-2574	7-9	理所当然	理所當然	lǐ suǒ dāng rán	3,3,1,2		理所当然	理所當然	as it should be by rights (idiom); proper and to be expected as a matter of course; inevitable and right
L7-2575	7-9	理性	理性	lǐ xìng	3,4	Adj/N	理性	理性	reason; rationality; rational
L7-2576	7-9	理直气壮	理直氣壯	lǐ zhí qì zhuàng	3,2,4,4		理直气壮	理直氣壯	in the right and self-confident (idiom); bold and confident with justice on one's side; to have the courage of one's convictions; just and forceful
L7-2577	7-9	力不从心	力不從心	lì bù cóng xīn	4,4,2,1		力不从心	力不從心	(idiom) to lack the ability to do what one would wish
L7-2578	7-9	力度	力度	lì dù	4,4	N	力度	力度	strength; vigor; efforts; (music) dynamics
L7-2579	7-9	力求	力求	lì qiú	4,2	V	力求	力求	to make every effort to; striving to do one's best
L7-2580	7-9	力所能及	力所能及	lì suǒ néng jí	4,3,2,2		力所能及	力所能及	as far as one's capabilities extend (idiom); to the best of one's ability; within one's powers
L7-2581	7-9	力争	力爭	lì zhēng	4,1	V	力争	力爭	to work hard for; to do all one can; to contend strongly
L7-2582	7-9	历程	歷程	lì chéng	4,2	N	历程	歷程	course; process
L7-2583	7-9	历届	歷屆	lì jiè	4,4	Adj	历届	歷屆	all previous (meetings, sessions etc)
L7-2584	7-9	历经	歷經	lì jīng	4,1	V	历经	歷經	to experience; to go through
L7-2585	7-9	历来	歷來	lì lái	4,2	Adv	历来	歷來	always; throughout (a period of time); (of) all-time
L7-2586	7-9	历时	歷時	lì shí	4,2	V/Adj	历时	歷時	to last; to take (time); period; diachronic
L7-2587	7-9	立方	立方	lì fāng	4,1	N/M	立方	立方	cube (math.); abbr. for 立方體|立方体[li4 fang1 ti3]; abbr. for 立方米[li4 fang1 mi3]
L7-2588	7-9	立方米	立方米	lì fāng mǐ	4,1,3	M	立方米	立方米	cubic meter (m³)
L7-2589	7-9	立功	立功	lì gōng	4,1		立功	立功	to render meritorious service (one the three imperishables 三不朽[san1 bu4 xiu3]); to make worthy contributions; to distinguish oneself
L7-2590	7-9	立交桥	立交橋	lì jiāo qiáo	4,1,2	N	立交桥	立交橋	overpass; flyover
L7-2591	7-9	立体	立體	lì tǐ	4,3	Adj	立体	立體	three-dimensional; solid; stereoscopic
L7-2592	7-9	立足	立足	lì zú	4,2	V	立足	立足	to stand; to have a footing; to be established; to base oneself on
L7-2593	7-9	励志	勵志	lì zhì	4,4	V	励志	勵志	to pursue a goal with determination; inspirational; motivational
L7-2594	7-9	利害	利害	lì hài	4,4	N	利害	利害	pros and cons; advantages and disadvantages; gains and losses
L7-2595	7-9	利率	利率	lì lǜ	4,4	N	利率	利率	interest rate
L7-2596	7-9	利索	利索	lì suo	4,5	Adj	利索	利索	nimble
L7-2597	7-9	粒	粒	lì	4	M	粒	粒	grain; granule; pellet; particle; classifier for small round objects (peas, bullets, peanuts, pills, grains etc); (Tw) classifier for larger round objects (watermelon etc)
L7-2598	7-9	连滚带爬	連滾帶爬	lián gǔn dài pá	2,3,4,2		连滚带爬	連滾帶爬	(idiom) stumbling and crawling; scrambling; frantically trying to escape
L7-2599	7-9	连绵	連綿	lián mián	2,2	V	连绵	連綿	continuous; unbroken; uninterrupted; extending forever into the distance (of mountain range, river etc)
L7-2600	7-9	连任	連任	lián rèn	2,4	V	连任	連任	to continue in (a political) office; to serve for another term of office
L7-2601	7-9	连锁	連鎖	lián suǒ	2,3	Adj	连锁	連鎖	to interlock; to be linked; chain (store etc)
L7-2602	7-9	连锁店	連鎖店	lián suǒ diàn	2,3,4	N	连锁店	連鎖店	chain store
L7-2603	7-9	连夜	連夜	lián yè	2,4	Adv	连夜	連夜	that very night; through the night; for several nights in a row
L7-2604	7-9	怜惜	憐惜	lián xī	2,1	V	怜惜	憐惜	to take pity on; to feel tenderness toward
L7-2605	7-9	帘子	簾子	lián zi	2,5	N	帘子	簾子	curtain
L7-2606	7-9	莲子	蓮子	lián zǐ	2,3	N	莲子	蓮子	lotus seed
L7-2607	7-9	联邦	聯邦	lián bāng	2,1	N	联邦	聯邦	federal; federation; commonwealth; federal union; federal state; union
L7-2608	7-9	联欢	聯歡	lián huān	2,1	V	联欢	聯歡	to have a get-together; celebration; party
L7-2609	7-9	联网	聯網	lián wǎng	2,3		联网	聯網	to connect (or be connected) to a network; to network
L7-2610	7-9	廉价	廉價	lián jià	2,4	Adj	廉价	廉價	cheaply-priced; low-cost
L7-2611	7-9	廉洁	廉潔	lián jié	2,2	Adj	廉洁	廉潔	incorruptible; unbribable; honest
L7-2612	7-9	廉正	廉正	lián zhèng	2,4	Adj	廉正	廉正	upright and honest; integrity
L7-2613	7-9	廉政	廉政	lián zhèng	2,4	V	廉政	廉政	to govern with integrity; clean and honest government
L7-2614	7-9	脸颊	臉頰	liǎn jiá	3,2	N	脸颊	臉頰	cheek
L7-2615	7-9	炼	煉	liàn	4	V	炼	煉	to refine; to smelt
L7-2616	7-9	恋恋不舍	戀戀不捨	liàn liàn bù shě	4,4,4,3		恋恋不舍	戀戀不捨	reluctant to part
L7-2617	7-9	良	良	liáng	2	Adj	良	良	good; very; very much
L7-2618	7-9	良心	良心	liáng xīn	2,1	N	良心	良心	conscience
L7-2619	7-9	良性	良性	liáng xìng	2,4	Adj	良性	良性	positive (in its effect); leading to good consequences; virtuous; (medicine) benign (tumor etc)
L7-2620	7-9	凉爽	涼爽	liáng shuǎng	2,3	Adj	凉爽	涼爽	cool and refreshing
L7-2621	7-9	两口子	兩口子	liǎng kǒu zi	3,3,5	N	两口子	兩口子	husband and wife
L7-2622	7-9	两栖	兩棲	liǎng qī	3,1	V	两栖	兩棲	amphibious; dual-talented; able to work in two different lines
L7-2623	7-9	亮点	亮點	liàng diǎn	4,3	N	亮点	亮點	highlight; bright spot
L7-2624	7-9	亮丽	亮麗	liàng lì	4,4	Adj	亮丽	亮麗	bright and beautiful
L7-2625	7-9	亮相	亮相	liàng xiàng	4,4		亮相	亮相	to strike a pose (Chinese opera); (fig.) to make a public appearance; to come out in public (revealing one's true personality, opinions etc); (of a product) to appear on the market or at a trade show etc
L7-2626	7-9	谅解	諒解	liàng jiě	4,3	V	谅解	諒解	to understand; to make allowances for; understanding
L7-2627	7-9	辽阔	遼闊	liáo kuò	2,4	Adj	辽阔	遼闊	vast; extensive
L7-2628	7-9	疗法	療法	liáo fǎ	2,3	N	疗法	療法	therapy; treatment
L7-2629	7-9	疗效	療效	liáo xiào	2,4	N	疗效	療效	healing efficacy; healing effect
L7-2630	7-9	寥寥无几	寥寥無幾	liáo liáo wú jǐ	2,2,2,3		寥寥无几	寥寥無幾	(idiom) very few
L7-2631	7-9	潦草	潦草	liáo cǎo	2,3	Adj	潦草	潦草	slipshod; careless; slovenly; (of handwriting) scrawly; illegible
L7-2632	7-9	了结	了結	liǎo jié	3,2	V	了结	了結	to settle; to finish; to conclude; to wind up
L7-2633	7-9	了却	了卻	liǎo què	3,4	V	了却	了卻	to resolve; to settle
L7-2634	7-9	料到	料到	liào dào	4,4		料到	料到	to foresee; to anticipate
L7-2635	7-9	料理	料理	liào lǐ	4,3	V/N	料理	料理	to arrange; to handle; to cook; cuisine; art of cooking
L7-2636	7-9	咧嘴	咧嘴	liě zuǐ	3,3		咧嘴	咧嘴	to draw back the corners of one's mouth (as when smiling, grimacing, or snarling)
L7-2637	7-9	列举	列舉	liè jǔ	4,3	V	列举	列舉	a list; to list; to enumerate
L7-2638	7-9	劣势	劣勢	liè shì	4,4	N	劣势	劣勢	inferior; disadvantaged
L7-2639	7-9	劣质	劣質	liè zhì	4,4	Adj	劣质	劣質	shoddy; of poor quality
L7-2640	7-9	烈士	烈士	liè shì	4,4	N	烈士	烈士	martyr
L7-2641	7-9	猎犬	獵犬	liè quǎn	4,3	N	猎犬	獵犬	hound; hunting dog
L7-2642	7-9	猎人	獵人	liè rén	4,2	N	猎人	獵人	hunter
L7-2643	7-9	裂缝	裂縫	liè fèng	4,4	N	裂缝	裂縫	crack; crevice; CL:道[dao4]
L7-2644	7-9	裂痕	裂痕	liè hén	4,2	N	裂痕	裂痕	crack; gap; split
L7-2645	7-9	拎	拎	līn	1	V	拎	拎	to lift up; to carry in one's hand; Taiwan pr. [ling1]
L7-2646	7-9	邻国	鄰國	lín guó	2,2	N	邻国	鄰國	neighboring country
L7-2647	7-9	临	臨	lín	2	V/Prep	临	臨	to face; to overlook; to arrive; to be (just) about to; just before
L7-2648	7-9	临床	臨床	lín chuáng	2,2	V	临床	臨床	(medicine) clinical
L7-2649	7-9	临街	臨街	lín jiē	2,1	V	临街	臨街	facing the street
L7-2650	7-9	临近	臨近	lín jìn	2,4	V	临近	臨近	to approach; to draw near; to be close to (in space or time)
L7-2651	7-9	淋	淋	lín	2	V	淋	淋	to sprinkle; to drip; to pour; to drench
L7-2652	7-9	灵	靈	líng	2	Adj	灵	靈	quick; alert; efficacious; effective; to come true; spirit; departed soul; coffin
L7-2653	7-9	灵感	靈感	líng gǎn	2,3	N	灵感	靈感	creative inspiration
L7-2654	7-9	灵魂	靈魂	líng hún	2,2	N	灵魂	靈魂	soul; spirit
L7-2655	7-9	灵机一动	靈機一動	líng jī yī dòng	2,1,1,4		灵机一动	靈機一動	a bright idea suddenly occurs (idiom); to hit upon an inspiration; to be struck by a brainwave
L7-2656	7-9	灵敏	靈敏	líng mǐn	2,3	Adj	灵敏	靈敏	smart; clever; sensitive; keen; quick; sharp
L7-2657	7-9	灵巧	靈巧	líng qiǎo	2,3	Adj	灵巧	靈巧	deft; nimble; ingenious
L7-2658	7-9	灵通	靈通	líng tōng	2,1	Adj	灵通	靈通	fast and abundant (news); clever; effective
L7-2659	7-9	凌晨	凌晨	líng chén	2,2	N	凌晨	凌晨	very early in the morning; in the wee hours
L7-2660	7-9	零花钱	零花錢	líng huā qián	2,1,2	N	零花钱	零花錢	pocket money; allowance
L7-2661	7-9	零件	零件	líng jiàn	2,4	N	零件	零件	part; component
L7-2662	7-9	零钱	零錢	líng qián	2,2	N	零钱	零錢	change (of money); small change; pocket money
L7-2663	7-9	零售	零售	líng shòu	2,4	V	零售	零售	to retail; to sell individually or in small quantities
L7-2664	7-9	领队	領隊	lǐng duì	3,4	V/N	领队	領隊	to lead a group; leader of a group; captain (of sports squad)
L7-2665	7-9	领会	領會	lǐng huì	3,4	V	领会	領會	to understand; to comprehend; to grasp
L7-2666	7-9	领军	領軍	lǐng jūn	3,1	V	领军	領軍	to lead troups; (fig.) to lead; leading
L7-2667	7-9	领略	領略	lǐng lüè	3,4	V	领略	領略	to have a taste of; to realize; to appreciate
L7-2668	7-9	领事	領事	lǐng shì	3,4	N	领事	領事	consul
L7-2669	7-9	领事馆	領事館	lǐng shì guǎn	3,4,3	N	领事馆	領事館	consulate
L7-2670	7-9	领土	領土	lǐng tǔ	3,3	N	领土	領土	territory
L7-2671	7-9	领悟	領悟	lǐng wù	3,4	V	领悟	領悟	to understand; to comprehend
L7-2672	7-9	领养	領養	lǐng yǎng	3,3	V	领养	領養	to adopt (a child, pet etc)
L7-2673	7-9	领域	領域	lǐng yù	3,4	N	领域	領域	domain; sphere; field; territory; area
L7-2674	7-9	溜	溜	liū	1	V	溜	溜	to slip away; to escape in stealth; to skate
L7-2675	7-9	溜达	溜達	liū da	1,5	V	溜达	溜達	to stroll; to go for a walk
L7-2676	7-9	浏览	瀏覽	liú lǎn	2,3	V	浏览	瀏覽	to skim over; to browse
L7-2677	7-9	浏览器	瀏覽器	liú lǎn qì	2,3,4	N	浏览器	瀏覽器	browser (software)
L7-2678	7-9	留恋	留戀	liú liàn	2,4	V	留恋	留戀	reluctant to leave; to hate to have to go; to recall fondly
L7-2679	7-9	留念	留念	liú niàn	2,4	V	留念	留念	to keep as a souvenir; to recall fondly
L7-2680	7-9	留神	留神	liú shén	2,2		留神	留神	to take care; to be careful
L7-2681	7-9	留心	留心	liú xīn	2,1		留心	留心	to be careful; to pay attention to
L7-2682	7-9	留意	留意	liú yì	2,4		留意	留意	to be mindful; to pay attention to; to take note of
L7-2683	7-9	流畅	流暢	liú chàng	2,4	Adj	流畅	流暢	flowing (of speech, writing); fluent; smooth and easy
L7-2684	7-9	流程	流程	liú chéng	2,2	N	流程	流程	course; stream; sequence of processes; work flow in manufacturing
L7-2685	7-9	流浪	流浪	liú làng	2,4	V	流浪	流浪	to drift about; to wander; to roam; nomadic; homeless; unsettled (e.g. population); vagrant
L7-2686	7-9	流泪	流淚	liú lèi	2,4	V	流泪	流淚	to shed tears
L7-2687	7-9	流量	流量	liú liàng	2,4	N	流量	流量	flow rate; throughput of passengers; volume of traffic; (hydrology) discharge; data traffic; network traffic; website traffic; mobile data
L7-2688	7-9	流露	流露	liú lù	2,4	V	流露	流露	to reveal (indirectly, implicitly); to show (interest, contempt etc) by means of one's actions, tone of voice etc
L7-2689	7-9	流氓	流氓	liú máng	2,2	N	流氓	流氓	rogue; hoodlum; gangster; immoral behavior
L7-2690	7-9	流入	流入	liú rù	2,4		流入	流入	to flow into; inflow
L7-2691	7-9	流失	流失	liú shī	2,1	V	流失	流失	(of soil etc) to wash away; to be eroded; (fig.) (of talented staff, followers of a religious faith, investment funds etc) to go elsewhere; to fail to be retained
L7-2692	7-9	流水	流水	liú shuǐ	2,3	N	流水	流水	running water; (business) turnover
L7-2693	7-9	流淌	流淌	liú tǎng	2,3	V	流淌	流淌	to flow
L7-2694	7-9	流向	流向	liú xiàng	2,4	N	流向	流向	direction of a current; direction of flow; to flow toward
L7-2695	7-9	流血	流血	liú xuè	2,4	V	流血	流血	to bleed; to shed blood
L7-2696	7-9	流域	流域	liú yù	2,4	N	流域	流域	river basin; valley; drainage area
L7-2697	7-9	流转	流轉	liú zhuǎn	2,3	V	流转	流轉	to be on the move; to roam or wander; to circulate (of goods or capital)
L7-2698	7-9	柳树	柳樹	liǔ shù	3,4	N	柳树	柳樹	willow
L7-2699	7-9	遛	遛	liù	4	V	遛	遛	to stroll; to walk (an animal)
L7-2700	7-9	龙舟	龍舟	lóng zhōu	2,1	N	龙舟	龍舟	dragon boat; imperial boat
L7-2701	7-9	聋	聾	lóng	2	Adj	聋	聾	deaf
L7-2702	7-9	聋人	聾人	lóng rén	2,2	N	聋人	聾人	deaf person; hearing-impaired person
L7-2703	7-9	笼子	籠子	lóng zi	2,5	N	笼子	籠子	cage; basket; container
L7-2704	7-9	隆重	隆重	lóng zhòng	2,4	Adj	隆重	隆重	grand; prosperous; ceremonious; solemn
L7-2705	7-9	垄断	壟斷	lǒng duàn	3,4	V	垄断	壟斷	to monopolize
L7-2706	7-9	笼统	籠統	lǒng tǒng	3,3	Adj	笼统	籠統	general; broad; sweeping; lacking in detail; vague
L7-2707	7-9	笼罩	籠罩	lǒng zhào	3,4	V	笼罩	籠罩	to envelop; to shroud
L7-2708	7-9	搂	摟	lǒu	3	V	搂	摟	to hug; to embrace; to hold in one's arms
L7-2709	7-9	露面	露面	lòu miàn	4,4		露面	露面	to show one's face; to appear (in public)
L7-2710	7-9	芦花	蘆花	lú huā	2,1	N	芦花	蘆花	reed catkin; reed flower
L7-2711	7-9	炉灶	爐灶	lú zào	2,4	N	炉灶	爐灶	stove
L7-2712	7-9	炉子	爐子	lú zi	2,5	N	炉子	爐子	stove; oven; furnace
L7-2713	7-9	卤味	滷味	lǔ wèi	3,4	N	卤味	滷味	food prepared by stewing in soy sauce and spices
L7-2714	7-9	鲁莽	魯莽	lǔ mǎng	3,3	Adj	鲁莽	魯莽	hot-headed; impulsive; reckless
L7-2715	7-9	录制	錄製	lù zhì	4,4	V	录制	錄製	to record (video or audio)
L7-2716	7-9	鹿	鹿	lù	4	N	鹿	鹿	deer
L7-2717	7-9	路程	路程	lù chéng	4,2	N	路程	路程	route; path traveled; distance traveled; course (of development)
L7-2718	7-9	路灯	路燈	lù dēng	4,1	N	路灯	路燈	street lamp; street light
L7-2719	7-9	路段	路段	lù duàn	4,4	N	路段	路段	stretch of road; section of a highway or railway
L7-2720	7-9	路况	路況	lù kuàng	4,4	N	路况	路況	road condition(s) (e.g. surface, traffic flow etc)
L7-2721	7-9	路面	路面	lù miàn	4,4	N	路面	路面	road surface
L7-2722	7-9	路人	路人	lù rén	4,2	N	路人	路人	passer-by; stranger
L7-2723	7-9	路途	路途	lù tú	4,2	N	路途	路途	(lit. and fig.) road; path
L7-2724	7-9	路子	路子	lù zi	4,5	N	路子	路子	method; way; approach
L7-2725	7-9	露天	露天	lù tiān	4,1	N/Adj	露天	露天	outdoors; al fresco; in the open
L7-2726	7-9	旅程	旅程	lǚ chéng	3,2	N	旅程	旅程	journey; trip
L7-2727	7-9	旅途	旅途	lǚ tú	3,2	N	旅途	旅途	journey; trip
L7-2728	7-9	铝	鋁	lǚ	3	N	铝	鋁	aluminum (chemistry)
L7-2729	7-9	屡	屢	lǚ	3	Adv	屡	屢	time and again; repeatedly; frequently
L7-2730	7-9	屡次	屢次	lǚ cì	3,4	Adv	屡次	屢次	repeatedly; time and again
L7-2731	7-9	缕	縷	lǚ	3	M	缕	縷	strand; thread; detailed; in detail; classifier for wisps (of smoke, mist or vapor), strands, locks (of hair)
L7-2732	7-9	履行	履行	lǚ xíng	3,2	V	履行	履行	to fulfill (one's obligations); to carry out (a task); to implement (an agreement); to perform
L7-2733	7-9	率	率	lǜ	4	Suffix	率（成功率）	率（成功率）	(bound form) ratio; rate; proportion
L7-2734	7-9	绿灯	綠燈	lǜ dēng	4,1	N	绿灯	綠燈	green light (traffic signal); (fig.) permission to proceed
L7-2735	7-9	绿地	綠地	lǜ dì	4,4	N	绿地	綠地	green area (e.g. urban park or garden)
L7-2736	7-9	孪生	孿生	luán shēng	2,1	Adj	孪生	孿生	(adj.) twin
L7-2737	7-9	卵	卵	luǎn	3	N	卵	卵	egg; ovum; spawn; (coll.) testicles; (old) penis; (expletive) fucking
L7-2738	7-9	乱七八糟	亂七八糟	luàn qī bā zāo	4,1,1,1	Adj	乱七八糟	亂七八糟	(idiom) chaotic; in disorder; muddled
L7-2739	7-9	掠夺	掠奪	lüè duó	4,2	V	掠夺	掠奪	to plunder; to rob
L7-2740	7-9	略	略	lüè	4	V/Adj	略	略	brief; sketchy; outline; summary; to omit; (bound form before a single-character verb) a bit; somewhat; slightly; plan; strategy; to capture (territory)
L7-2741	7-9	略微	略微	lüè wēi	4,1	Adv	略微	略微	a little bit; slightly
L7-2742	7-9	抡	掄	lūn	1	V	抡	掄	to swing (one's arms, a heavy object); to wave (a sword, one's fists); to fling (money)
L7-2743	7-9	伦理	倫理	lún lǐ	2,3	N	伦理	倫理	ethics
L7-2744	7-9	轮换	輪換	lún huàn	2,4	V	轮换	輪換	to rotate; to take turns
L7-2745	7-9	轮廓	輪廓	lún kuò	2,4	N	轮廓	輪廓	outline; silhouette
L7-2746	7-9	轮流	輪流	lún liú	2,2	V	轮流	輪流	to alternate; to take turns
L7-2747	7-9	轮胎	輪胎	lún tāi	2,1	N	轮胎	輪胎	tire; pneumatic tire
L7-2748	7-9	论述	論述	lùn shù	4,4	V	论述	論述	treatise; discourse; exposition
L7-2749	7-9	论坛	論壇	lùn tán	4,2	N	论坛	論壇	forum (for discussion)
L7-2750	7-9	论证	論證	lùn zhèng	4,4	V	论证	論證	to prove a point; to expound on; to demonstrate or prove (through argument); proof
L7-2751	7-9	罗	羅	luó	2	N/V	罗	羅	gauze; to collect; to gather; to catch; to sift
L7-2752	7-9	萝卜	蘿蔔	luó bo	2,5	N	萝卜	蘿蔔	radish (Raphanus sativus), esp. daikon; CL:根[gen1]
L7-2753	7-9	螺丝	螺絲	luó sī	2,1	N	螺丝	螺絲	screw
L7-2754	7-9	裸	裸	luǒ	3	V	裸	裸	naked
L7-2755	7-9	裸露	裸露	luǒ lù	3,4	V	裸露	裸露	naked; bare; uncovered; exposed
L7-2756	7-9	络绎不绝	絡繹不絕	luò yì bù jué	4,4,4,2		络绎不绝	絡繹不絕	(idiom) continuously; in an endless stream
L7-2757	7-9	落差	落差	luò chā	4,1	N	落差	落差	drop in elevation; (fig.) gap (in wages, expectations etc); disparity
L7-2758	7-9	落地	落地	luò dì	4,4		落地	落地	to fall to the ground; to be set on the ground; to reach to the ground; (of a baby) to be born; (of a plane) to land; (fig.) to be implemented; to be put into practice
L7-2759	7-9	落户	落戶	luò hù	4,4		落户	落戶	to settle; to set up home
L7-2760	7-9	落下	落下	luò xià	4,4		落下	落下	to fall; to drop; to land (of projectile)
L7-2761	7-9	麻	麻	má	2	N	麻	麻	generic name for hemp, flax etc; hemp or flax fiber for textile materials; sesame; CL:縷|缕[lu:3]; (of materials) rough or coarse; pocked; pitted; to have pins and needles or tingling; to feel numb
L7-2762	7-9	麻	麻	má	2	Adj	麻	麻	generic name for hemp, flax etc; hemp or flax fiber for textile materials; sesame; CL:縷|缕[lu:3]; (of materials) rough or coarse; pocked; pitted; to have pins and needles or tingling; to feel numb
L7-2763	7-9	麻痹	麻痺	má bì	2,4	V	麻痹	麻痺	paralysis; palsy; numbness; to benumb; (fig.) to lull; negligent; apathetic
L7-2764	7-9	麻将	麻將	má jiàng	2,4	N	麻将	麻將	mahjong; CL:局[ju2],副[fu4]
L7-2765	7-9	麻辣	麻辣	má là	2,4	Adj	麻辣	麻辣	hot and numbing
L7-2766	7-9	麻木	麻木	má mù	2,4	Adj	麻木	麻木	numb; insensitive; apathetic
L7-2767	7-9	麻醉	麻醉	má zuì	2,4	V	麻醉	麻醉	anesthesia; to anesthetize; (fig.) to corrupt (sb's mind); to enervate; to numb the mind (to escape from harsh reality)
L7-2768	7-9	马后炮	馬後炮	mǎ hòu pào	3,4,4	N	马后炮	馬後炮|馬後砲	(Chinese chess) moving the cannon after moving the horse away; (fig.) a useless action or comment; sth done after it's too late
L7-2769	7-9	马虎	馬虎	mǎ hu	3,5	Adj	马虎	馬虎	careless; sloppy; negligent; skimpy
L7-2770	7-9	马力	馬力	mǎ lì	3,4	M	马力	馬力	horsepower
L7-2771	7-9	马桶	馬桶	mǎ tǒng	3,3	N	马桶	馬桶	chamber pot; wooden pan used as toilet; toilet bowl
L7-2772	7-9	马戏	馬戲	mǎ xì	3,4	N	马戏	馬戲	circus
L7-2773	7-9	码	碼	mǎ	3	V	码	碼	(archaic) agate; (bound form) standard weight used with a balance scale; number; (computing) code; (clothing) size; yard (unit of length); (coll.) kilometers per hour (informal misuse of "yard" to mean kph in speed references); (coll.) to pile up; to stack; classifier for matters, items, situations etc (esp. when indicating whether they are the same or different, as in 不是一碼事|不是一码事[bu4 shi4 yi1 ma3 shi4] "not the same thing"); (Tw, HK) (finance) unit of 25 basis points (i.e. a 0.25% change in interest rate)
L7-2774	7-9	码	碼	mǎ	3	M	码	碼	(archaic) agate; (bound form) standard weight used with a balance scale; number; (computing) code; (clothing) size; yard (unit of length); (coll.) kilometers per hour (informal misuse of "yard" to mean kph in speed references); (coll.) to pile up; to stack; classifier for matters, items, situations etc (esp. when indicating whether they are the same or different, as in 不是一碼事|不是一码事[bu4 shi4 yi1 ma3 shi4] "not the same thing"); (Tw, HK) (finance) unit of 25 basis points (i.e. a 0.25% change in interest rate)
L7-2775	7-9	埋藏	埋藏	mái cáng	2,2	V	埋藏	埋藏	to bury; to hide by burying; hidden
L7-2776	7-9	埋伏	埋伏	mái fú	2,2	V	埋伏	埋伏	to ambush; to lie in wait for; to lie low; ambush
L7-2777	7-9	埋没	埋沒	mái mò	2,4	V	埋没	埋沒	to engulf; to bury; to overlook; to stifle; to neglect; to fall into oblivion
L7-2778	7-9	买不起	買不起	mǎi bu qǐ	3,5,3		买不起	買不起	cannot afford; can't afford buying
L7-2779	7-9	迈	邁	mài	4	V	迈	邁	to step; to stride; (bound form) old; elderly; (loanword) mile (esp. in expressions of vehicle speed)
L7-2780	7-9	迈进	邁進	mài jìn	4,4	V	迈进	邁進	to step in; to stride forward; to forge ahead
L7-2781	7-9	卖弄	賣弄	mài nong	4,5	V	卖弄	賣弄	to show off; to make a display of
L7-2782	7-9	脉搏	脈搏	mài bó	4,2	N	脉搏	脈搏	pulse (both medical and figurative)
L7-2783	7-9	脉络	脈絡	mài luò	4,4	N	脉络	脈絡	arteries and veins; network of blood vessels; vascular system (of a plant or animal); (fig.) fabric (i.e. underlying structure, as in "social fabric"); overall context
L7-2784	7-9	埋怨	埋怨	mán yuàn	2,4	V	埋怨	埋怨	to complain; to grumble (about); to reproach; to blame
L7-2785	7-9	蛮	蠻	mán	2	Adv	蛮	蠻	barbarian; bullying; very; quite; rough; reckless
L7-2786	7-9	瞒	瞞	mán	2	V	瞒	瞞	to conceal from; to keep (sb) in the dark
L7-2787	7-9	满怀	滿懷	mǎn huái	3,2	V	满怀	滿懷	to have one's heart filled with; (to collide) full on; (of farm animals) heavy with young
L7-2788	7-9	蔓延	蔓延	màn yán	4,2	V	蔓延	蔓延	to extend; to spread
L7-2789	7-9	漫	漫	màn	4	V	漫	漫	free; unrestrained; to inundate
L7-2790	7-9	漫游	漫遊	màn yóu	4,2	V	漫游	漫遊	to travel around; to roam; (mobile telephony) roaming
L7-2791	7-9	慢慢来	慢慢來	màn màn lái	4,4,2		慢慢来	慢慢來	take your time; take it easy
L7-2792	7-9	慢性	慢性	màn xìng	4,4	Adj	慢性	慢性	slow and patient; chronic (disease); slow to take effect (e.g. a slow poison)
L7-2793	7-9	忙活	忙活	máng huo	2,5	V	忙活	忙活	to be really busy; pressing business
L7-2794	7-9	忙碌	忙碌	máng lù	2,4	Adj	忙碌	忙碌	busy; bustling
L7-2795	7-9	忙乱	忙亂	máng luàn	2,4	Adj	忙乱	忙亂	rushed and muddled
L7-2796	7-9	盲目	盲目	máng mù	2,4	Adj	盲目	盲目	(fig.) (of one's actions) blind; unthinking
L7-2797	7-9	茫然	茫然	máng rán	2,2	Adj	茫然	茫然	blankly; vacantly; at a loss
L7-2798	7-9	矛头	矛頭	máo tóu	2,2	N	矛头	矛頭	spearhead; barb; an attack or criticism
L7-2799	7-9	茅台	茅臺	máo tái	2,2	N	茅台（酒）	茅臺（酒）	maotai liquor 茅臺酒|茅台酒[mao2 tai2 jiu3]
L7-2800	7-9	茂密	茂密	mào mì	4,4	Adj	茂密	茂密	dense (of plant growth); lush
L7-2801	7-9	茂盛	茂盛	mào shèng	4,4	Adj	茂盛	茂盛	lush
L7-2802	7-9	冒充	冒充	mào chōng	4,1	V	冒充	冒充	to feign; to pretend to be; to pass oneself off as
L7-2803	7-9	冒犯	冒犯	mào fàn	4,4	V	冒犯	冒犯	to offend
L7-2804	7-9	冒昧	冒昧	mào mèi	4,4	Adj	冒昧	冒昧	bold; presumptuous; to take the liberty of
L7-2805	7-9	冒险	冒險	mào xiǎn	4,3		冒险	冒險	to take risks; to take chances; foray; adventure
L7-2806	7-9	没劲	沒勁	méi jìn	2,4	Adj	没劲	沒勁	to have no strength; to feel weak; exhausted; feeling listless; boring; of no interest
L7-2807	7-9	没说的	沒說的	méi shuō de	2,1,5		没说的	沒說的	(coll.) nothing to pick on; really good; (coll.) nothing to discuss; settled matter; no problem
L7-2808	7-9	没完没了	沒完沒了	méi wán méi liǎo	2,2,2,3		没完没了	沒完沒了	without end; incessantly; on and on
L7-2809	7-9	没意思	沒意思	méi yì si	2,4,5		没意思	沒意思	boring; of no interest
L7-2810	7-9	没辙	沒轍	méi zhé	2,2		没辙	沒轍	at one's wit's end; unable to find a way out
L7-2811	7-9	没准儿	沒準兒	méi zhǔn r	2,3,5		没准儿	沒準兒	erhua variant of 沒準|没准[mei2 zhun3]
L7-2812	7-9	玫瑰	玫瑰	méi guī	2,1	N	玫瑰	玫瑰	rugosa rose (shrub) (Rosa rugosa) (CL:棵[ke1]); rose flower (CL:朵[duo3])
L7-2813	7-9	枚	枚	méi	2	M	枚	枚	classifier for small objects: coins, badges, rings, carved seals, chess pieces, eggs, fingerprints etc (more formal than 個|个[ge4]); classifier for bombs, missiles, satellites etc; (on product packaging) classifier for flat items (from Japanese 枚 "mai"); (old) stick used as a gag to prevent soldiers from talking while sneaking up on the enemy
L7-2814	7-9	眉开眼笑	眉開眼笑	méi kāi yǎn xiào	2,1,3,4		眉开眼笑	眉開眼笑	brows raised in delight, eyes laughing (idiom); beaming with joy; all smiles
L7-2815	7-9	眉毛	眉毛	méi mao	2,5	N	眉毛	眉毛	eyebrow; CL:根[gen1]
L7-2816	7-9	煤矿	煤礦	méi kuàng	2,4	N	煤矿	煤礦	coal mine; coal seam
L7-2817	7-9	煤炭	煤炭	méi tàn	2,4	N	煤炭	煤炭	coal
L7-2818	7-9	每当	每當	měi dāng	3,1	Prep	每当	每當	whenever; every time
L7-2819	7-9	每逢	每逢	měi féng	3,2	V	每逢	每逢	every time; on each occasion; whenever
L7-2820	7-9	美德	美德	měi dé	3,2	N	美德	美德	virtue
L7-2821	7-9	美观	美觀	měi guān	3,1	Adj	美观	美觀	pleasing to the eye; beautiful; artistic
L7-2822	7-9	美化	美化	měi huà	3,4	V	美化	美化	to make more beautiful; to decorate; embellishment
L7-2823	7-9	美景	美景	měi jǐng	3,3	N	美景	美景	beautiful scenery
L7-2824	7-9	美满	美滿	měi mǎn	3,3	Adj	美满	美滿	happy; blissful
L7-2825	7-9	美妙	美妙	měi miào	3,4	Adj	美妙	美妙	beautiful; wonderful; splendid
L7-2826	7-9	美人	美人	měi rén	3,2	N	美人	美人	beautiful woman; belle
L7-2827	7-9	美味	美味	měi wèi	3,4	N	美味	美味	delicious; delicious food; delicacy
L7-2828	7-9	美中不足	美中不足	měi zhōng bù zú	3,1,4,2		美中不足	美中不足	everything is fine except for one small defect (idiom); the fly in the ointment
L7-2829	7-9	美滋滋	美滋滋	měi zī zī	3,1,1	Adj	美滋滋	美滋滋	very happy; elated
L7-2830	7-9	魅力	魅力	mèi lì	4,4	N	魅力	魅力	charm; fascination; glamor; charisma
L7-2831	7-9	闷	悶	mēn	1	Adj/V	闷	悶	stuffy; shut indoors; to smother; to cover tightly
L7-2832	7-9	门当户对	門當戶對	mén dāng hù duì	2,1,4,4		门当户对	門當戶對	the families are well-matched in terms of social status (idiom); (of a prospective marriage partner) an appropriate match
L7-2833	7-9	门槛	門檻	mén kǎn	2,3	N	门槛	門檻	doorstep; sill; threshold; fig. knack or trick (esp. scheme to get sth cheaper)
L7-2834	7-9	门铃	門鈴	mén líng	2,2	N	门铃	門鈴	doorbell
L7-2835	7-9	门路	門路	mén lù	2,4	N	门路	門路	way of doing sth; the right social connection
L7-2836	7-9	闷	悶	mèn	4	Adj	闷	悶	bored; depressed; melancholy; sealed; airtight; tightly closed
L7-2837	7-9	萌发	萌發	méng fā	2,1	V	萌发	萌發	to sprout; to shoot; to bud
L7-2838	7-9	萌芽	萌芽	méng yá	2,2	V/N	萌芽	萌芽	(of a seed) to germinate; (of a plant) to sprout; to bud; sprout; bud; (also used figuratively)
L7-2839	7-9	盟友	盟友	méng yǒu	2,3	N	盟友	盟友	ally
L7-2840	7-9	朦胧	朦朧	méng lóng	2,2	Adj	朦胧	朦朧	(literary) (of moonlight) dim; (literary) murky; indistinct
L7-2841	7-9	猛烈	猛烈	měng liè	3,4	Adj	猛烈	猛烈	fierce; violent; vigorous; intense
L7-2842	7-9	猛然	猛然	měng rán	3,2	Adv	猛然	猛然	suddenly; abruptly
L7-2843	7-9	梦幻	夢幻	mèng huàn	4,4	N	梦幻	夢幻	dream; illusion; reverie
L7-2844	7-9	弥补	彌補	mí bǔ	2,3	V	弥补	彌補	to complement; to make up for a deficiency
L7-2845	7-9	弥漫	彌漫	mí màn	2,4	V	弥漫	彌漫	to pervade; to fill the air; diffuse; everywhere present; about to inundate (water); permeated by (smoke); filled with (dust); to saturate (the air with fog, smoke etc)
L7-2846	7-9	迷惑	迷惑	mí huo	2,5	Adj/V	迷惑	迷惑	to puzzle; to confuse; to baffle
L7-2847	7-9	迷惑不解	迷惑不解	mí huò bù jiě	2,4,4,3		迷惑不解	迷惑不解	to feel puzzled
L7-2848	7-9	迷恋	迷戀	mí liàn	2,4	V	迷恋	迷戀	to be infatuated with; to be enchanted by; to be passionate about
L7-2849	7-9	迷路	迷路	mí lù	2,4		迷路	迷路	to lose the way; lost; labyrinth; labyrinthus vestibularis (of the inner ear)
L7-2850	7-9	迷失	迷失	mí shī	2,1	V	迷失	迷失	to get lost; to lose one's bearings
L7-2851	7-9	谜	謎	mí	2	N	谜	謎	riddle
L7-2852	7-9	谜底	謎底	mí dǐ	2,3	N	谜底	謎底	answer to a riddle
L7-2853	7-9	谜团	謎團	mí tuán	2,2	N	谜团	謎團	riddle; enigma; unpredictable situation; elusive matters
L7-2854	7-9	谜语	謎語	mí yǔ	2,3	N	谜语	謎語	riddle; conundrum; CL:條|条[tiao2]
L7-2855	7-9	秘方	祕方	mì fāng	4,1	N	秘方	祕方	secret recipe
L7-2856	7-9	秘诀	秘訣	mì jué	4,2	N	秘诀	秘訣	secret know-how; key (to longevity); secret (of happiness); recipe (for success)
L7-2857	7-9	密不可分	密不可分	mì bù kě fēn	4,4,3,1		密不可分	密不可分	inextricably linked (idiom); inseparable
L7-2858	7-9	密度	密度	mì dù	4,4	N	密度	密度	density; concentration
L7-2859	7-9	密封	密封	mì fēng	4,1	V	密封	密封	to seal up
L7-2860	7-9	密集	密集	mì jí	4,2	V/Adj	密集	密集	concentrated; crowded together; intensive; compressed
L7-2861	7-9	蜜	蜜	mì	4	N	蜜	蜜	honey
L7-2862	7-9	蜜蜂	蜜蜂	mì fēng	4,1	N	蜜蜂	蜜蜂	bee; honeybee; CL:隻|只[zhi1],群[qun2]
L7-2863	7-9	蜜月	蜜月	mì yuè	4,4	N	蜜月	蜜月	honeymoon
L7-2864	7-9	棉花	棉花	mián hua	2,5	N	棉花	棉花	cotton
L7-2865	7-9	免	免	miǎn	3	V	免	免	to excuse sb; to exempt; to remove or dismiss from office; to avoid; to avert; to escape; to be prohibited
L7-2866	7-9	免不了	免不了	miǎn bù liǎo	3,4,3	V	免不了	免不了	unavoidable; can't be avoided
L7-2867	7-9	免除	免除	miǎn chú	3,2	V	免除	免除	to prevent; to avoid; to excuse; to exempt; to relieve; (of a debt) to remit
L7-2868	7-9	免疫	免疫	miǎn yì	3,4	V	免疫	免疫	immunity (to disease)
L7-2869	7-9	免职	免職	miǎn zhí	3,2		免职	免職	to relieve sb of his post; to sack; to demote; dismissal; sacking
L7-2870	7-9	勉强	勉強	miǎn qiǎng	3,3	Adj/V	勉强	勉強	to do with difficulty; to force sb to do sth; reluctant; barely enough
L7-2871	7-9	缅怀	緬懷	miǎn huái	3,2	V	缅怀	緬懷	to commemorate; to recall fondly; to think of the past
L7-2872	7-9	面部	面部	miàn bù	4,4	N	面部	面部	face (body part)
L7-2873	7-9	面粉	麵粉	miàn fěn	4,3	N	面粉	麵粉	flour
L7-2874	7-9	面红耳赤	面紅耳赤	miàn hóng ěr chì	4,2,3,4		面红耳赤	面紅耳赤	flushed with anger (or excitement)
L7-2875	7-9	面面俱到	面面俱到	miàn miàn jù dào	4,4,4,4		面面俱到	面面俱到	(idiom) take care of everything; handle everything
L7-2876	7-9	面目全非	面目全非	miàn mù quán fēi	4,4,2,1		面目全非	面目全非	nothing remains the same (idiom); change beyond recognition
L7-2877	7-9	苗	苗	miáo	2	N	苗	苗	sprout
L7-2878	7-9	苗条	苗條	miáo tiao	2,5	Adj	苗条	苗條	(of a woman) slim; slender; graceful
L7-2879	7-9	苗头	苗頭	miáo tou	2,5	N	苗头	苗頭	first signs; development (of a situation)
L7-2880	7-9	描绘	描繪	miáo huì	2,4	V	描绘	描繪	to describe; to depict; to portray
L7-2881	7-9	瞄准	瞄準	miáo zhǔn	2,3		瞄准	瞄準	to take aim at; to target
L7-2882	7-9	渺小	渺小	miǎo xiǎo	3,3	Adj	渺小	渺小	minute; tiny; negligible; insignificant
L7-2883	7-9	庙	廟	miào	4	N	庙	廟	temple; ancestral shrine; CL:座[zuo4]; temple fair; great imperial hall; imperial
L7-2884	7-9	庙会	廟會	miào huì	4,4	N	庙会	廟會	temple fair
L7-2885	7-9	灭绝	滅絕	miè jué	4,2	V	灭绝	滅絕	to become extinct; to die out; to lose (sth abstract) completely; to exterminate
L7-2886	7-9	灭亡	滅亡	miè wáng	4,2	V	灭亡	滅亡	to be destroyed; to become extinct; to perish; to die out; to destroy; to exterminate
L7-2887	7-9	民办	民辦	mín bàn	2,4	Adj	民办	民辦	run by the local people; privately operated
L7-2888	7-9	民俗	民俗	mín sú	2,2	N	民俗	民俗	popular custom
L7-2889	7-9	民用	民用	mín yòng	2,4	Adj	民用	民用	(for) civilian use
L7-2890	7-9	民众	民眾	mín zhòng	2,4	N	民众	民眾	the populace; the masses; the common people
L7-2891	7-9	敏捷	敏捷	mǐn jié	3,2	Adj	敏捷	敏捷	nimble; quick; shrewd
L7-2892	7-9	敏锐	敏銳	mǐn ruì	3,4	Adj	敏锐	敏銳	keen; sharp; acute
L7-2893	7-9	名副其实	名副其實	míng fù qí shí	2,4,2,2		名副其实	名副其實	not just in name only, but also in reality (idiom); aptly named; worthy of the name
L7-2894	7-9	名贵	名貴	míng guì	2,4	Adj	名贵	名貴	famous and valuable; rare; precious
L7-2895	7-9	名利	名利	míng lì	2,4	N	名利	名利	fame and profit
L7-2896	7-9	名气	名氣	míng qi	2,5	N	名气	名氣	reputation; fame
L7-2897	7-9	名声	名聲	míng shēng	2,1	N	名声	名聲	reputation
L7-2898	7-9	名言	名言	míng yán	2,2	N	名言	名言	saying; famous remark
L7-2899	7-9	名著	名著	míng zhù	2,4	N	名著	名著	masterpiece
L7-2900	7-9	明朗	明朗	míng lǎng	2,3	Adj	明朗	明朗	bright; clear; obvious; forthright; open-minded; bright and cheerful
L7-2901	7-9	明媚	明媚	míng mèi	2,4	Adj	明媚	明媚	bright and beautiful
L7-2902	7-9	明智	明智	míng zhì	2,4	Adj	明智	明智	sensible; wise; judicious; sagacious
L7-2903	7-9	铭记	銘記	míng jì	2,4	V	铭记	銘記	to engrave in one's memory
L7-2904	7-9	命	命	mìng	4	V	命	命	life; fate; order or command; to assign a name, title etc
L7-2905	7-9	命名	命名	mìng míng	4,2		命名	命名	to give a name to; to dub; to christen; to designate; named after; naming
L7-2906	7-9	命题	命題	mìng tí	4,2		命题	命題	proposition (logic, math.); to assign an essay topic
L7-2907	7-9	摸索	摸索	mō suo	1,5	V	摸索	摸索	to feel about; to grope about; to fumble; to do things slowly
L7-2908	7-9	模拟	模擬	mó nǐ	2,3	V	模拟	模擬	imitation; to simulate; to imitate; analog (device, as opposed to digital)
L7-2909	7-9	磨合	磨合	mó hé	2,2	V	磨合	磨合	to break in; to wear in
L7-2910	7-9	磨难	磨難	mó nàn	2,4	N	磨难	磨難	a torment; a trial; tribulation; a cross (to bear); well-tried
L7-2911	7-9	磨损	磨損	mó sǔn	2,3	V	磨损	磨損	to suffer wear and tear; to deteriorate through use; to wear out
L7-2912	7-9	蘑菇	蘑菇	mó gu	2,5	N	蘑菇	蘑菇	mushroom; to pester; to dawdle
L7-2913	7-9	魔鬼	魔鬼	mó guǐ	2,3	N	魔鬼	魔鬼	devil
L7-2914	7-9	魔术	魔術	mó shù	2,4	N	魔术	魔術	magic
L7-2915	7-9	抹	抹	mǒ	3	V	抹	抹	to smear; to wipe; to erase; classifier for wisps of cloud, light-beams etc
L7-2916	7-9	末日	末日	mò rì	4,4	N	末日	末日	last day; end; final days; doomsday
L7-2917	7-9	没落	沒落	mò luò	4,4	V	没落	沒落	to decline; to wane
L7-2918	7-9	陌生	陌生	mò shēng	4,1	Adj	陌生	陌生	strange; unfamiliar
L7-2919	7-9	莫非	莫非	mò fēi	4,1	Adv	莫非	莫非	can it be possible that; could it be
L7-2920	7-9	莫过于	莫過於	mò guò yú	4,4,2	V	莫过于	莫過於	nothing can surpass
L7-2921	7-9	莫名其妙	莫名其妙	mò míng qí miào	4,2,2,4		莫名其妙	莫名其妙	(idiom) baffling; bizarre; without rhyme or reason; inexplicable
L7-2922	7-9	漠然	漠然	mò rán	4,2	Adj	漠然	漠然	indifferent; apathetic; cold
L7-2923	7-9	墨	墨	mò	4	N	墨	墨	ink stick; China ink; CL:塊|块[kuai4]; corporal punishment consisting of tattooing characters on the victim's forehead
L7-2924	7-9	默读	默讀	mò dú	4,2	V	默读	默讀	to read in silence
L7-2925	7-9	默默无闻	默默無聞	mò mò wú wén	4,4,2,2		默默无闻	默默無聞	(idiom) unknown; unrenowned
L7-2926	7-9	默契	默契	mò qì	4,4	Adj/N	默契	默契	tacit understanding; unwritten agreement; rapport; (of people) in sync; well coordinated
L7-2927	7-9	谋害	謀害	móu hài	2,4	V	谋害	謀害	to conspire to murder; to plot against sb's life
L7-2928	7-9	谋求	謀求	móu qiú	2,2	V	谋求	謀求	to seek; to strive for
L7-2929	7-9	谋生	謀生	móu shēng	2,1	V	谋生	謀生	to seek one's livelihood; to work to support oneself; to earn a living
L7-2930	7-9	牡丹	牡丹	mǔ dan	3,5	N	牡丹	牡丹	tree peony (Paeonia suffruticosa)
L7-2931	7-9	亩	畝	mǔ	3	M	亩	畝	classifier for fields; unit of area equal to one fifteenth of a hectare
L7-2932	7-9	木板	木板	mù bǎn	4,3	N	木板	木板	slab; board; plank; CL:張|张[zhang1],塊|块[kuai4]
L7-2933	7-9	木材	木材	mù cái	4,2	N	木材	木材	wood
L7-2934	7-9	木匠	木匠	mù jiàng	4,4	N	木匠	木匠	carpenter
L7-2935	7-9	木偶	木偶	mù ǒu	4,3	N	木偶	木偶	puppet
L7-2936	7-9	目不转睛	目不轉睛	mù bù zhuǎn jīng	4,4,3,1		目不转睛	目不轉睛	unable to take one's eyes off (idiom); to gaze steadily; to stare
L7-2937	7-9	目瞪口呆	目瞪口呆	mù dèng kǒu dāi	4,4,3,1		目瞪口呆	目瞪口呆	(idiom) dumbstruck; stupefied; stunned
L7-2938	7-9	目的地	目的地	mù dì dì	4,4,4	N	目的地	目的地	destination (location)
L7-2939	7-9	目睹	目睹	mù dǔ	4,3	V	目睹	目睹	to witness; to see at first hand; to see with one's own eyes
L7-2940	7-9	目录	目錄	mù lù	4,4	N	目录	目錄	catalog; table of contents; directory (on computer hard drive); list; contents
L7-2941	7-9	目中无人	目中無人	mù zhōng wú rén	4,1,2,2		目中无人	目中無人	to consider everyone else beneath one (idiom); so arrogant that no-one else matters; condescending; to go about with one's nose in the air
L7-2942	7-9	沐浴露	沐浴露	mù yù lù	4,4,4	N	沐浴露	沐浴露	shower gel
L7-2943	7-9	牧场	牧場	mù chǎng	4,3	N	牧场	牧場	pasture; grazing land; ranch
L7-2944	7-9	牧民	牧民	mù mín	4,2	N	牧民	牧民	herdsman
L7-2945	7-9	募捐	募捐	mù juān	4,1		募捐	募捐	to solicit contributions; to collect donations
L7-2946	7-9	墓碑	墓碑	mù bēi	4,1	N	墓碑	墓碑	gravestone; tombstone
L7-2947	7-9	墓地	墓地	mù dì	4,4	N	墓地	墓地	cemetery; graveyard
L7-2948	7-9	幕	幕	mù	4	N	幕	幕	curtain or screen; canopy or tent; headquarters of a general; act (of a play)
L7-2949	7-9	幕后	幕後	mù hòu	4,4	N	幕后	幕後	behind the scenes
L7-2950	7-9	穆斯林	穆斯林	Mù sī lín	4,1,2	N	穆斯林	穆斯林	Muslim
L7-2951	7-9	拿手	拿手	ná shǒu	2,3	Adj	拿手	拿手	expert in; good at
L7-2952	7-9	哪知道	哪知道	nǎ zhī dào	3,1,4		哪知道	哪知道	who would have thought that ...?
L7-2953	7-9	呐喊	吶喊	nà hǎn	4,3	V	呐喊	吶喊	shout; rallying cry; cheering; to shout
L7-2954	7-9	纳闷儿	納悶兒	nà mèn r	4,4,5		纳闷儿	納悶兒	erhua variant of 納悶|纳闷[na4 men4]
L7-2955	7-9	纳入	納入	nà rù	4,4	V	纳入	納入	to bring into; to channel into; to integrate into; to incorporate
L7-2956	7-9	纳税	納稅	nà shuì	4,4		纳税	納稅	to pay taxes
L7-2957	7-9	纳税人	納稅人	nà shuì rén	4,4,2	N	纳税人	納稅人	taxpayer
L7-2958	7-9	乃	乃	nǎi	3	Adv	乃	乃	to be; thus; so; therefore; then; only; thereupon
L7-2959	7-9	乃至	乃至	nǎi zhì	3,4	Conj	乃至	乃至	and even; to go so far as to
L7-2960	7-9	耐	耐	nài	4	V	耐	耐	(bound form) to bear; to endure; to withstand
L7-2961	7-9	耐人寻味	耐人尋味	nài rén xún wèi	4,2,2,4		耐人寻味	耐人尋味	(idiom) thought-provoking; to provide food for thought
L7-2962	7-9	耐性	耐性	nài xìng	4,4	N	耐性	耐性	patience
L7-2963	7-9	南瓜	南瓜	nán guā	2,1	N	南瓜	南瓜	pumpkin
L7-2964	7-9	难处	難處	nán chu	2,5	N	难处	難處	trouble; difficulty; problem
L7-2965	7-9	难得一见	難得一見	nán dé yī jiàn	2,2,1,4		难得一见	難得一見	rarely seen
L7-2966	7-9	难点	難點	nán diǎn	2,3	N	难点	難點	difficulty
L7-2967	7-9	难怪	難怪	nán guài	2,4	Adv/V	难怪	難怪	(it's) no wonder (that...); (it's) not surprising (that)
L7-2968	7-9	难关	難關	nán guān	2,1	N	难关	難關	difficulty; crisis
L7-2969	7-9	难堪	難堪	nán kān	2,1	V/Adj	难堪	難堪	hard to take; embarrassed
L7-2970	7-9	难说	難說	nán shuō	2,1	V	难说	難說	hard to tell (i.e. hard to judge or hard to predict); cannot bring oneself to say it
L7-2971	7-9	难为情	難為情	nán wéi qíng	2,2,2	Adj	难为情	難為情	embarrassed
L7-2972	7-9	难以想象	難以想象	nányǐ-xiǎngxiàng			难以想象	難以想象	hard to imagine
L7-2973	7-9	难以置信	難以置信	nán yǐ zhì xìn	2,3,4,4		难以置信	難以置信	(idiom) hard to believe; incredible
L7-2974	7-9	挠	撓	náo	2	V	挠	撓	to scratch; to thwart; to yield
L7-2975	7-9	恼羞成怒	惱羞成怒	nǎo xiū chéng nù	3,1,2,4		恼羞成怒	惱羞成怒	(idiom) to become enraged over a perceived humiliation
L7-2976	7-9	脑海	腦海	nǎo hǎi	3,3	N	脑海	腦海	the mind; the brain
L7-2977	7-9	脑筋	腦筋	nǎo jīn	3,1	N	脑筋	腦筋	brains; mind; head; way of thinking
L7-2978	7-9	闹事	鬧事	nào shì	4,4		闹事	鬧事	to cause trouble; to create a disturbance
L7-2979	7-9	闹着玩儿	鬧著玩兒	nào zhe wán r	4,5,2,5		闹着玩儿	鬧著玩兒	to play games; to joke around; to play a joke on sb
L7-2980	7-9	内存	內存	nèi cún	4,2	N	内存	內存	internal storage; computer memory; random access memory (RAM)
L7-2981	7-9	内阁	內閣	nèi gé	4,2	N	内阁	內閣	(government) cabinet
L7-2982	7-9	内涵	內涵	nèi hán	4,2	N	内涵	內涵	meaningful content; implication; (semantics) connotation; inner qualities (of a person)
L7-2983	7-9	内行	內行	nèi háng	4,2	Adj	内行	內行	expert; adept; experienced; an expert; a professional
L7-2984	7-9	内幕	內幕	nèi mù	4,4	N	内幕	內幕	inside story; non-public information; behind the scenes; internal
L7-2985	7-9	内向	內向	nèi xiàng	4,4	Adj	内向	內向	reserved (personality); introverted; (economics etc) domestic-oriented
L7-2986	7-9	内需	內需	nèi xū	4,1	N	内需	內需	domestic demand
L7-2987	7-9	嫩	嫩	nèn	4	Adj	嫩	嫩	young and tender; (of food) tender; lightly cooked; (of color) light; (of a person) inexperienced; unskilled
L7-2988	7-9	能耗	能耗	néng hào	2,4	N	能耗	能耗	energy consumption
L7-2989	7-9	能耐	能耐	néng nài	2,4	N/Adj	能耐	能耐	ability; capability
L7-2990	7-9	能人	能人	néng rén	2,2	N	能人	能人	capable person; Homo habilis, extinct species of upright East African hominid
L7-2991	7-9	能源	能源	néng yuán	2,2	N	能源	能源	energy sources; energy
L7-2992	7-9	尼龙	尼龍	ní lóng	2,2	N	尼龙	尼龍	(loanword) nylon
L7-2993	7-9	泥潭	泥潭	ní tán	2,2	N	泥潭	泥潭	quagmire
L7-2994	7-9	泥土	泥土	ní tǔ	2,3	N	泥土	泥土	earth; soil; mud; clay
L7-2995	7-9	拟	擬	nǐ	3	V	拟	擬	to plan to; to draft (a plan); to imitate; to assess; to compare; pseudo-
L7-2996	7-9	拟定	擬定	nǐ dìng	3,4	V	拟定	擬定	to draw up; to draft; to formulate
L7-2997	7-9	逆	逆	nì	4	V	逆	逆	contrary; opposite; backwards; to go against; to oppose; to betray; to rebel
L7-2998	7-9	匿名	匿名	nì míng	4,2	V	匿名	匿名	anonymous
L7-2999	7-9	年画	年畫	nián huà	2,4	N	年画	年畫	New Year (Spring Festival) picture
L7-3000	7-9	年迈	年邁	nián mài	2,4	Adj	年迈	年邁	old; aged
L7-3001	7-9	年限	年限	nián xiàn	2,4	N	年限	年限	age limit; fixed number of years
L7-3002	7-9	年薪	年薪	nián xīn	2,1	N	年薪	年薪	annual salary
L7-3003	7-9	年夜饭	年夜飯	nián yè fàn	2,4,4	N	年夜饭	年夜飯	reunion dinner on Lunar New Year's Eve (Chinese New Year tradition)
L7-3004	7-9	年终	年終	nián zhōng	2,1	N	年终	年終	end of the year
L7-3005	7-9	黏	黏	nián	2	Adj	黏	黏	sticky; glutinous; (Tw) to adhere; to stick on; to glue
L7-3006	7-9	念念不忘	念念不忘	niàn niàn bù wàng	4,4,4,4		念念不忘	念念不忘	to keep in mind constantly (idiom)
L7-3007	7-9	念书	念書	niàn shū	4,1		念书	念書	to read; to study; to attend school
L7-3008	7-9	念头	念頭	niàn tou	4,5	N	念头	念頭	thought; idea; intention
L7-3009	7-9	娘	娘	niáng	2	N	娘	娘	mother; young lady; (coll.) effeminate
L7-3010	7-9	酿造	釀造	niàng zào	4,4	V	酿造	釀造	to brew; to make (wine, vinegar, soybean paste etc) by fermentation
L7-3011	7-9	鸟巢	鳥巢	niǎo cháo	3,2	N	鸟巢	鳥巢	bird's nest; nickname for Beijing 2008 Olympic stadium
L7-3012	7-9	尿	尿	niào	4	V/N	尿	尿	to urinate; urine; CL:泡[pao1]
L7-3013	7-9	捏	捏	niē	1	V	捏	捏	to hold between the thumb and fingers; to pinch; to mold (using the fingers); to hold (lit. in one's hand and fig.); to join together; to fabricate (a story, a report, etc)
L7-3014	7-9	拧	擰	níng	2	V	拧	擰	to pinch; wring
L7-3015	7-9	凝固	凝固	níng gù	2,4	V	凝固	凝固	to freeze; to solidify; to congeal; fig. with rapt attention
L7-3016	7-9	凝聚	凝聚	níng jù	2,4	V	凝聚	凝聚	to condense; to coagulate; coacervation (i.e. form tiny droplets); aggregation; coherent
L7-3017	7-9	拧	擰	nǐng	3	V	拧	擰	mistake; to twist
L7-3018	7-9	宁可	寧可	nìng kě	4,3	Adv	宁可	寧可	preferably; one would prefer to...(or not to...); would rather; (would) be better to; (to pick) the lesser of two evils
L7-3019	7-9	宁愿	寧願	nìng yuàn	4,4	Adv	宁愿	寧願	would rather ... (than ...)
L7-3020	7-9	扭曲	扭曲	niǔ qū	3,1	V	扭曲	扭曲	to twist; to warp; to distort
L7-3021	7-9	扭头	扭頭	niǔ tóu	3,2		扭头	扭頭	to turn one's head; to turn around
L7-3022	7-9	扭转	扭轉	niǔ zhuǎn	3,3	V	扭转	扭轉	to reverse; to turn around (an undesirable situation); (mechanics) torsion
L7-3023	7-9	纽带	紐帶	niǔ dài	3,4	N	纽带	紐帶	tie; link; bond
L7-3024	7-9	纽扣	紐扣	niǔ kòu	3,4	N	纽扣	紐扣	button
L7-3025	7-9	农场	農場	nóng chǎng	2,3	N	农场	農場	farm
L7-3026	7-9	农历	農曆	nóng lì	2,4	N	农历	農曆	the traditional Chinese calendar; the lunar calendar
L7-3027	7-9	农民工	農民工	nóng mín gōng	2,2,1	N	农民工	農民工	migrant worker (who moved from a rural area of China to a city to find work)
L7-3028	7-9	农作物	農作物	nóng zuò wù	2,4,4	N	农作物	農作物	(farm) crops
L7-3029	7-9	浓厚	濃厚	nóng hòu	2,4	Adj	浓厚	濃厚	dense; thick (fog, clouds etc); to have a strong interest in; deep; fully saturated (color)
L7-3030	7-9	浓缩	濃縮	nóng suō	2,1	V	浓缩	濃縮	to concentrate; to condense; (nuclear energy) to enrich; espresso coffee (abbr. for 意式濃縮咖啡|意式浓缩咖啡[Yi4 shi4 nong2 suo1 ka1 fei1])
L7-3031	7-9	浓郁	濃郁	nóng yù	2,4	Adj	浓郁	濃郁	rich; strong; heavy (fragrance); dense; full-bodied; intense
L7-3032	7-9	浓重	濃重	nóng zhòng	2,4	Adj	浓重	濃重	dense; thick; strong; rich (colors); heavy (aroma); deep (friendship); profound (effect)
L7-3033	7-9	弄虚作假	弄虛作假	nòng xū zuò jiǎ	4,1,4,3		弄虚作假	弄虛作假	to practice fraud (idiom); by trickery
L7-3034	7-9	奴隶	奴隸	nú lì	2,4	N	奴隶	奴隸	slave
L7-3035	7-9	女婿	女婿	nǚ xu	3,5	N	女婿	女婿	daughter's husband; son-in-law
L7-3036	7-9	暖烘烘	暖烘烘	nuǎn hōng hōng	3,1,1	Adj	暖烘烘	暖烘烘	nice and warm; cozy; heartwarming
L7-3037	7-9	虐待	虐待	nüè dài	4,4	V	虐待	虐待	to mistreat; to maltreat; to abuse; mistreatment; maltreatment
L7-3038	7-9	挪	挪	nuó	2	V	挪	挪	to shift; to move
L7-3039	7-9	诺言	諾言	nuò yán	4,2	N	诺言	諾言	promise
L7-3040	7-9	哦	哦	ò	4	Intj	哦	哦	oh (interjection indicating that one has just learned sth)
L7-3041	7-9	殴打	毆打	ōu dǎ	1,3	V	殴打	毆打	to beat up; to come to blows; battery (law)
L7-3042	7-9	呕吐	嘔吐	ǒu tù	3,4	V	呕吐	嘔吐	to vomit
L7-3043	7-9	趴	趴	pā	1	V	趴	趴	to lie on one's stomach; to lean forward, resting one's upper body (on a desktop etc); (Tw) percent (from Japanese "pā", short for "pāsento")
L7-3044	7-9	拍板	拍板	pāi bǎn	1,3		拍板	拍板	wooden clappers (percussion instrument); to beat time with clappers (for a singer); (auctioneer's) board or gavel; to slap the board to signal a sale; to bring down the gavel; (fig.) to make a decision; to have the final say
L7-3045	7-9	拍卖	拍賣	pāi mài	1,4	V	拍卖	拍賣	to auction; auction sale; to sell at a reduced price
L7-3046	7-9	拍戏	拍戲	pāi xì	1,4		拍戏	拍戲	to shoot a movie
L7-3047	7-9	排斥	排斥	pái chì	2,4	V	排斥	排斥	to reject; to exclude; to eliminate; to remove; to repel
L7-3048	7-9	排放	排放	pái fàng	2,4	V	排放	排放	to arrange in order; to emit; to discharge (exhaust gas, waste water etc); (of animals) to ovulate; to discharge semen
L7-3049	7-9	排练	排練	pái liàn	2,4	V	排练	排練	to rehearse; rehearsal
L7-3050	7-9	徘徊	徘徊	pái huái	2,2	V	徘徊	徘徊	to pace back and forth; to dither; to hesitate; (of sales figures etc) to fluctuate
L7-3051	7-9	牌照	牌照	pái zhào	2,4	N	牌照	牌照	(business) license; vehicle license; car registration; license plate
L7-3052	7-9	派别	派別	pài bié	4,2	N	派别	派別	group; sect; clique; faction; school
L7-3053	7-9	派遣	派遣	pài qiǎn	4,3	V	派遣	派遣	to send (on a mission); to dispatch
L7-3054	7-9	攀	攀	pān	1	V	攀	攀	to climb (by pulling oneself up); to implicate; to claim connections of higher status
L7-3055	7-9	攀升	攀升	pān shēng	1,1	V	攀升	攀升	to clamber up; (of prices etc) to rise
L7-3056	7-9	盘	盤	pán	2	V	盘	盤	tray; plate; dish; (finance) (bound form) market prices; (computing) (bound form) disk; to coil (a rope, pigtail etc); to check; to examine; to investigate; to transfer; to sell (property); to shift; to move (sth big and heavy); classifier for things resembling a plate or dish; classifier for coils; classifier for games or matches (chess, table tennis etc)
L7-3057	7-9	盘算	盤算	pán suàn	2,4	V	盘算	盤算	to plot; to scheme; to calculate
L7-3058	7-9	判处	判處	pàn chǔ	4,3	V	判处	判處	to sentence; to condemn
L7-3059	7-9	判定	判定	pàn dìng	4,4	V	判定	判定	to judge; to decide; judgment; determination
L7-3060	7-9	判决	判決	pàn jué	4,2	V	判决	判決	judgment (by a court of law); to pass judgment on; to sentence
L7-3061	7-9	盼	盼	pàn	4	V	盼	盼	to hope for; to long for; to expect
L7-3062	7-9	叛逆	叛逆	pàn nì	4,4	V/N	叛逆	叛逆	to rebel; to revolt; a rebel
L7-3063	7-9	庞大	龐大	páng dà	2,4	Adj	庞大	龐大	huge; enormous; tremendous
L7-3064	7-9	旁观	旁觀	páng guān	2,1	V	旁观	旁觀	spectator; non-participant
L7-3065	7-9	抛	拋	pāo	1	V	抛	拋	to throw; to toss; to fling; to cast; to abandon
L7-3066	7-9	抛开	拋開	pāo kāi	1,1		抛开	拋開	to throw out; to get rid of
L7-3067	7-9	抛弃	拋棄	pāo qì	1,4	V	抛弃	拋棄	to abandon; to discard; to renounce; to dump (sb)
L7-3068	7-9	刨	刨	páo	2	V	刨	刨	to dig; to excavate; (coll.) to exclude; not to count; to deduct; to subtract
L7-3069	7-9	跑车	跑車	pǎo chē	3,1	N	跑车	跑車	racing bicycle; racing car; sports car; to drive a vehicle (such as a truck or taxi) for a living; (of a conductor or attendant) to work on a train; (mining) (of a cable-car) to slip away (in an accident)
L7-3070	7-9	跑道	跑道	pǎo dào	3,4	N	跑道	跑道	athletic track; track; runway (i.e. airstrip)
L7-3071	7-9	跑龙套	跑龍套	pǎo lóng tào	3,2,4		跑龙套	跑龍套	to play a small role
L7-3072	7-9	泡沫	泡沫	pào mò	4,4	N	泡沫	泡沫	foam; (soap) bubble; (economic) bubble
L7-3073	7-9	胚胎	胚胎	pēi tāi	1,1	N	胚胎	胚胎	embryo
L7-3074	7-9	陪伴	陪伴	péi bàn	2,4	V	陪伴	陪伴	to accompany
L7-3075	7-9	陪葬	陪葬	péi zàng	2,4	V	陪葬	陪葬	to be buried with or next to dead person (of deceased's partner, or of funerary objects)
L7-3076	7-9	赔钱	賠錢	péi qián	2,2		赔钱	賠錢	to lose money; to suffer a financial loss; to pay for damages
L7-3077	7-9	佩服	佩服	pèi fú	4,2	V	佩服	佩服	to admire
L7-3078	7-9	配件	配件	pèi jiàn	4,4	N	配件	配件	component; part; fitting; accessory; replacement part
L7-3079	7-9	配偶	配偶	pèi ǒu	4,3	N	配偶	配偶	spouse
L7-3080	7-9	配送	配送	pèi sòng	4,4	V	配送	配送	to put together an order and deliver it (i.e. 配貨|配货[pei4 huo4] and 送貨|送货[song4 huo4]); to deliver (goods)
L7-3081	7-9	配音	配音	pèi yīn	4,1		配音	配音	dubbing (filmmaking)
L7-3082	7-9	喷泉	噴泉	pēn quán	1,2	N	喷泉	噴泉	fountain
L7-3083	7-9	抨击	抨擊	pēng jī	1,1	V	抨击	抨擊	to attack (verbally or in writing)
L7-3084	7-9	烹调	烹調	pēng tiáo	1,2	V	烹调	烹調	to cook
L7-3085	7-9	蓬勃	蓬勃	péng bó	2,2	Adj	蓬勃	蓬勃	vigorous; flourishing; full of vitality
L7-3086	7-9	鹏程万里	鵬程萬里	péng chéng wàn lǐ	2,2,4,3		鹏程万里	鵬程萬里	the fabled roc flies ten thousand miles (idiom); one's future prospects are brilliant
L7-3087	7-9	膨胀	膨脹	péng zhàng	2,4	V	膨胀	膨脹	to expand; to inflate; to swell
L7-3088	7-9	捧	捧	pěng	3	V	捧	捧	to hold or offer with both hands; to sing the praises of; classifier for what can be held in both hands
L7-3089	7-9	捧场	捧場	pěng chǎng	3,3		捧场	捧場	to show one's support for a performer or theatrical troupe etc by attending their show; to attend an event to cheer on the participants; to patronize a restaurant or store; to sing the praises of
L7-3090	7-9	碰钉子	碰釘子	pèng dīng zi	4,1,5		碰钉子	碰釘子	to meet with a rebuff
L7-3091	7-9	碰巧	碰巧	pèng qiǎo	4,3	Adv	碰巧	碰巧	by chance; by coincidence; to happen to
L7-3092	7-9	碰上	碰上	pèng shàng	4,4		碰上	碰上	to run into; to come upon; to meet
L7-3093	7-9	碰撞	碰撞	pèng zhuàng	4,4	V	碰撞	碰撞	to collide; collision
L7-3094	7-9	批发	批發	pī fā	1,1	V	批发	批發	wholesale; bulk trade; distribution
L7-3095	7-9	批判	批判	pī pàn	1,4	V	批判	批判	to criticize; critique; CL:個|个[ge4]
L7-3096	7-9	披露	披露	pī lù	1,4	V	披露	披露	to reveal; to publish; to make public; to announce
L7-3097	7-9	劈	劈	pī	1	V	劈	劈	to hack; to chop; to split open; (of lightning) to strike
L7-3098	7-9	皮带	皮帶	pí dài	2,4	N	皮带	皮帶	strap; leather belt; CL:條|条[tiao2],根[gen1]
L7-3099	7-9	疲惫	疲憊	pí bèi	2,4	Adj	疲惫	疲憊	beaten; exhausted; tired
L7-3100	7-9	疲惫不堪	疲憊不堪	pí bèi bù kān	2,4,4,1		疲惫不堪	疲憊不堪	exhausted; fatigued to the extreme
L7-3101	7-9	疲倦	疲倦	pí juàn	2,4	Adj	疲倦	疲倦	to tire; tired
L7-3102	7-9	疲劳	疲勞	pí láo	2,2	Adj	疲劳	疲勞	fatigue; wearily; weariness; weary
L7-3103	7-9	脾	脾	pí	2	N	脾	脾	spleen
L7-3104	7-9	匹配	匹配	pǐ pèi	3,4	V	匹配	匹配	to mate or marry; to match; matching; compatible
L7-3105	7-9	媲美	媲美	pì měi	4,3	V	媲美	媲美	to match; is comparable with
L7-3106	7-9	僻静	僻靜	pì jìng	4,4	Adj	僻静	僻靜	lonely; secluded
L7-3107	7-9	譬如	譬如	pì rú	4,2	V	譬如	譬如	for example; for instance; such as
L7-3108	7-9	譬如说	譬如說	pì rú shuō	4,2,1		譬如说	譬如說	for example
L7-3109	7-9	片子	片子	piān zi	1,5	N	片子	片子	film; movie; film reel; phonograph record; X-ray image
L7-3110	7-9	偏差	偏差	piān chā	1,1	N	偏差	偏差	bias; deviation
L7-3111	7-9	偏方	偏方	piān fāng	1,1	N	偏方	偏方	folk remedy; home remedy
L7-3112	7-9	偏见	偏見	piān jiàn	1,4	N	偏见	偏見	prejudice; bias
L7-3113	7-9	偏僻	偏僻	piān pì	1,4	Adj	偏僻	偏僻	remote; desolate; far from the city
L7-3114	7-9	偏偏	偏偏	piān piān	1,1	Adv	偏偏	偏偏	(indicating that sth turns out just the opposite of what one would wish) unfortunately; as it happened; (indicating that sth is the opposite of what would be normal or reasonable) stubbornly; contrarily; against reason; (indicating that sb or a group is singled out) precisely; only; of all people
L7-3115	7-9	偏向	偏向	piān xiàng	1,4	V/N	偏向	偏向	partial towards sth; to prefer; to incline; erroneous tendencies (Leftist or Revisionist deviation)
L7-3116	7-9	偏远	偏遠	piān yuǎn	1,3	Adj	偏远	偏遠	remote; far from civilization
L7-3117	7-9	篇幅	篇幅	piān fu	1,5	N	篇幅	篇幅	length (of a piece of writing); space occupied on a printed page
L7-3118	7-9	片段	片段	piàn duàn	4,4	N	片段	片段	fragment (of speech etc); extract (from book etc); episode (of story etc)
L7-3119	7-9	骗人	騙人	piàn rén	4,2		骗人	騙人	to cheat sb; a scam
L7-3120	7-9	漂	漂	piāo	1	V	漂	漂	to float; to drift
L7-3121	7-9	飘	飄	piāo	1	V/Adj	飘	飄	to float (in the air); to flutter; to waft; complacent; frivolous; weak; shaky; wobbly
L7-3122	7-9	票房	票房	piào fáng	4,2	N	票房	票房	box office
L7-3123	7-9	撇	撇	piě	3	V/N	撇	撇	to throw; to cast; left-slanting downward brush stroke (calligraphy)
L7-3124	7-9	拼搏	拼搏	pīn bó	1,2	V	拼搏	拼搏	to struggle; to wrestle
L7-3125	7-9	拼命	拼命	pīn mìng	1,4		拼命	拼命	to do one's utmost; with all one's might; at all costs; (to work or fight) as if one's life depends on it
L7-3126	7-9	贫富	貧富	pín fù	2,4		贫富	貧富	poor and rich
L7-3127	7-9	贫穷	貧窮	pín qióng	2,2	Adj	贫穷	貧窮	poor; impoverished
L7-3128	7-9	频率	頻率	pín lǜ	2,4	N	频率	頻率	frequency
L7-3129	7-9	频频	頻頻	pín pín	2,2	Adv	频频	頻頻	repeatedly; again and again; continuously; constantly
L7-3130	7-9	品尝	品嘗	pǐn cháng	3,2	V	品尝	品嘗	variant of 品嚐|品尝[pin3 chang2]
L7-3131	7-9	品德	品德	pǐn dé	3,2	N	品德	品德	moral character
L7-3132	7-9	品位	品位	pǐn wèi	3,4	N	品位	品位	rank; grade; quality; (aesthetic) taste
L7-3133	7-9	品行	品行	pǐn xíng	3,2	N	品行	品行	behavior; moral conduct
L7-3134	7-9	聘	聘	pìn	4	V	聘	聘	to employ; to appoint; (bound form) to betroth; (coll.) (of a woman) to get married; to be marrried off; (literary) to visit another state as an envoy on a diplomatic mission; Taiwan pr. [ping4]
L7-3135	7-9	聘任	聘任	pìn rèn	4,4	V	聘任	聘任	to appoint (to a position); appointed
L7-3136	7-9	聘用	聘用	pìn yòng	4,4	V	聘用	聘用	to employ; to hire
L7-3137	7-9	乒乓球	乒乓球	pīng pāng qiú	1,1,2	N	乒乓球	乒乓球	table tennis; ping-pong; table tennis ball; CL:個|个[ge4]
L7-3138	7-9	平常心	平常心	píng cháng xīn	2,2,1	N	平常心	平常心	levelheadedness; calmness; equanimity
L7-3139	7-9	平淡	平淡	píng dàn	2,4	Adj	平淡	平淡	flat; dull; ordinary; nothing special
L7-3140	7-9	平和	平和	píng hé	2,2	Adj/V	平和	平和	gentle; mild; moderate; placid
L7-3141	7-9	平价	平價	píng jià	2,4	V/N	平价	平價	reasonably priced; inexpensive; to keep prices down; (currency exchange) parity
L7-3142	7-9	平面	平面	píng miàn	2,4	N	平面	平面	(geometry) plane; flat surface; flat; two-dimensional
L7-3143	7-9	平民	平民	píng mín	2,2	N	平民	平民	ordinary people; commoner (contrasted with the privileged); civilian (contrasted with the military)
L7-3144	7-9	平日	平日	píng rì	2,4	N	平日	平日	ordinary day; everyday; ordinarily; usually
L7-3145	7-9	平息	平息	píng xī	2,1	V	平息	平息	(of wind etc) to subside; to die down; to quell; to smooth over (a dispute etc); to suppress (a rebellion etc)
L7-3146	7-9	评定	評定	píng dìng	2,4	V	评定	評定	to evaluate; to make one's judgment
L7-3147	7-9	评论员	評論員	píng lùn yuán	2,4,2	N	评论员	評論員	commentator
L7-3148	7-9	评判	評判	píng pàn	2,4	V	评判	評判	to judge (a competition); to appraise
L7-3149	7-9	评审	評審	píng shěn	2,3	V	评审	評審	to appraise; to evaluate; to judge
L7-3150	7-9	评委	評委	píng wěi	2,3	N	评委	評委	evaluation committee; judging panel; judging panel member; adjudicator (abbr. for 評選委員會委員|评选委员会委员[ping2 xuan3 wei3 yuan2 hui4 wei3 yuan2])
L7-3151	7-9	凭借	憑借	píng jiè	2,4	V	凭借	憑借	to rely on; to depend on; by means of; thanks to; sth that one relies on
L7-3152	7-9	凭着	憑著	píng zhe	2,5		凭着	憑著	relying on; on the basis of
L7-3153	7-9	凭证	憑證	píng zhèng	2,4	N	凭证	憑證	proof; certificate; receipt; voucher
L7-3154	7-9	瓶颈	瓶頸	píng jǐng	2,3	N	瓶颈	瓶頸	neck of a bottle; (fig.) bottleneck; problem that impedes progress
L7-3155	7-9	萍水相逢	萍水相逢	píng shuǐ xiāng féng	2,3,1,2		萍水相逢	萍水相逢	strangers coming together by chance (idiom)
L7-3156	7-9	泼冷水	潑冷水	pō lěng shuǐ	1,3,3		泼冷水	潑冷水	to pour cold water on; (fig.) to dampen sb's enthusiasm
L7-3157	7-9	颇	頗	pō	1	Adv	颇	頗	rather; quite; considerably; oblique; inclined; slanting; Taiwan pr. [po3]
L7-3158	7-9	迫不及待	迫不及待	pò bù jí dài	4,4,2,4		迫不及待	迫不及待	(idiom) unable to hold oneself back; eager to do sth without delay
L7-3159	7-9	迫害	迫害	pò hài	4,4	V	迫害	迫害	to persecute
L7-3160	7-9	迫使	迫使	pò shǐ	4,3	V	迫使	迫使	to force; to compel
L7-3161	7-9	破案	破案	pò àn	4,4		破案	破案	to solve a criminal case
L7-3162	7-9	破除	破除	pò chú	4,2	V	破除	破除	to eliminate; to do away with; to get rid of
L7-3163	7-9	破解	破解	pò jiě	4,3	V	破解	破解	to break (a bond, constraint etc); to explain; to unravel; to decipher; to decode; to crack (software)
L7-3164	7-9	破旧	破舊	pò jiù	4,4	Adj	破旧	破舊	shabby
L7-3165	7-9	破裂	破裂	pò liè	4,4	V	破裂	破裂	to burst; to rupture; (of a relationship etc) to break down
L7-3166	7-9	破灭	破滅	pò miè	4,4	V	破灭	破滅	to be shattered; to be annihilated (of hope, illusions etc)
L7-3167	7-9	破碎	破碎	pò suì	4,4	V	破碎	破碎	to smash to pieces; to shatter
L7-3168	7-9	魄力	魄力	pò lì	4,4	N	魄力	魄力	courage; daring; boldness; resolution; drive
L7-3169	7-9	扑克	撲克	pū kè	1,4	N	扑克	撲克	poker (game) (loanword); playing cards
L7-3170	7-9	扑面而来	撲面而來	pū miàn ér lái	1,4,2,2		扑面而来	撲面而來	lit. sth hits one in the face; directly in one's face; sth assaults the senses; blatant (advertising); eye-catching; (a smell) assaults the nostrils
L7-3171	7-9	铺路	鋪路	pū lù	1,4		铺路	鋪路	to pave (with paving stones); to lay a road; (fig.) to lay the groundwork (for sth); to give a present to sb to ensure success
L7-3172	7-9	菩萨	菩薩	pú sà	2,4	N	菩萨	菩薩	(Buddhism) bodhisattva
L7-3173	7-9	朴实	樸實	pǔ shí	3,2	Adj	朴实	樸實	plain; simple; guileless; down-to-earth; sincere and honest
L7-3174	7-9	朴素	樸素	pǔ sù	3,4	Adj	朴素	樸素	plain and simple; unadorned; simple living; not frivolous
L7-3175	7-9	普通人	普通人	pǔ tōng rén	3,1,2		普通人	普通人	ordinary person; private citizen; people; the person in the street
L7-3176	7-9	谱	譜	pǔ	3	V/N	谱	譜	chart; list; table; register; score (music); spectrum (physics); to set to music
L7-3177	7-9	瀑布	瀑布	pù bù	4,4	N	瀑布	瀑布	waterfall
L7-3178	7-9	七嘴八舌	七嘴八舌	qī zuǐ bā shé	1,3,1,2		七嘴八舌	七嘴八舌	lively discussion with everybody talking at once
L7-3179	7-9	沏	沏	qī	1	V	沏	沏	to brew (tea)
L7-3180	7-9	凄凉	淒涼	qī liáng	1,2	Adj	凄凉	淒涼	desolate (place)
L7-3181	7-9	期盼	期盼	qī pàn	1,4	V	期盼	期盼	to expect; to await
L7-3182	7-9	欺骗	欺騙	qī piàn	1,4	V	欺骗	欺騙	to deceive; to cheat
L7-3183	7-9	欺诈	欺詐	qī zhà	1,4	V	欺诈	欺詐	to cheat
L7-3184	7-9	漆	漆	qī	1	N/V	漆	漆	paint; lacquer; CL:道[dao4]; to paint (furniture, walls etc)
L7-3185	7-9	齐心协力	齊心協力	qí xīn xié lì	2,1,2,4		齐心协力	齊心協力	to work with a common purpose (idiom); to make concerted efforts; to pull together; to work as one
L7-3186	7-9	其后	其後	qí hòu	2,4	N	其后	其後	next; later; after that
L7-3187	7-9	其间	其間	qí jiān	2,1	N	其间	其間	in between; within that interval; in the meantime
L7-3188	7-9	奇花异草	奇花異草	qí huā yì cǎo	2,1,4,3		奇花异草	奇花異草	(idiom) rare or exotic flowers and plants
L7-3189	7-9	奇迹	奇跡	qí jì	2,4	N	奇迹	奇跡	variant of 奇蹟|奇迹[qi2 ji4]
L7-3190	7-9	奇特	奇特	qí tè	2,4	Adj	奇特	奇特	peculiar; unusual; queer
L7-3191	7-9	歧视	歧視	qí shì	2,4	V	歧视	歧視	to discriminate against; discrimination
L7-3192	7-9	祈祷	祈禱	qí dǎo	2,3	V	祈祷	祈禱	to pray; to say a prayer
L7-3193	7-9	棋	棋	qí	2	N	棋	棋	chess; chess-like game; a game of chess; CL:盤|盘[pan2]; chess piece; CL:個|个[ge4],顆|颗[ke1]
L7-3194	7-9	棋子	棋子	qí zǐ	2,3	N	棋子	棋子	chess piece; CL:個|个[ge4],顆|颗[ke1]; (fig.) a pawn (used by others for their own purposes)
L7-3195	7-9	旗袍	旗袍	qí páo	2,2	N	旗袍	旗袍	cheongsam, a traditional Chinese dress for women, originally a long robe worn by Manchu women, later modernized in 20th-century Shanghai into a close-fitting dress with a high collar and side slits
L7-3196	7-9	旗帜	旗幟	qí zhì	2,4	N	旗帜	旗幟	ensign; flag
L7-3197	7-9	乞丐	乞丐	qǐ gài	3,4	N	乞丐	乞丐	beggar
L7-3198	7-9	乞求	乞求	qǐ qiú	3,2	V	乞求	乞求	to beg
L7-3199	7-9	乞讨	乞討	qǐ tǎo	3,3	V	乞讨	乞討	to beg; to go begging
L7-3200	7-9	岂有此理	豈有此理	qǐ yǒu cǐ lǐ	3,3,3,3		岂有此理	豈有此理	how can this be so? (idiom); preposterous; ridiculous; absurd
L7-3201	7-9	启迪	啟迪	qǐ dí	3,2	V	启迪	啟迪	to edify; enlightenment
L7-3202	7-9	启蒙	啟蒙	qǐ méng	3,2	V	启蒙	啟蒙	to instruct the young; to initiate; to awake sb from ignorance; to free sb from prejudice or superstition; primer; enlightened; the Enlightenment; Western learning from the late Qing dynasty
L7-3203	7-9	启示	啟示	qǐ shì	3,4	V/N	启示	啟示	to reveal; to enlighten; enlightenment; revelation; illumination; moral (of a story etc); lesson
L7-3204	7-9	起步	起步	qǐ bù	3,4	V	起步	起步	to set out; to set in motion; the start (of some activity)
L7-3205	7-9	起草	起草	qǐ cǎo	3,3		起草	起草	to make a draft; to draw up (plans)
L7-3206	7-9	起程	起程	qǐ chéng	3,2	V	起程	起程	to set out; to leave
L7-3207	7-9	起初	起初	qǐ chū	3,1	N	起初	起初	originally; at first; at the outset
L7-3208	7-9	起伏	起伏	qǐ fú	3,2	V	起伏	起伏	to move up and down; to undulate; ups and downs
L7-3209	7-9	起劲	起勁	qǐ jìn	3,4	Adj	起劲	起勁	energetic; vigorous; enthusiastic
L7-3210	7-9	起跑线	起跑線	qǐ pǎo xiàn	3,3,4	N	起跑线	起跑線	the starting line (of a race); scratch line (in a relay race)
L7-3211	7-9	起源	起源	qǐ yuán	3,2	V/N	起源	起源	origin; to originate; to come from
L7-3212	7-9	气愤	氣憤	qì fèn	4,4	Adj	气愤	氣憤	indignant; furious
L7-3213	7-9	气管	氣管	qì guǎn	4,3	N	气管	氣管	windpipe; trachea; respiratory tract; air duct; gas pipe
L7-3214	7-9	气馁	氣餒	qì něi	4,3	Adj	气馁	氣餒	to be discouraged
L7-3215	7-9	气派	氣派	qì pài	4,4	N/Adj	气派	氣派	impressive; stylish; magnificent; imposing manner; dignified air
L7-3216	7-9	气泡	氣泡	qì pào	4,4	N	气泡	氣泡	bubble; blister (in metal); (of beverages) sparkling; carbonated
L7-3217	7-9	气魄	氣魄	qì pò	4,4	N	气魄	氣魄	spirit; boldness; positive outlook; imposing attitude
L7-3218	7-9	气势	氣勢	qì shì	4,4	N	气势	氣勢	imposing manner; loftiness; grandeur; energetic looks; vigor
L7-3219	7-9	气味	氣味	qì wèi	4,4	N	气味	氣味	odor; scent
L7-3220	7-9	气息	氣息	qì xī	4,1	N	气息	氣息	breath; smell; odor; flavor
L7-3221	7-9	气质	氣質	qì zhì	4,4	N	气质	氣質	personality traits; temperament; disposition; aura; air; feel; vibe; refinement; sophistication; class
L7-3222	7-9	迄今	迄今	qì jīn	4,1	V	迄今	迄今	so far; to date; until now
L7-3223	7-9	迄今为止	迄今為止	qì jīn wéi zhǐ	4,1,2,3		迄今为止	迄今為止	so far; up to now; still (not)
L7-3224	7-9	契机	契機	qì jī	4,1	N	契机	契機	opportunity; turning point
L7-3225	7-9	契约	契約	qì yuē	4,1	N	契约	契約	agreement; contract
L7-3226	7-9	器材	器材	qì cái	4,2	N	器材	器材	equipment; material
L7-3227	7-9	器械	器械	qì xiè	4,4	N	器械	器械	apparatus; instrument; equipment; weapon
L7-3228	7-9	掐	掐	qiā	1	V	掐	掐	to pick (flowers); to pinch; to nip; to pinch off; to clutch; (slang) to fight
L7-3229	7-9	卡	卡	qiǎ	3	V	卡	卡	to block; to be stuck; to be wedged; customs station; a clip; a fastener; a checkpost; Taiwan pr. [ka3]
L7-3230	7-9	卡子	卡子	qiǎ zi	3,5	N	卡子	卡子	clip; hair fastener; checkpoint
L7-3231	7-9	洽谈	洽談	qià tán	4,2	V	洽谈	洽談	to discuss
L7-3232	7-9	恰到好处	恰到好處	qià dào hǎo chù	4,4,3,4		恰到好处	恰到好處	it's just perfect; it's just right
L7-3233	7-9	恰恰相反	恰恰相反	qià qià xiāng fǎn	4,4,1,3		恰恰相反	恰恰相反	just the opposite
L7-3234	7-9	恰巧	恰巧	qià qiǎo	4,3	Adv	恰巧	恰巧	by chance; as chance would have it
L7-3235	7-9	恰如其分	恰如其分	qià rú qí fèn	4,2,2,4		恰如其分	恰如其分	(idiom) appropriate; apt; just right
L7-3236	7-9	千变万化	千變萬化	qiān biàn wàn huà	1,4,4,4		千变万化	千變萬化	countless changes; constant permutation
L7-3237	7-9	千方百计	千方百計	qiān fāng bǎi jì	1,1,3,4		千方百计	千方百計	lit. thousand ways, a hundred plans (idiom); by every possible means
L7-3238	7-9	千家万户	千家萬戶	qiān jiā wàn hù	1,1,4,4		千家万户	千家萬戶	every family (idiom)
L7-3239	7-9	千军万马	千軍萬馬	qiān jūn wàn mǎ	1,1,4,3		千军万马	千軍萬馬	magnificent army with thousands of men and horses (idiom); impressive display of manpower; all the King's horses and all the King's men
L7-3240	7-9	千钧一发	千鈞一髮	qiān jūn yī fà	1,1,1,4		千钧一发	千鈞一髮	(lit.) a thousand pounds hangs by a thread (idiom); (fig.) (at the) critical; perilous (moment)
L7-3241	7-9	迁	遷	qiān	1	V	迁	遷	to move; to shift; to change (a position or location etc); to promote
L7-3242	7-9	迁就	遷就	qiān jiù	1,4	V	迁就	遷就	to yield to; to adapt to; to accommodate oneself to (sth)
L7-3243	7-9	迁移	遷移	qiān yí	1,2	V	迁移	遷移	to migrate; to move
L7-3244	7-9	牵扯	牽扯	qiān chě	1,3	V	牵扯	牽扯	to involve; to implicate; to be interrelated
L7-3245	7-9	牵挂	牽掛	qiān guà	1,4	V	牵挂	牽掛	to worry about; to be concerned about
L7-3246	7-9	牵涉	牽涉	qiān shè	1,4	V	牵涉	牽涉	to involve; implicated
L7-3247	7-9	牵头	牽頭	qiān tóu	1,2		牵头	牽頭	to lead (an animal by the head); to take the lead; to coordinate (a combined operation); to mediate; a go-between (e.g. marriage broker)
L7-3248	7-9	牵制	牽制	qiān zhì	1,4	V	牵制	牽制	to control; to curb; to restrict; to impede; to pin down (enemy troops)
L7-3249	7-9	铅	鉛	qiān	1	N	铅	鉛	lead (chemistry)
L7-3250	7-9	谦逊	謙遜	qiān xùn	1,4	Adj	谦逊	謙遜	humble; modest; unpretentious; modesty
L7-3251	7-9	签	簽	qiān	1	N	签	簽	to sign one's name; to write brief comments on a document; inscribed bamboo stick (variant of 籤|签[qian1]); visa
L7-3252	7-9	签署	簽署	qiān shǔ	1,3	V	签署	簽署	to sign (an agreement)
L7-3253	7-9	前辈	前輩	qián bèi	2,4	N	前辈	前輩	senior; older generation; precursor
L7-3254	7-9	前不久	前不久	qián bù jiǔ	2,4,3	N	前不久	前不久	not long ago; not long before
L7-3255	7-9	前赴后继	前赴後繼	qián fù hòu jì	2,4,4,4		前赴后继	前赴後繼	to advance dauntlessly in wave upon wave (idiom)
L7-3256	7-9	前期	前期	qián qī	2,1	N	前期	前期	preceding period; early stage
L7-3257	7-9	前任	前任	qián rèn	2,4	N	前任	前任	predecessor; ex-; former; ex (spouse etc)
L7-3258	7-9	前所未有	前所未有	qián suǒ wèi yǒu	2,3,4,3		前所未有	前所未有	(idiom) unprecedented
L7-3259	7-9	前台	前臺	qián tái	2,2	N	前台	前臺	stage; proscenium; foreground in politics etc (sometimes derog.); front desk; reception desk; (computing) front-end; foreground
L7-3260	7-9	前无古人	前無古人	qián wú gǔ rén	2,2,3,2		前无古人	前無古人	(idiom) unprecedented; unheard of
L7-3261	7-9	前夕	前夕	qián xī	2,1	N	前夕	前夕	eve; the day before
L7-3262	7-9	前线	前線	qián xiàn	2,4	N	前线	前線	front line; military front; workface; cutting edge
L7-3263	7-9	前沿	前沿	qián yán	2,2	N	前沿	前沿	(military) forward position; frontier; cutting-edge; forefront
L7-3264	7-9	前仰后合	前仰後合	qián yǎng hòu hé	2,3,4,2		前仰后合	前仰後合	to sway to and fro; to rock back and forth
L7-3265	7-9	前者	前者	qián zhě	2,3	N	前者	前者	the former (i.e. the one mentioned first)
L7-3266	7-9	虔诚	虔誠	qián chéng	2,2	Adj	虔诚	虔誠	pious; devout; sincere
L7-3267	7-9	钱财	錢財	qián cái	2,2	N	钱财	錢財	wealth; money
L7-3268	7-9	钳子	鉗子	qián zi	2,5	N	钳子	鉗子	pliers; pincers; tongs; forceps; vise; clamp; claw (of a crab etc); CL:把[ba3]; (dialect) earring
L7-3269	7-9	潜能	潛能	qián néng	2,2	N	潜能	潛能	potential; hidden capability
L7-3270	7-9	潜水	潛水	qián shuǐ	2,3	V	潜水	潛水	to dive; to go under water; (in an online forum) to lurk
L7-3271	7-9	潜艇	潛艇	qián tǐng	2,3	N	潜艇	潛艇	a submarine
L7-3272	7-9	潜移默化	潛移默化	qián yí mò huà	2,2,4,4		潜移默化	潛移默化	imperceptible influence; to influence secretly
L7-3273	7-9	潜在	潛在	qián zài	2,4	Adj	潜在	潛在	hidden; potential; latent
L7-3274	7-9	谴责	譴責	qiǎn zé	3,2	V	谴责	譴責	to denounce; to condemn; to criticize; condemnation; criticism
L7-3275	7-9	欠缺	欠缺	qiàn quē	4,1	V/N	欠缺	欠缺	to be deficient in; lapse; deficiency
L7-3276	7-9	欠条	欠條	qiàn tiáo	4,2	N	欠条	欠條	IOU; certificate of indebtedness
L7-3277	7-9	歉意	歉意	qiàn yì	4,4	N	歉意	歉意	apology; regret
L7-3278	7-9	呛	嗆	qiāng	1	V	呛	嗆	to choke (because of swallowing the wrong way)
L7-3279	7-9	枪毙	槍斃	qiāng bì	1,4	V	枪毙	槍斃	to execute by firing squad; to shoot dead; fig. to discard; to get rid of
L7-3280	7-9	腔	腔	qiāng	1	N	腔	腔	(bound form) cavity; (bound form) speech; talk; tune; accent (in one's speech); (old) classifier for carcasses of slaughtered livestock
L7-3281	7-9	强加	強加	qiáng jiā	2,1	V	强加	強加	to impose; to force upon
L7-3282	7-9	强劲	強勁	qiáng jìng	2,4	Adj	强劲	強勁	strong; powerful; robust
L7-3283	7-9	强项	強項	qiáng xiàng	2,4	N	强项	強項	key strength; strong suit; specialty
L7-3284	7-9	强行	強行	qiáng xíng	2,2	Adv	强行	強行	to do sth by force; Taiwan pr. [qiang3 xing2]
L7-3285	7-9	强硬	強硬	qiáng yìng	2,4	Adj	强硬	強硬	tough; unyielding; hard-line
L7-3286	7-9	强占	強佔	qiáng zhàn	2,4	V	强占	強佔	to occupy by force
L7-3287	7-9	强制	強制	qiáng zhì	2,4	V	强制	強制	to force; to compel; to coerce; forced; compulsory; Taiwan pr. [qiang3zhi4]
L7-3288	7-9	抢夺	搶奪	qiǎng duó	3,2	V	抢夺	搶奪	to plunder; to pillage; to forcibly take
L7-3289	7-9	抢劫	搶劫	qiǎng jié	3,2	V	抢劫	搶劫	to rob; looting
L7-3290	7-9	抢眼	搶眼	qiǎng yǎn	3,3	Adj	抢眼	搶眼	eye-catching
L7-3291	7-9	敲边鼓	敲邊鼓	qiāo biān gǔ	1,1,3		敲边鼓	敲邊鼓	to back sb up; to support sb in an argument; (lit. to beat nearby drum)
L7-3292	7-9	敲诈	敲詐	qiāo zhà	1,4	V	敲诈	敲詐	to rip off; to extort (money); extortion; blackmail
L7-3293	7-9	乔装	喬裝	qiáo zhuāng	2,1	V	乔装	喬裝	to pretend; to feign; to disguise oneself
L7-3294	7-9	瞧不起	瞧不起	qiáo bù qǐ	2,4,3	V	瞧不起	瞧不起	to look down upon; to hold in contempt
L7-3295	7-9	巧合	巧合	qiǎo hé	3,2	Adj	巧合	巧合	coincidence; coincidental; to coincide
L7-3296	7-9	窍门	竅門	qiào mén	4,2	N	窍门	竅門	a trick; an ingenious method; know-how; the knack (of doing sth)
L7-3297	7-9	翘	翹	qiào	4	V	翘	翹	to stick up; to rise on one end; to tilt
L7-3298	7-9	撬	撬	qiào	4	V	撬	撬	to lift; to pry open; to lever open
L7-3299	7-9	切除	切除	qiē chú	1,2	V	切除	切除	to excise; to cut out (a tumor)
L7-3300	7-9	切断	切斷	qiē duàn	1,4		切断	切斷	to cut off; to sever
L7-3301	7-9	切割	切割	qiē gē	1,1	V	切割	切割	to cut
L7-3302	7-9	且	且	qiě	3	Adv	且	且	and; moreover; yet; for the time being; to be about to; both (... and...)
L7-3303	7-9	且	且	qiě	3	Conj	且	且	and; moreover; yet; for the time being; to be about to; both (... and...)
L7-3304	7-9	切身	切身	qiè shēn	4,1	Adj	切身	切身	direct; concerning oneself; personal
L7-3305	7-9	窃取	竊取	qiè qǔ	4,3	V	窃取	竊取	to steal (usu. private information, intellectual property etc)
L7-3306	7-9	钦佩	欽佩	qīn pèi	1,4	V	钦佩	欽佩	to admire; to look up to; to respect sb greatly
L7-3307	7-9	侵害	侵害	qīn hài	1,4	V	侵害	侵害	to encroach on; to infringe on
L7-3308	7-9	侵略	侵略	qīn lüè	1,4	V	侵略	侵略	to invade; invasion
L7-3309	7-9	侵权	侵權	qīn quán	1,2	V	侵权	侵權	to infringe the rights of; to violate; infringement
L7-3310	7-9	侵占	侵佔	qīn zhàn	1,4	V	侵占	侵佔	to invade and occupy (territory)
L7-3311	7-9	亲和力	親和力	qīn hé lì	1,2,4	N	亲和力	親和力	(personal) warmth; approachability; accessibility; (in a product) user friendliness; (chemistry) affinity
L7-3312	7-9	亲近	親近	qīn jìn	1,4	Adj/V	亲近	親近	(of people or relationships) close; intimate; to draw close to; to engage with; to become familiar with (nature, places, ideas, art etc)
L7-3313	7-9	亲朋好友	親朋好友	qīn péng hǎo yǒu	1,2,3,3		亲朋好友	親朋好友	friends and family; kith and kin
L7-3314	7-9	亲戚	親戚	qīn qi	1,5	N	亲戚	親戚	a relative (i.e. family relation); CL:門|门[men2],個|个[ge4],位[wei4]
L7-3315	7-9	亲情	親情	qīn qíng	1,2	N	亲情	親情	affection; family love; love, esp. within a married couple or between parents and children
L7-3316	7-9	亲热	親熱	qīn rè	1,4	Adj/V	亲热	親熱	affectionate; intimate; warmhearted; to show affection for; (coll.) to get intimate with sb
L7-3317	7-9	亲身	親身	qīn shēn	1,1	Adj	亲身	親身	personally; oneself; (of experience) first-hand
L7-3318	7-9	亲生	親生	qīn shēng	1,1	Adj	亲生	親生	one's own (child) (i.e. one's child by birth); biological (parents); birth (parents)
L7-3319	7-9	亲手	親手	qīn shǒu	1,3	Adv	亲手	親手	with one's own hands; personally
L7-3320	7-9	亲友	親友	qīn yǒu	1,3	N	亲友	親友	friends and relatives
L7-3321	7-9	勤工俭学	勤工儉學	qín gōng jiǎn xué	2,1,3,2		勤工俭学	勤工儉學	to work part-time while studying; work-study program
L7-3322	7-9	勤快	勤快	qín kuài	2,4	Adj	勤快	勤快	diligent; hardworking
L7-3323	7-9	勤劳	勤勞	qín láo	2,2	Adj	勤劳	勤勞	hardworking; industrious; diligent
L7-3324	7-9	寝室	寢室	qǐn shì	3,4	N	寝室	寢室	bedroom; dormitory; CL:間|间[jian1]
L7-3325	7-9	青春期	青春期	qīng chūn qī	1,1,1	N	青春期	青春期	puberty; adolescence
L7-3326	7-9	青蛙	青蛙	qīng wā	1,1	N	青蛙	青蛙	frog (CL:隻|只[zhi1]); (old) (slang) ugly guy
L7-3327	7-9	轻而易举	輕而易舉	qīng ér yì jǔ	1,2,4,3		轻而易举	輕而易舉	easy; with no difficulty
L7-3328	7-9	轻蔑	輕蔑	qīng miè	1,4	V	轻蔑	輕蔑	scornful; disdainful; contemptuous; pejorative; disdain; contempt
L7-3329	7-9	轻微	輕微	qīng wēi	1,1	Adj	轻微	輕微	slight; light; trivial; to a small extent
L7-3330	7-9	轻型	輕型	qīng xíng	1,2	Adj	轻型	輕型	light (machinery, aircraft etc)
L7-3331	7-9	倾家荡产	傾家蕩產	qīng jiā dàng chǎn	1,1,4,3		倾家荡产	傾家蕩產	to lose a family fortune (idiom)
L7-3332	7-9	倾诉	傾訴	qīng sù	1,4	V	倾诉	傾訴	to say everything (that is on one's mind)
L7-3333	7-9	倾听	傾聽	qīng tīng	1,1	V	倾听	傾聽	to listen attentively
L7-3334	7-9	倾销	傾銷	qīng xiāo	1,1	V	倾销	傾銷	to dump (goods, products)
L7-3335	7-9	倾斜	傾斜	qīng xié	1,2	V	倾斜	傾斜	to incline; to lean; to slant; to slope; to tilt
L7-3336	7-9	清除	清除	qīng chú	1,2	V	清除	清除	to clear away; to eliminate; to get rid of
L7-3337	7-9	清脆	清脆	qīng cuì	1,4	Adj	清脆	清脆	sharp and clear; crisp; melodious; ringing; tinkling; silvery (of sound); fragile; frail; also written 輕脆|轻脆
L7-3338	7-9	清单	清單	qīng dān	1,1	N	清单	清單	list of items
L7-3339	7-9	清淡	清淡	qīng dàn	1,4	Adj	清淡	清淡	light (of food, not greasy or strongly flavored); insipid; slack (sales)
L7-3340	7-9	清静	清靜	qīng jìng	1,4	Adj	清静	清靜	quiet; peaceful and quiet
L7-3341	7-9	清凉	清涼	qīng liáng	1,2	Adj	清凉	清涼	cool; refreshing; (of clothing) skimpy; revealing
L7-3342	7-9	清明	清明	qīng míng	1,2	Adj	清明	清明	clear and bright; sober and calm; (of a government or administration) well ordered
L7-3343	7-9	清晰	清晰	qīng xī	1,1	Adj	清晰	清晰	clear; distinct
L7-3344	7-9	清新	清新	qīng xīn	1,1	Adj	清新	清新	fresh and clean
L7-3345	7-9	清真寺	清真寺	qīng zhēn sì	1,1,4	N	清真寺	清真寺	mosque
L7-3346	7-9	情	情	qíng	2	N	情	情	(bound form) feelings; emotion; sentiment; passion; (bound form) situation; condition
L7-3347	7-9	情报	情報	qíng bào	2,4	N	情报	情報	information; intelligence
L7-3348	7-9	情不自禁	情不自禁	qíng bù zì jīn	2,4,4,1		情不自禁	情不自禁	(idiom) cannot refrain from; cannot help; cannot but
L7-3349	7-9	情调	情調	qíng diào	2,4	N	情调	情調	ambience; mood; flavor
L7-3350	7-9	情怀	情懷	qíng huái	2,2	N	情怀	情懷	feelings; mood
L7-3351	7-9	情结	情結	qíng jié	2,2	N	情结	情結	complex (psychology)
L7-3352	7-9	情侣	情侶	qíng lǚ	2,3	N	情侣	情侶	sweethearts; lovers
L7-3353	7-9	情人	情人	qíng rén	2,2	N	情人	情人	lover; sweetheart
L7-3354	7-9	情谊	情誼	qíng yì	2,4	N	情谊	情誼	friendship; camaraderie
L7-3355	7-9	情愿	情願	qíng yuàn	2,4	V/Adv	情愿	情願	willingness; would rather (agree to X than Y)
L7-3356	7-9	请柬	請柬	qǐng jiǎn	3,3	N	请柬	請柬	invitation card; written invitation
L7-3357	7-9	请帖	請帖	qǐng tiě	3,3	N	请帖	請帖	invitation card; written invitation
L7-3358	7-9	庆典	慶典	qìng diǎn	4,3	N	庆典	慶典	celebration
L7-3359	7-9	庆贺	慶賀	qìng hè	4,4	V	庆贺	慶賀	to congratulate; to celebrate
L7-3360	7-9	庆幸	慶幸	qìng xìng	4,4	V	庆幸	慶幸	to rejoice; to be glad
L7-3361	7-9	丘陵	丘陵	qiū líng	1,2	N	丘陵	丘陵	hills
L7-3362	7-9	囚犯	囚犯	qiú fàn	2,4	N	囚犯	囚犯	prisoner; convict
L7-3363	7-9	求婚	求婚	qiú hūn	2,1		求婚	求婚	to propose marriage
L7-3364	7-9	求救	求救	qiú jiù	2,4	V	求救	求救	to seek help (when in distress or having difficulties)
L7-3365	7-9	求学	求學	qiú xué	2,2	V	求学	求學	to pursue one's studies; to attend school; to seek knowledge
L7-3366	7-9	求医	求醫	qiú yī	2,1	V	求医	求醫	to seek medical treatment; to see a doctor
L7-3367	7-9	求证	求證	qiú zhèng	2,4	V	求证	求證	to seek proof; to seek confirmation
L7-3368	7-9	求助	求助	qiú zhù	2,4	V	求助	求助	to request help; to appeal (for help)
L7-3369	7-9	曲线	曲線	qū xiàn	1,4	N	曲线	曲線	curve; curved line; indirect; in a roundabout way
L7-3370	7-9	曲折	曲折	qū zhé	1,2	Adj	曲折	曲折	winding; (fig.) complicated
L7-3371	7-9	驱动	驅動	qū dòng	1,4	V	驱动	驅動	to drive; to propel; drive (vehicle wheel); drive mechanism (tape or disk); device driver (computing software)
L7-3372	7-9	驱逐	驅逐	qū zhú	1,2	V	驱逐	驅逐	to expel; to deport; banishment
L7-3373	7-9	屈服	屈服	qū fú	1,2	V	屈服	屈服	to surrender; to succumb; to yield; (as a transitive verb) to defeat; to prevail over
L7-3374	7-9	趋于	趨於	qū yú	1,2	V	趋于	趨於	to tend towards
L7-3375	7-9	曲	曲	qǔ	3	N	曲	曲	tune; song; CL:支[zhi1]
L7-3376	7-9	取代	取代	qǔ dài	3,4	V	取代	取代	to replace; to supersede; to supplant; (chemistry) substitution
L7-3377	7-9	取缔	取締	qǔ dì	3,4	V	取缔	取締	to suppress; to crack down on; to prohibit
L7-3378	7-9	取而代之	取而代之	qǔ ér dài zhī	3,2,4,1		取而代之	取而代之	(idiom) to replace; to supersede; to take its (or her etc) place
L7-3379	7-9	取经	取經	qǔ jīng	3,1		取经	取經	to journey to India on a quest for the Buddhist scriptures; to learn by studying another's experience
L7-3380	7-9	取决于	取決於	qǔ jué yú	3,2,2		取决于	取決於	to hinge on; to be decided by; to depend on
L7-3381	7-9	取暖	取暖	qǔ nuǎn	3,3	V	取暖	取暖	to warm oneself (by a fire, heater etc)
L7-3382	7-9	取胜	取勝	qǔ shèng	3,4	V	取胜	取勝	to score a victory; to prevail over one's opponents
L7-3383	7-9	取笑	取笑	qǔ xiào	3,4	V	取笑	取笑	to tease; to make fun of
L7-3384	7-9	娶	娶	qǔ	3	V	娶	娶	to take a wife; to marry (a woman)
L7-3385	7-9	去除	去除	qù chú	4,2	V	去除	去除	to remove; to dislodge
L7-3386	7-9	去处	去處	qù chù	4,4	N	去处	去處	place; destination
L7-3387	7-9	去向	去向	qù xiàng	4,4	N	去向	去向	direction in which sb or sth has gone; whereabouts
L7-3388	7-9	趣味	趣味	qù wèi	4,4	N	趣味	趣味	fun; interest; delight; taste; liking; preference
L7-3389	7-9	圈套	圈套	quān tào	1,4	N	圈套	圈套	trap; snare; trick
L7-3390	7-9	圈子	圈子	quān zi	1,5	N	圈子	圈子	circle; ring; (social) circle
L7-3391	7-9	权衡	權衡	quán héng	2,2	V	权衡	權衡	to consider; to weigh (a matter); to balance (pros and cons)
L7-3392	7-9	权威	權威	quán wēi	2,1	N	权威	權威	authority; authoritative; power and prestige
L7-3393	7-9	权益	權益	quán yì	2,4	N	权益	權益	rights; interests; rights and benefits
L7-3394	7-9	全长	全長	quán cháng	2,2	N	全长	全長	overall length; span
L7-3395	7-9	全程	全程	quán chéng	2,2	N	全程	全程	the whole distance; from beginning to end
L7-3396	7-9	全方位	全方位	quán fāng wèi	2,1,4	N	全方位	全方位	all around; omnidirectional; complete; holistic; comprehensive
L7-3397	7-9	全局	全局	quán jú	2,2	N	全局	全局	overall situation
L7-3398	7-9	全力以赴	全力以赴	quán lì yǐ fù	2,4,3,4		全力以赴	全力以赴	(idiom) to make an all-out effort
L7-3399	7-9	全能	全能	quán néng	2,2	Adj	全能	全能	omnipotent; all-round; strong in every area
L7-3400	7-9	全文	全文	quán wén	2,2	N	全文	全文	entire text; full text
L7-3401	7-9	全心全意	全心全意	quán xīn quán yì	2,1,2,4		全心全意	全心全意	(idiom) heart and soul; wholeheartedly
L7-3402	7-9	拳	拳	quán	2	N/V	拳	拳	fist; boxing
L7-3403	7-9	拳头	拳頭	quán tou	2,5	N	拳头	拳頭	fist; (of a product, service, project etc) flagship; key; core
L7-3404	7-9	劝告	勸告	quàn gào	4,4	V/N	劝告	勸告	to advise; to urge; to exhort; exhortation; advice; CL:席[xi2]
L7-3405	7-9	劝说	勸說	quàn shuō	4,1	V	劝说	勸說	to persuade; persuasion; to advise
L7-3406	7-9	劝阻	勸阻	quàn zǔ	4,3	V	劝阻	勸阻	to advise against; to dissuade
L7-3407	7-9	缺口	缺口	quē kǒu	1,3	N	缺口	缺口	nick; jag; gap; shortfall
L7-3408	7-9	缺失	缺失	quē shī	1,1	N/V	缺失	缺失	lack; deficiency; shortcoming; flaw; defect; to be deficient; to lack
L7-3409	7-9	缺席	缺席	quē xí	1,2		缺席	缺席	to be absent
L7-3410	7-9	确切	確切	què qiè	4,4	Adj	确切	確切	definite; exact; precise
L7-3411	7-9	确信	確信	què xìn	4,4	V	确信	確信	to be convinced; to be sure; to firmly believe; to be positive that; definite news
L7-3412	7-9	确凿	確鑿	què záo	4,2	Adj	确凿	確鑿	definite; conclusive; undeniable; authentic; also pr. [que4 zuo4]
L7-3413	7-9	确诊	確診	què zhěn	4,3	V	确诊	確診	to make a definite diagnosis; confirmed (case of a specific disease)
L7-3414	7-9	燃放	燃放	rán fàng	2,4	V	燃放	燃放	to light; to set off (firecrackers etc)
L7-3415	7-9	燃气	燃氣	rán qì	2,4	N	燃气	燃氣	fuel gas (coal gas, natural gas, methane etc)
L7-3416	7-9	燃油	燃油	rán yóu	2,2	N	燃油	燃油	fuel oil
L7-3417	7-9	嚷	嚷	rǎng	3	V	嚷	嚷	to shout; to bellow; to make a big deal of sth; to make a fuss about sth
L7-3418	7-9	让步	讓步	ràng bù	4,4		让步	讓步	to concede; to give in; to yield; a concession; (linguistics) concessive
L7-3419	7-9	饶	饒	ráo	2	V	饶	饒	rich; abundant; exuberant; to add for free; to throw in as bonus; to spare; to forgive; despite; although
L7-3420	7-9	饶恕	饒恕	ráo shù	2,4	V	饶恕	饒恕	to forgive; to pardon; to spare
L7-3421	7-9	扰乱	擾亂	rǎo luàn	3,4	V	扰乱	擾亂	to disturb; to perturb; to harass
L7-3422	7-9	绕行	繞行	rào xíng	4,2	V	绕行	繞行	to take a circular (or circuitous) route; to do a circuit; (of a planet) to orbit; (of a sailor) to circumnavigate; to take a detour; to bypass
L7-3423	7-9	惹	惹	rě	3	V	惹	惹	to provoke; to irritate; to vex; to stir up; to anger; to attract (troubles); to cause (problems)
L7-3424	7-9	热潮	熱潮	rè cháo	4,2	N	热潮	熱潮	wave of enthusiasm; craze; upsurge
L7-3425	7-9	热带	熱帶	rè dài	4,4	N	热带	熱帶	the tropics; tropical
L7-3426	7-9	热气	熱氣	rè qì	4,4	N	热气	熱氣	steam; heat; CL:股[gu3]
L7-3427	7-9	热气球	熱氣球	rè qì qiú	4,4,2	N	热气球	熱氣球	hot air balloon
L7-3428	7-9	热腾腾	熱騰騰	rè téng téng	4,2,2	Adj	热腾腾	熱騰騰	steaming hot; (fig.) bustling; hectic; (fig.) excited; stirred up; (fig.) created only a short time before; freshly minted; hot off the press; (coll.) also pr. [re4 teng1 teng1]
L7-3429	7-9	热衷	熱衷	rè zhōng	4,1	V	热衷	熱衷	to feel strongly about; to be fond of; obsession; deep commitment
L7-3430	7-9	人次	人次	rén cì	2,4	M	人次	人次	person-times; visits; classifier for number of people participating
L7-3431	7-9	人道	人道	rén dào	2,4	N/Adj	人道	人道	human sympathy; humanitarianism; humane; the "human way", one of the stages in the cycle of reincarnation (Buddhism); sexual intercourse
L7-3432	7-9	人格	人格	rén gé	2,2	N	人格	人格	personality; integrity; dignity
L7-3433	7-9	人工智能	人工智能	rén gōng zhì néng	2,1,4,2		人工智能	人工智能	artificial intelligence (AI)
L7-3434	7-9	人均	人均	rén jūn	2,1	V	人均	人均	per capita; averaged per person
L7-3435	7-9	人品	人品	rén pǐn	2,3	N	人品	人品	character; moral strength; integrity; (coll.) looks; appearance; bearing
L7-3436	7-9	人气	人氣	rén qì	2,4	N	人气	人氣	popularity; presence of people; liveliness
L7-3437	7-9	人情	人情	rén qíng	2,2	N	人情	人情	human emotions; social relationship; friendship; favor; a good turn
L7-3438	7-9	人身	人身	rén shēn	2,1	N	人身	人身	person; personal; human body
L7-3439	7-9	人事	人事	rén shì	2,4	N	人事	人事	personnel; human resources; human affairs; ways of the world; (euphemism) sexuality; the facts of life
L7-3440	7-9	人手	人手	rén shǒu	2,3	N	人手	人手	manpower; staff; human hand
L7-3441	7-9	人体	人體	rén tǐ	2,3	N	人体	人體	human body
L7-3442	7-9	人为	人為	rén wéi	2,2	Adj	人为	人為	artificial; man-made; having human cause or origin; human attempt or effort
L7-3443	7-9	人文	人文	rén wén	2,2	N	人文	人文	humanities; culture; humanistic
L7-3444	7-9	人行道	人行道	rén xíng dào	2,2,4	N	人行道	人行道	sidewalk
L7-3445	7-9	人性	人性	rén xìng	2,4	N	人性	人性	human nature; humanity; human; the totality of human attributes
L7-3446	7-9	人选	人選	rén xuǎn	2,3	N	人选	人選	choice of person; candidate
L7-3447	7-9	人缘儿	人緣兒	rén yuán r	2,2,5	N	人缘儿	人緣兒	erhua form of 人緣|人缘[ren2 yuan2]
L7-3448	7-9	人造	人造	rén zào	2,4	Adj	人造	人造	man-made; artificial; synthetic
L7-3449	7-9	人质	人質	rén zhì	2,4	N	人质	人質	hostage
L7-3450	7-9	仁慈	仁慈	rén cí	2,2	Adj	仁慈	仁慈	benevolent; charitable; kind; kindly; kindness; merciful
L7-3451	7-9	忍饥挨饿	忍飢挨餓	rěn jī ái è	3,1,2,4		忍饥挨饿	忍飢挨餓	starving; famished
L7-3452	7-9	忍耐	忍耐	rěn nài	3,4	V	忍耐	忍耐	to endure; to put up with; to exercise patience
L7-3453	7-9	忍心	忍心	rěn xīn	3,1		忍心	忍心	to have the heart to do sth; to steel oneself to a task
L7-3454	7-9	认错	認錯	rèn cuò	4,4		认错	認錯	to admit an error; to acknowledge one's mistake
L7-3455	7-9	认证	認證	rèn zhèng	4,4	V	认证	認證	to authenticate; to approve
L7-3456	7-9	认知	認知	rèn zhī	4,1	V	认知	認知	cognition; cognitive; understanding; perception; awareness; to be cognizant of; to recognize; to realize
L7-3457	7-9	任命	任命	rèn mìng	4,4	V	任命	任命	to appoint; (job) appointment; CL:紙|纸[zhi3]
L7-3458	7-9	任期	任期	rèn qī	4,1	N	任期	任期	term of office; CL:屆|届[jie4]; tenure (entire period in office)
L7-3459	7-9	任人宰割	任人宰割	rèn rén zǎi gē	4,2,3,1		任人宰割	任人宰割	to get trampled on (idiom); to be taken advantage of
L7-3460	7-9	任意	任意	rèn yì	4,4	Adv	任意	任意	any; arbitrary; at will; at random
L7-3461	7-9	任职	任職	rèn zhí	4,2		任职	任職	to hold a post; to take office
L7-3462	7-9	韧性	韌性	rèn xìng	4,4	N	韧性	韌性	toughness
L7-3463	7-9	日程	日程	rì chéng	4,2	N	日程	日程	schedule; itinerary; CL:個|个[ge4]
L7-3464	7-9	日复一日	日復一日	rì fù yī rì	4,4,1,4		日复一日	日復一日	day after day
L7-3465	7-9	日后	日後	rì hòu	4,4	N	日后	日後	sometime; someday (in the future)
L7-3466	7-9	日前	日前	rì qián	4,2	N	日前	日前	the other day; a few days ago
L7-3467	7-9	日趋	日趨	rì qū	4,1	Adv	日趋	日趨	(increasing) day by day; (more critical) with every passing day; gradually
L7-3468	7-9	日新月异	日新月異	rì xīn yuè yì	4,1,4,4		日新月异	日新月異	daily renewal, monthly change (idiom); every day sees new developments; rapid progress
L7-3469	7-9	日益	日益	rì yì	4,4	Adv	日益	日益	day by day; more and more; increasingly; more and more with each passing day
L7-3470	7-9	荣获	榮獲	róng huò	2,4	V	荣获	榮獲	be honored with
L7-3471	7-9	荣幸	榮幸	róng xìng	2,4	Adj	荣幸	榮幸	honored (to have the privilege of ...)
L7-3472	7-9	荣誉	榮譽	róng yù	2,4	N	荣誉	榮譽	honor; credit; glory; (honorable) reputation; honorary
L7-3473	7-9	容光焕发	容光煥發	róng guāng huàn fā	2,1,4,1		容光焕发	容光煥發	face glowing (idiom); looking radiant; all smiles
L7-3474	7-9	容量	容量	róng liàng	2,4	N	容量	容量	capacity; volume; quantitative (science)
L7-3475	7-9	容纳	容納	róng nà	2,4	V	容纳	容納	to hold; to contain; to accommodate; to tolerate (different opinions)
L7-3476	7-9	容忍	容忍	róng rěn	2,3	V	容忍	容忍	to put up with; to tolerate
L7-3477	7-9	容许	容許	róng xǔ	2,3	V	容许	容許	to permit; to allow
L7-3478	7-9	容颜	容顏	róng yán	2,2	N	容颜	容顏	mien; complexion
L7-3479	7-9	溶解	溶解	róng jiě	2,3	V	溶解	溶解	to dissolve
L7-3480	7-9	融	融	róng	2	V	融	融	to melt; to thaw; to blend; to merge; to be in harmony
L7-3481	7-9	融化	融化	róng huà	2,4	V	融化	融化	to melt; to thaw; to dissolve; to blend into; to combine; to fuse
L7-3482	7-9	融洽	融洽	róng qià	2,4	Adj	融洽	融洽	harmonious; friendly relations; on good terms with one another
L7-3483	7-9	冗长	冗長	rǒng cháng	3,2	Adj	冗长	冗長	long and tedious; redundant; superfluous; supernumerary; verbose (of writing)
L7-3484	7-9	柔和	柔和	róu hé	2,2	Adj	柔和	柔和	gentle; soft
L7-3485	7-9	柔软	柔軟	róu ruǎn	2,3	Adj	柔软	柔軟	soft
L7-3486	7-9	揉	揉	róu	2	V	揉	揉	to knead; to massage; to rub
L7-3487	7-9	如果说	如果說	rú guǒ shuō	2,3,1		如果说	如果說	if; if one were to say
L7-3488	7-9	如实	如實	rú shí	2,2	Adv	如实	如實	as things really are; realistic
L7-3489	7-9	如意	如意	rú yì	2,4		如意	如意	as one wants; according to one's wishes; ruyi scepter, a symbol of power and good fortune
L7-3490	7-9	如愿以偿	如願以償	rú yuàn yǐ cháng	2,4,3,2		如愿以偿	如願以償	to have one's wish fulfilled
L7-3491	7-9	如醉如痴	如醉如癡	rú zuì rú chī	2,4,2,1		如醉如痴	如醉如癡	see 如癡如醉|如痴如醉[ru2 chi1 ru2 zui4]
L7-3492	7-9	儒家	儒家	Rú jiā	2,1	N	儒家	儒家	Confucian school, founded by Confucius 孔子[Kong3 zi3] (551-479 BC) and Mencius 孟子[Meng4 zi3] (c. 372-c. 289 BC)
L7-3493	7-9	儒学	儒學	Rú xué	2,2	N	儒学	儒學	Confucianism
L7-3494	7-9	入场	入場	rù chǎng	4,3		入场	入場	to enter the venue for a meeting; to enter into an examination; to enter a stadium, arena etc
L7-3495	7-9	入场券	入場券	rù chǎng quàn	4,3,4	N	入场券	入場券	admission ticket; (fig.) qualification to enter a higher-level competition or field
L7-3496	7-9	入境	入境	rù jìng	4,4		入境	入境	to enter a country
L7-3497	7-9	入侵	入侵	rù qīn	4,1	V	入侵	入侵	to invade
L7-3498	7-9	入手	入手	rù shǒu	4,3	V	入手	入手	to begin (with ...) (typically used in a structure such as 從|从[cong2] + {noun} + 入手[ru4 shou3]: "to begin with {noun}; to take {noun} as one's starting point"); to receive; to obtain; to buy
L7-3499	7-9	入选	入選	rù xuǎn	4,3	V	入选	入選	to be included among those selected for
L7-3500	7-9	软弱	軟弱	ruǎn ruò	3,4	Adj	软弱	軟弱	weak; feeble; flabby
L7-3501	7-9	软实力	軟實力	ruǎn shí lì	3,2,4	N	软实力	軟實力	soft power (in international relations)
L7-3502	7-9	瑞雪	瑞雪	ruì xuě	4,3	N	瑞雪	瑞雪	timely snow
L7-3503	7-9	润	潤	rùn	4	Adj/V	润	潤	moist; glossy; sleek; to moisten; to lubricate; to embellish; to enhance; profit; remuneration; (neologism c. 2021) (slang) (loanword from "run") to emigrate (in order to flee adverse conditions)
L7-3504	7-9	若干	若干	ruò gān	4,1	Pron	若干	若干	a certain number or amount; how many?; how much?
L7-3505	7-9	弱点	弱點	ruò diǎn	4,3	N	弱点	弱點	weak point; failing
L7-3506	7-9	弱势	弱勢	ruò shì	4,4	N	弱势	弱勢	vulnerable; weak
L7-3507	7-9	撒	撒	sā	1	V	撒	撒	to let go; to cast; to let loose; to discharge; to give expression to; (coll.) to pee
L7-3508	7-9	撒谎	撒謊	sā huǎng	1,3		撒谎	撒謊	to tell lies
L7-3509	7-9	赛车	賽車	sài chē	4,1	N	赛车	賽車	auto race; cycle race; race car
L7-3510	7-9	赛跑	賽跑	sài pǎo	4,3	V	赛跑	賽跑	race (running); to race (running)
L7-3511	7-9	三番五次	三番五次	sān fān wǔ cì	1,1,3,4		三番五次	三番五次	over and over again (idiom)
L7-3512	7-9	三角	三角	sān jiǎo	1,3	N/Adj	三角	三角	triangle; (math.) trigonometry (abbr. for 三角學|三角学[san1 jiao3 xue2])
L7-3513	7-9	三维	三維	sān wéi	1,2	Adj	三维	三維	three-dimensional; 3D
L7-3514	7-9	散布	散佈	sàn bù	4,4	V	散布	散佈	to disseminate
L7-3515	7-9	散发	散發	sàn fā	4,1	V	散发	散發	to distribute; to emit; to give off
L7-3516	7-9	桑拿	桑拿	sāng ná	1,2	N	桑拿	桑拿	(loanword) sauna
L7-3517	7-9	嗓子	嗓子	sǎng zi	3,5	N	嗓子	嗓子	throat; voice; CL:把[ba3]
L7-3518	7-9	丧生	喪生	sàng shēng	4,1		丧生	喪生	to die; to lose one's life
L7-3519	7-9	骚乱	騷亂	sāo luàn	1,4	V	骚乱	騷亂	disturbance; riot; to create a disturbance
L7-3520	7-9	骚扰	騷擾	sāo rǎo	1,3	V	骚扰	騷擾	to disturb; to cause a commotion; to harass
L7-3521	7-9	扫除	掃除	sǎo chú	3,2	V	扫除	掃除	to clean; to clean up; to eliminate; to wipe out
L7-3522	7-9	扫描	掃描	sǎo miáo	3,2	V	扫描	掃描	to scan
L7-3523	7-9	扫墓	掃墓	sǎo mù	3,4		扫墓	掃墓	to sweep a grave (and pay one's respects to the dead person)
L7-3524	7-9	扫兴	掃興	sǎo xìng	3,4		扫兴	掃興	to spoil things; to dampen spirits; to feel deflated; to be dispirited
L7-3525	7-9	嫂子	嫂子	sǎo zi	3,5	N	嫂子	嫂子	(coll.) older brother's wife; sister-in-law
L7-3526	7-9	僧人	僧人	sēng rén	1,2	N	僧人	僧人	monk
L7-3527	7-9	杀害	殺害	shā hài	1,4	V	杀害	殺害	to murder
L7-3528	7-9	杀手	殺手	shā shǒu	1,3	N	杀手	殺手	killer; murderer; hit man; (sports) formidable player
L7-3529	7-9	沙龙	沙龍	shā lóng	1,2	N	沙龙	沙龍	salon (loanword)
L7-3530	7-9	沙滩	沙灘	shā tān	1,1	N	沙滩	沙灘	beach; sandy shore; CL:片[pian4]
L7-3531	7-9	纱	紗	shā	1	N	纱	紗	cotton yarn; muslin
L7-3532	7-9	刹车	剎車	shā chē	1,1	N	刹车	剎車	to brake (when driving); to stop; to switch off; to check (bad habits); a brake
L7-3533	7-9	砂糖	砂糖	shā táng	1,2	N	砂糖	砂糖	granulated sugar
L7-3534	7-9	鲨鱼	鯊魚	shā yú	1,2	N	鲨鱼	鯊魚	shark
L7-3535	7-9	傻瓜	傻瓜	shǎ guā	3,1	N	傻瓜	傻瓜	idiot; fool
L7-3536	7-9	筛	篩	shāi	1	V	筛	篩	(bound form) a sieve; to sieve; to sift; to filter; to eliminate through selection; to warm a pot of rice wine (over a fire or in hot water); to pour (wine or tea); (dialect) to strike (a gong)
L7-3537	7-9	筛选	篩選	shāi xuǎn	1,3	V	筛选	篩選	to filter
L7-3538	7-9	晒太阳	曬太陽	shài tài yáng	4,4,2		晒太阳	曬太陽	to be in the sun (getting warm or sunbathing etc); to put sth in the sun (e.g. to dry it)
L7-3539	7-9	山川	山川	shān chuān	1,1	N	山川	山川	mountains and rivers; landscape
L7-3540	7-9	山顶	山頂	shān dǐng	1,3	N	山顶	山頂	hilltop
L7-3541	7-9	山冈	山岡	shān gāng	1,1	N	山冈	山岡	mound; small hill
L7-3542	7-9	山岭	山嶺	shān lǐng	1,3	N	山岭	山嶺	mountain ridge
L7-3543	7-9	山路	山路	shān lù	1,4	N	山路	山路	mountain road
L7-3544	7-9	山寨	山寨	shān zhài	1,4	N	山寨	山寨	fortified hill village; mountain stronghold (esp. of bandits); (fig.) knockoff (goods); counterfeit; imitation
L7-3545	7-9	删	刪	shān	1	V	删	刪	to delete
L7-3546	7-9	删除	刪除	shān chú	1,2	V	删除	刪除	to delete; to cancel
L7-3547	7-9	煽动	煽動	shān dòng	1,4	V	煽动	煽動	to incite; to instigate
L7-3548	7-9	闪烁	閃爍	shǎn shuò	3,4	V	闪烁	閃爍	to glisten; to glitter; to twinkle; to flicker; to be evasive; to equivocate
L7-3549	7-9	善	善	shàn	4	Adj	善	善	good (virtuous); benevolent; well-disposed; good at sth; to improve or perfect
L7-3550	7-9	善意	善意	shàn yì	4,4	N	善意	善意	goodwill; benevolence; kindness
L7-3551	7-9	擅长	擅長	shàn cháng	4,2	V	擅长	擅長	to be good at; to be expert in
L7-3552	7-9	擅自	擅自	shàn zì	4,4	Adv	擅自	擅自	without permission
L7-3553	7-9	膳食	膳食	shàn shí	4,2	N	膳食	膳食	meals; food
L7-3554	7-9	赡养	贍養	shàn yǎng	4,3	V	赡养	贍養	to support; to provide support for; to maintain
L7-3555	7-9	伤残	傷殘	shāng cán	1,2	V	伤残	傷殘	disabled; maimed; crippled; (of objects) damaged
L7-3556	7-9	伤感	傷感	shāng gǎn	1,3	Adj	伤感	傷感	sad; emotional; sentimental; pathos
L7-3557	7-9	伤痕	傷痕	shāng hén	1,2	N	伤痕	傷痕	scar; bruise
L7-3558	7-9	伤脑筋	傷腦筋	shāng nǎo jīn	1,3,1		伤脑筋	傷腦筋	to be a real headache; to find sth a real headache; to beat one's brains
L7-3559	7-9	伤势	傷勢	shāng shì	1,4	N	伤势	傷勢	condition of an injury
L7-3560	7-9	商贩	商販	shāng fàn	1,4	N	商贩	商販	trader; peddler
L7-3561	7-9	商贾	商賈	shāng gǔ	1,3	N	商贾	商賈	merchant
L7-3562	7-9	商讨	商討	shāng tǎo	1,3	V	商讨	商討	to discuss; to deliberate
L7-3563	7-9	上报	上報	shàng bào	4,4	V	上报	上報	to report to one's superiors; to appear in the news; to reply to a letter
L7-3564	7-9	上场	上場	shàng chǎng	4,3		上场	上場	on stage; to go on stage; to take the field
L7-3565	7-9	上方	上方	shàng fāng	4,1	N	上方	上方	place above (it); upper part (of it)
L7-3566	7-9	上岗	上崗	shàng gǎng	4,3		上岗	上崗	to take up one's post; to go on duty; to take up a job
L7-3567	7-9	上火	上火	shàng huǒ	4,3		上火	上火	to get angry; to suffer from excessive internal heat (TCM)
L7-3568	7-9	上空	上空	shàng kōng	4,1	N	上空	上空	the skies above a certain place; (aviation) airspace; (Tw) topless
L7-3569	7-9	上流	上流	shàng liú	4,2	N	上流	上流	upper class
L7-3570	7-9	上期	上期	shàng qī	4,1		上期	上期	previous period (week, month or quarter etc)
L7-3571	7-9	上任	上任	shàng rèn	4,4		上任	上任	to take office; previous (incumbent); predecessor
L7-3572	7-9	上述	上述	shàng shù	4,4	Adj	上述	上述	aforementioned; above-mentioned
L7-3573	7-9	上司	上司	shàng si	4,5	N	上司	上司	boss; superior
L7-3574	7-9	上诉	上訴	shàng sù	4,4	V	上诉	上訴	to appeal (a judicial case); appeal
L7-3575	7-9	上调	上調	shàng tiáo	4,2	V	上调	上調	to raise (prices); to adjust upwards
L7-3576	7-9	上头	上頭	shàng tou	4,5	N	上头	上頭	the top; the upper part; (its) surface; the authorities; those in charge; the higher-ups
L7-3577	7-9	上限	上限	shàng xiàn	4,4	N	上限	上限	upper bound
L7-3578	7-9	上旬	上旬	shàng xún	4,2	N	上旬	上旬	first third of a month
L7-3579	7-9	上瘾	上癮	shàng yǐn	4,3		上瘾	上癮	to get into a habit; to become addicted
L7-3580	7-9	上映	上映	shàng yìng	4,4	V	上映	上映	to screen; to show (a movie)
L7-3581	7-9	上游	上游	shàng yóu	4,2	N	上游	上游	upper reaches (of a river); upper level; upper echelon; upstream
L7-3582	7-9	尚	尚	shàng	4	Adv/Conj	尚	尚	still; yet; to value; to esteem
L7-3583	7-9	尚未	尚未	shàng wèi	4,4	Adv	尚未	尚未	not yet; still not
L7-3584	7-9	捎	捎	shāo	1	V	捎	捎	to bring sth to sb; to deliver
L7-3585	7-9	烧毁	燒燬	shāo huǐ	1,3	V	烧毁	燒燬	to destroy (or be destroyed) by fire
L7-3586	7-9	烧烤	燒烤	shāo kǎo	1,3	N	烧烤	燒烤	barbecue; to roast
L7-3587	7-9	稍后	稍後	shāo hòu	1,4	Adv	稍后	稍後	in a little while; shortly after
L7-3588	7-9	稍候	稍候	shāo hòu	1,4	V	稍候	稍候	to wait a moment
L7-3589	7-9	稍稍	稍稍	shāo shāo	1,1	Adv	稍稍	稍稍	somewhat; a little; slightly
L7-3590	7-9	少不了	少不了	shǎo bu liǎo	3,5,3	V	少不了	少不了	cannot do without; to be unavoidable; are bound to be many
L7-3591	7-9	少见	少見	shǎo jiàn	3,4	V/Adj	少见	少見	rare; seldom seen; (formal) it's a rare pleasure to see you
L7-3592	7-9	少量	少量	shǎo liàng	3,4	Adj	少量	少量	a smidgen; a little bit; a few
L7-3593	7-9	少有	少有	shǎo yǒu	3,3		少有	少有	rare; infrequent
L7-3594	7-9	少林寺	少林寺	Shào lín Sì	4,2,4	N	少林寺	少林寺	Shaolin Temple, Buddhist monastery famous for its kung fu monks
L7-3595	7-9	少女	少女	shào nǚ	4,3	N	少女	少女	girl; young lady
L7-3596	7-9	奢侈	奢侈	shē chǐ	1,3	Adj	奢侈	奢侈	luxurious; extravagant
L7-3597	7-9	奢望	奢望	shē wàng	1,4	V/N	奢望	奢望	an extravagant hope; to have excessive expectations
L7-3598	7-9	设	設	shè	4	V	设	設	to set up; to put in place; (math.) given; suppose; if
L7-3599	7-9	设定	設定	shè dìng	4,4	V	设定	設定	to set; to set up; to install; setting; preferences
L7-3600	7-9	设法	設法	shè fǎ	4,3	V	设法	設法	to try; to make an attempt; to think of a way (to accomplish sth)
L7-3601	7-9	社会主义	社會主義	shè huì zhǔ yì	4,4,3,4		社会主义	社會主義	socialism
L7-3602	7-9	社交	社交	shè jiāo	4,1	N	社交	社交	interaction; social contact
L7-3603	7-9	社论	社論	shè lùn	4,4	N	社论	社論	editorial (in a newspaper); CL:篇[pian1]
L7-3604	7-9	社团	社團	shè tuán	4,2	N	社团	社團	association; society; group; union; club; organization
L7-3605	7-9	涉嫌	涉嫌	shè xián	4,2	V	涉嫌	涉嫌	to be a suspect (in a crime); to be suspected of
L7-3606	7-9	摄氏度	攝氏度	Shè shì dù	4,4,4	M	摄氏度	攝氏度	°C (degrees Celsius)
L7-3607	7-9	谁知道	誰知道	shéi zhī dào	2,1,4		谁知道	誰知道	God knows...; Who would have imagined...?
L7-3608	7-9	申办	申辦	shēn bàn	1,4	V	申办	申辦	to apply for; to bid for
L7-3609	7-9	申报	申報	shēn bào	1,4	V	申报	申報	to report (to the authorities); to declare (to customs)
L7-3610	7-9	申领	申領	shēn lǐng	1,3	V	申领	申領	to apply (for license, visa etc)
L7-3611	7-9	伸手	伸手	shēn shǒu	1,3		伸手	伸手	to reach out with one's hand; to hold out a hand; (fig.) to beg; to get involved; to meddle
L7-3612	7-9	伸缩	伸縮	shēn suō	1,1	V	伸缩	伸縮	to lengthen and shorten; flexible; adjustable; retractable; extensible; telescoping (collapsible)
L7-3613	7-9	伸张	伸張	shēn zhāng	1,1	V	伸张	伸張	to uphold (e.g. justice or virtue); to promote
L7-3614	7-9	身不由己	身不由己	shēn bù yóu jǐ	1,4,2,3		身不由己	身不由己	(idiom) (of one's circumstances) beyond one's control; unable to do anything about it; (of one's actions) not subject to conscious control (i.e. done in spite of oneself)
L7-3615	7-9	身价	身價	shēn jià	1,4	N	身价	身價	social status; price of a slave; price of a person (a sportsman etc); worth; value (of stocks, valuables etc)
L7-3616	7-9	身躯	身軀	shēn qū	1,1	N	身躯	身軀	body
L7-3617	7-9	身心	身心	shēn xīn	1,1	N	身心	身心	body and mind; mental and physical
L7-3618	7-9	身影	身影	shēn yǐng	1,3	N	身影	身影	silhouette; figure
L7-3619	7-9	身子	身子	shēn zi	1,5	N	身子	身子	body; pregnancy; health
L7-3620	7-9	绅士	紳士	shēn shì	1,4	N	绅士	紳士	gentleman
L7-3621	7-9	深奥	深奧	shēn ào	1,4	Adj	深奥	深奧	profound; abstruse; recondite; profoundly
L7-3622	7-9	深切	深切	shēn qiè	1,4	Adj	深切	深切	deeply felt; heartfelt; sincere; honest
L7-3623	7-9	深情	深情	shēn qíng	1,2	N/Adj	深情	深情	deep emotion; deep feeling; deep love; affectionate; loving
L7-3624	7-9	深入人心	深入人心	shēn rù rén xīn	1,4,2,1		深入人心	深入人心	to enter deeply into people's hearts; to have a real impact on the people (idiom)
L7-3625	7-9	深受	深受	shēn shòu	1,4	V	深受	深受	to receive in no small measure
L7-3626	7-9	深思	深思	shēn sī	1,1	V	深思	深思	to ponder; to consider
L7-3627	7-9	深信	深信	shēn xìn	1,4	V	深信	深信	to believe firmly
L7-3628	7-9	深夜	深夜	shēn yè	1,4	N	深夜	深夜	very late at night
L7-3629	7-9	深远	深遠	shēn yuǎn	1,3	Adj	深远	深遠	far-reaching; profound and long-lasting
L7-3630	7-9	神气	神氣	shén qì	2,4	N/Adj	神气	神氣	expression; manner; vigorous; impressive; lofty; pretentious
L7-3631	7-9	神圣	神聖	shén shèng	2,4	Adj	神圣	神聖	divine; hallow; holy; sacred
L7-3632	7-9	神态	神態	shén tài	2,4	N	神态	神態	appearance; manner; bearing; deportment; look; expression; mien
L7-3633	7-9	神仙	神仙	shén xiān	2,1	N	神仙	神仙	Daoist immortal; supernatural entity; (in modern fiction) fairy, elf, leprechaun etc; fig. lighthearted person
L7-3634	7-9	审	審	shěn	3	V	审	審	to examine; to investigate; carefully; to try (in court)
L7-3635	7-9	审定	審定	shěn dìng	3,4	V	审定	審定	to examine sth and make a decision; to screen; to evaluate; to approve
L7-3636	7-9	审核	審核	shěn hé	3,2	V	审核	審核	to audit; to investigate thoroughly
L7-3637	7-9	审美	審美	shěn měi	3,3	V	审美	審美	esthetics; appreciating the arts; taste
L7-3638	7-9	审判	審判	shěn pàn	3,4	V	审判	審判	a trial; to try sb
L7-3639	7-9	审批	審批	shěn pī	3,1	V	审批	審批	to examine and approve; to endorse
L7-3640	7-9	审视	審視	shěn shì	3,4	V	审视	審視	to look closely at; to examine
L7-3641	7-9	肾	腎	shèn	4	N	肾	腎	kidney
L7-3642	7-9	甚至于	甚至於	shèn zhì yú	4,4,2	Adv	甚至于	甚至於	so much (that); even (to the extent that)
L7-3643	7-9	渗	滲	shèn	4	V	渗	滲	to seep; to ooze; to horrify
L7-3644	7-9	渗透	滲透	shèn tòu	4,4	V	渗透	滲透	(lit. and fig.) to permeate; to seep into; (of a product, idea etc) to penetrate (in a population); (of hostile forces) to infiltrate; (chemistry) osmosis
L7-3645	7-9	慎重	慎重	shèn zhòng	4,4	Adj	慎重	慎重	cautious; careful; prudent
L7-3646	7-9	升温	升溫	shēng wēn	1,1	V	升温	升溫	to become hot; temperature rise; (fig.) to intensify; to hot up; to escalate; to get a boost
L7-3647	7-9	生机	生機	shēng jī	1,1	N	生机	生機	opportunity to live; hope of success; vigor; vitality
L7-3648	7-9	生理	生理	shēng lǐ	1,3	N	生理	生理	physiology
L7-3649	7-9	生命线	生命線	shēng mìng xiàn	1,4,4	N	生命线	生命線	lifeline
L7-3650	7-9	生怕	生怕	shēng pà	1,4	V	生怕	生怕	to fear; afraid; extremely nervous; for fear that; to avoid; so as not to
L7-3651	7-9	生平	生平	shēng píng	1,2	N	生平	生平	life (a person's whole life); in one's entire life
L7-3652	7-9	生前	生前	shēng qián	1,2	N	生前	生前	(of a deceased) during one's life; while living
L7-3653	7-9	生死	生死	shēng sǐ	1,3	N/Adj	生死	生死	life or death
L7-3654	7-9	生态	生態	shēng tài	1,4	N	生态	生態	ecology (the study of interactions between organisms and their environment); ecological state (the condition or health of a natural environment); (fig.) ecosystem (a complex network, e.g. in tech, business or media, as in 數字生態|数字生态[shu4 zi4 sheng1 tai4] "digital ecosystem")
L7-3655	7-9	生物	生物	shēng wù	1,4	N	生物	生物	organism; living creature; life form; (attributive) biological; bio-
L7-3656	7-9	生效	生效	shēng xiào	1,4		生效	生效	(of a law, contract, agreement, ban etc) to come into force; to go into effect; to become operative
L7-3657	7-9	生涯	生涯	shēng yá	1,2	N	生涯	生涯	career; life (way in which sb lives); period of one's life
L7-3658	7-9	生硬	生硬	shēng yìng	1,4	Adj	生硬	生硬	rigid; stiff; lacking naturalness or smoothness; awkward; forced
L7-3659	7-9	生育	生育	shēng yù	1,4	V	生育	生育	to give birth to; to bear; fertility
L7-3660	7-9	声称	聲稱	shēng chēng	1,1	V	声称	聲稱	to claim; to state; to proclaim; to assert
L7-3661	7-9	声望	聲望	shēng wàng	1,4	N	声望	聲望	reputation; prestige; public esteem
L7-3662	7-9	声誉	聲譽	shēng yù	1,4	N	声誉	聲譽	reputation; fame
L7-3663	7-9	牲畜	牲畜	shēng chù	1,4	N	牲畜	牲畜	farm animal; livestock
L7-3664	7-9	绳子	繩子	shéng zi	2,5	N	绳子	繩子	cord; string; rope; CL:條|条[tiao2]
L7-3665	7-9	省略	省略	shěng lüè	3,4	V	省略	省略	to leave out; an omission
L7-3666	7-9	省事	省事	shěng shì	3,4		省事	省事	to simplify matters; to save trouble
L7-3667	7-9	圣贤	聖賢	shèng xián	4,2	N	圣贤	聖賢	a sage; wise and holy man; virtuous ruler; Buddhist lama; wine
L7-3668	7-9	胜出	勝出	shèng chū	4,1	V	胜出	勝出	to come out on top; to win (in an election, contest etc); success; victory
L7-3669	7-9	胜任	勝任	shèng rèn	4,4	V	胜任	勝任	qualified; competent (professionally); to be up to a task
L7-3670	7-9	盛大	盛大	shèng dà	4,4	Adj	盛大	盛大	grand; majestic; magnificent
L7-3671	7-9	盛会	盛會	shèng huì	4,4	N	盛会	盛會	pageant; distinguished meeting
L7-3672	7-9	盛开	盛開	shèng kāi	4,1	V	盛开	盛開	blooming; in full flower
L7-3673	7-9	盛气凌人	盛氣凌人	shèng qì líng rén	4,4,2,2		盛气凌人	盛氣凌人	overbearing; arrogant bully
L7-3674	7-9	剩余	剩餘	shèng yú	4,2	V	剩余	剩餘	to remain; to be left over; what remains; what's left
L7-3675	7-9	尸体	屍體	shī tǐ	1,3	N	尸体	屍體	corpse; dead body
L7-3676	7-9	失传	失傳	shī chuán	1,2	V	失传	失傳	(of skills etc) to die out; lost; extinct
L7-3677	7-9	失控	失控	shī kòng	1,4	V	失控	失控	to go out of control
L7-3678	7-9	失利	失利	shī lì	1,4		失利	失利	to lose; to suffer defeat
L7-3679	7-9	失恋	失戀	shī liàn	1,4		失恋	失戀	to lose one's love; to break up (in a romantic relationship); to feel jilted
L7-3680	7-9	失灵	失靈	shī líng	1,2	V	失灵	失靈	out of order (of machine); not working properly; a failing (of a system)
L7-3681	7-9	失落	失落	shī luò	1,4	V/Adj	失落	失落	to lose (sth); to drop (sth); to feel a sense of loss; frustrated; disappointment; loss
L7-3682	7-9	失眠	失眠	shī mián	1,2		失眠	失眠	to suffer from insomnia
L7-3683	7-9	失明	失明	shī míng	1,2		失明	失明	to lose one's eyesight; to become blind; blindness
L7-3684	7-9	失效	失效	shī xiào	1,4		失效	失效	to fail; to lose effectiveness
L7-3685	7-9	失业率	失業率	shī yè lǜ	1,4,4	N	失业率	失業率	unemployment rate
L7-3686	7-9	失踪	失蹤	shī zōng	1,1		失踪	失蹤	to be missing; to disappear; unaccounted for
L7-3687	7-9	师范	師範	shī fàn	1,4	N	师范	師範	teacher-training; pedagogical; normal (school, e.g. Beijing Normal University)
L7-3688	7-9	师长	師長	shī zhǎng	1,3	N	师长	師長	military division level commander; teacher
L7-3689	7-9	师资	師資	shī zī	1,1	N	师资	師資	qualified teacher
L7-3690	7-9	狮子	獅子	shī zi	1,5	N	狮子	獅子	lion; CL:隻|只[zhi1],頭|头[tou2]
L7-3691	7-9	施工	施工	shī gōng	1,1		施工	施工	construction; to carry out construction or large-scale repairs
L7-3692	7-9	施加	施加	shī jiā	1,1	V	施加	施加	to exert (effort or pressure)
L7-3693	7-9	施行	施行	shī xíng	1,2	V	施行	施行	to put in place; to put into practice; to take effect
L7-3694	7-9	施压	施壓	shī yā	1,1	V	施压	施壓	to pressure
L7-3695	7-9	湿度	濕度	shī dù	1,4	N	湿度	濕度	humidity level
L7-3696	7-9	湿润	濕潤	shī rùn	1,4	Adj	湿润	濕潤	moist
L7-3697	7-9	十字路口	十字路口	shí zì lù kǒu	2,4,4,3		十字路口	十字路口	crossroads; intersection
L7-3698	7-9	时不时	時不時	shí bù shí	2,4,2	Adv	时不时	時不時	from time to time
L7-3699	7-9	时段	時段	shí duàn	2,4	N	时段	時段	time interval; work shift; time slot; the twelve two-hour divisions of the day
L7-3700	7-9	时隔	時隔	shí gé	2,2		时隔	時隔	separated in time (usu. followed by a quantity of time)
L7-3701	7-9	时好时坏	時好時壞	shí hǎo shí huài	2,3,2,4		时好时坏	時好時壞	sometimes good, sometimes bad
L7-3702	7-9	时间表	時間表	shí jiān biǎo	2,1,3	N	时间表	時間表	schedule; timetable
L7-3703	7-9	时空	時空	shí kōng	2,1	N	时空	時空	time and place; world of a particular locale and era; (physics) space-time
L7-3704	7-9	时髦	時髦	shí máo	2,2	Adj	时髦	時髦	in vogue; fashionable
L7-3705	7-9	时尚	時尚	shí shàng	2,4	Adj	时尚	時尚	fashion; fad; fashionable
L7-3706	7-9	时速	時速	shí sù	2,4	N	时速	時速	speed per hour
L7-3707	7-9	识别	識別	shí bié	2,2	V	识别	識別	to distinguish; to discern; to identify; to recognize
L7-3708	7-9	实地	實地	shí dì	2,4	Adv	实地	實地	on-site
L7-3709	7-9	实话	實話	shí huà	2,4	N	实话	實話	truth
L7-3710	7-9	实话实说	實話實說	shí huà shí shuō	2,4,2,1		实话实说	實話實說	to tell the truth; to tell it as it is
L7-3711	7-9	实况	實況	shí kuàng	2,4	N	实况	實況	live (e.g. broadcast or recording); what is actually happening; scene; the real situation
L7-3712	7-9	实事求是	實事求是	shí shì qiú shì	2,4,2,4		实事求是	實事求是	lit. to seek truth from facts (idiom); fig. to be practical and realistic
L7-3713	7-9	实体	實體	shí tǐ	2,3	N	实体	實體	entity; substance; thing that has a material existence (as opposed to a conceptual, virtual or online existence); the real thing (as opposed to an image or model of it)
L7-3714	7-9	实物	實物	shí wù	2,4	N	实物	實物	material object; concrete object; original object; in kind; object for practical use; definite thing; reality; matter (physics)
L7-3715	7-9	实质	實質	shí zhì	2,4	N	实质	實質	substance; essence
L7-3716	7-9	食宿	食宿	shí sù	2,4	N	食宿	食宿	board and lodging; room and board
L7-3717	7-9	食用	食用	shí yòng	2,4	V	食用	食用	to eat; to consume; edible
L7-3718	7-9	史无前例	史無前例	shǐ wú qián lì	3,2,2,4		史无前例	史無前例	(idiom) unprecedented in history
L7-3719	7-9	使唤	使喚	shǐ huan	3,5	V	使唤	使喚	to order sb around; (coll.) to handle (a draught animal, tool, machine etc); Taiwan pr. [shi3 huan4]
L7-3720	7-9	使命	使命	shǐ mìng	3,4	N	使命	使命	mission; long-term task to which one devotes oneself; a calling
L7-3721	7-9	使者	使者	shǐ zhě	3,3	N	使者	使者	emissary; envoy
L7-3722	7-9	士气	士氣	shì qì	4,4	N	士气	士氣	morale
L7-3723	7-9	示威	示威	shì wēi	4,1	V	示威	示威	to demonstrate (as a protest); a demonstration; a military show of force
L7-3724	7-9	示意	示意	shì yì	4,4	V	示意	示意	to hint; to indicate (an idea to sb)
L7-3725	7-9	世代	世代	shì dài	4,4	N	世代	世代	for many generations; generation; era; age
L7-3726	7-9	世故	世故	shì gu	4,5	Adj	世故	世故	sophisticated; worldly-wise
L7-3727	7-9	世界级	世界級	shì jiè jí	4,4,2		世界级	世界級	world-class
L7-3728	7-9	世袭	世襲	shì xí	4,2	V	世袭	世襲	succession; inheritance; hereditary
L7-3729	7-9	市场经济	市場經濟	shì chǎng jīng jì	4,3,1,4		市场经济	市場經濟	market economy
L7-3730	7-9	势必	勢必	shì bì	4,4	Adv	势必	勢必	to be bound to; undoubtedly will
L7-3731	7-9	势不可当	勢不可當	shì bù kě dāng	4,4,3,1		势不可当	勢不可當	impossible to resist (idiom); an irresistible force
L7-3732	7-9	势头	勢頭	shì tóu	4,2	N	势头	勢頭	power; momentum; tendency; impetus; situation; the look of things
L7-3733	7-9	事迹	事跡	shì jì	4,4	N	事迹	事跡	notable deeds; exploits
L7-3734	7-9	事态	事態	shì tài	4,4	N	事态	事態	situation; existing state of affairs
L7-3735	7-9	事务	事務	shì wù	4,4	N	事务	事務	(political, economic etc) affairs; work; transaction (as in a computer database)
L7-3736	7-9	事务所	事務所	shì wù suǒ	4,4,3	N	事务所	事務所	business office; firm
L7-3737	7-9	事项	事項	shì xiàng	4,4	N	事项	事項	matter; item
L7-3738	7-9	事宜	事宜	shì yí	4,2	N	事宜	事宜	matters; arrangements
L7-3739	7-9	侍候	侍候	shì hòu	4,4	V	侍候	侍候	to serve; to wait upon
L7-3740	7-9	试探	試探	shì tàn	4,4	V	试探	試探	to sound out; to probe; to feel out; to try out
L7-3741	7-9	试行	試行	shì xíng	4,2	V	试行	試行	to try out; to test
L7-3742	7-9	试用	試用	shì yòng	4,4	V	试用	試用	to try sth out; to be on probation
L7-3743	7-9	试用期	試用期	shì yòng qī	4,4,1	N	试用期	試用期	trial period; probationary period
L7-3744	7-9	视察	視察	shì chá	4,2	V	视察	視察	to inspect; an investigation
L7-3745	7-9	视角	視角	shì jiǎo	4,3	N	视角	視角	angle from which one observes an object; (fig.) perspective; viewpoint; frame of reference; (cinematography) camera angle; (visual perception) visual angle (the angle a viewed object subtends at the eye); (photography) angle of view
L7-3746	7-9	视觉	視覺	shì jué	4,2	N	视觉	視覺	sight; vision; visual
L7-3747	7-9	视力	視力	shì lì	4,4	N	视力	視力	eyesight; visual acuity
L7-3748	7-9	视线	視線	shì xiàn	4,4	N	视线	視線	line of sight
L7-3749	7-9	视野	視野	shì yě	4,3	N	视野	視野	field of view; (fig.) outlook; perspective
L7-3750	7-9	柿子	柿子	shì zi	4,5	N	柿子	柿子	persimmon; (Northeastern dialect) tomato
L7-3751	7-9	是非	是非	shì fēi	4,1	N	是非	是非	right and wrong; quarrel
L7-3752	7-9	适度	適度	shì dù	4,4	Adj	适度	適度	moderately; appropriate
L7-3753	7-9	适量	適量	shì liàng	4,4	Adj	适量	適量	appropriate amount
L7-3754	7-9	适时	適時	shì shí	4,2	Adj	适时	適時	timely; apt to the occasion; in due course
L7-3755	7-9	适宜	適宜	shì yí	4,2	Adj	适宜	適宜	suitable; appropriate
L7-3756	7-9	逝世	逝世	shì shì	4,4	V	逝世	逝世	to pass away; to die
L7-3757	7-9	释放	釋放	shì fàng	4,4	V	释放	釋放	to release (a prisoner); to set free; to release (energy, gas, resources); to express (emotions, goodwill, intentions)
L7-3758	7-9	嗜好	嗜好	shì hào	4,4	N	嗜好	嗜好	hobby; indulgence; habit; addiction
L7-3759	7-9	收复	收復	shōu fù	1,4	V	收复	收復	to recover (lost territory etc); to recapture
L7-3760	7-9	收据	收據	shōu jù	1,4	N	收据	收據	receipt; CL:張|张[zhang1]
L7-3761	7-9	收敛	收斂	shōu liǎn	1,3	V	收敛	收斂	to dwindle; to vanish; to make vanish; to exercise restraint; to curb (one's mirth, arrogance etc); to astringe; (math.) to converge
L7-3762	7-9	收留	收留	shōu liú	1,2	V	收留	收留	to offer shelter; to have sb in one's care
L7-3763	7-9	收买	收買	shōu mǎi	1,3	V	收买	收買	to purchase; to buy; to bribe; to buy off
L7-3764	7-9	收视率	收視率	shōu shì lǜ	1,4,4	N	收视率	收視率	ratings (of a TV show)
L7-3765	7-9	收缩	收縮	shōu suō	1,1	V	收缩	收縮	to pull back; to shrink; to contract; (physiology) systole
L7-3766	7-9	收支	收支	shōu zhī	1,1	N	收支	收支	cash flow; financial balance; income and expenditure
L7-3767	7-9	手臂	手臂	shǒu bì	3,4	N	手臂	手臂	arm (from shoulder to wrist); (fig.) assistant; helper
L7-3768	7-9	手册	手冊	shǒu cè	3,4	N	手册	手冊	manual; handbook
L7-3769	7-9	手动	手動	shǒu dòng	3,4	Adj	手动	手動	manual; manually operated; manual gear-change
L7-3770	7-9	手脚	手腳	shǒu jiǎo	3,3	N	手脚	手腳	hand and foot; movement of limbs; action; trick; step in a procedure (CL:道[dao4])
L7-3771	7-9	手帕	手帕	shǒu pà	3,4	N	手帕	手帕	handkerchief; CL:方[fang1]
L7-3772	7-9	手枪	手槍	shǒu qiāng	3,1	N	手枪	手槍	pistol; CL:把[ba3]
L7-3773	7-9	手势	手勢	shǒu shì	3,4	N	手势	手勢	gesture; sign; signal
L7-3774	7-9	手术室	手術室	shǒu shù shì	3,4,4	N	手术室	手術室	operating room
L7-3775	7-9	手头	手頭	shǒu tóu	3,2	N	手头	手頭	on hand; at hand; one's financial situation
L7-3776	7-9	手腕	手腕	shǒu wàn	3,4	N	手腕	手腕	wrist; trickery; finesse; ability; skill
L7-3777	7-9	手艺	手藝	shǒu yì	3,4	N	手艺	手藝	craftmanship; workmanship; handicraft; trade
L7-3778	7-9	手掌	手掌	shǒu zhǎng	3,3	N	手掌	手掌	palm
L7-3779	7-9	守候	守候	shǒu hòu	3,4	V	守候	守候	to wait for; to expect; to keep watch; to watch over; to nurse
L7-3780	7-9	守护	守護	shǒu hù	3,4	V	守护	守護	to guard; to protect
L7-3781	7-9	守株待兔	守株待兔	shǒu zhū dài tù	3,1,4,4		守株待兔	守株待兔	lit. to guard a tree-stump, waiting for rabbits (idiom); to wait idly for opportunities; to trust to chance rather than show initiative
L7-3782	7-9	首创	首創	shǒu chuàng	3,4	V	首创	首創	to originate; to pioneer; to invent
L7-3783	7-9	首府	首府	shǒu fǔ	3,3	N	首府	首府	capital city of an autonomous region
L7-3784	7-9	首批	首批	shǒu pī	3,1		首批	首批	first batch
L7-3785	7-9	首饰	首飾	shǒu shì	3,4	N	首饰	首飾	jewelry; head ornament
L7-3786	7-9	首要	首要	shǒu yào	3,4	Adj	首要	首要	the most important; of chief importance
L7-3787	7-9	寿命	壽命	shòu mìng	4,4	N	寿命	壽命	life span; life expectancy; lifetime (of a machine)
L7-3788	7-9	受过	受過	shòu guò	4,4		受过	受過	to take the blame (for sb else)
L7-3789	7-9	受害	受害	shòu hài	4,4		受害	受害	to suffer damage, injury etc; damaged; injured; killed; robbed
L7-3790	7-9	受害人	受害人	shòu hài rén	4,4,2	N	受害人	受害人	victim
L7-3791	7-9	受贿	受賄	shòu huì	4,4		受贿	受賄	to accept a bribe
L7-3792	7-9	受惊	受驚	shòu jīng	4,1		受惊	受驚	startled
L7-3793	7-9	受苦	受苦	shòu kǔ	4,3		受苦	受苦	to suffer hardship
L7-3794	7-9	受理	受理	shòu lǐ	4,3	V	受理	受理	to accept to hear a case; to handle (a service)
L7-3795	7-9	受骗	受騙	shòu piàn	4,4		受骗	受騙	to be cheated; to be taken in; to be hoodwinked
L7-3796	7-9	受益	受益	shòu yì	4,4	V	受益	受益	to benefit from; profit
L7-3797	7-9	授权	授權	shòu quán	4,2	V	授权	授權	to authorize
L7-3798	7-9	授予	授予	shòu yǔ	4,3	V	授予	授予	to award; to confer
L7-3799	7-9	售价	售價	shòu jià	4,4	N	售价	售價	selling price
L7-3800	7-9	售票	售票	shòu piào	4,4	V	售票	售票	to sell tickets
L7-3801	7-9	书橱	書櫥	shū chú	1,2	N	书橱	書櫥	bookcase
L7-3802	7-9	书籍	書籍	shū jí	1,2	N	书籍	書籍	books; works
L7-3803	7-9	书记	書記	shū ji	1,5	N	书记	書記	secretary (chief official of a branch of a socialist or communist party); clerk; scribe
L7-3804	7-9	书面	書面	shū miàn	1,4	Adj	书面	書面	in writing; written
L7-3805	7-9	书写	書寫	shū xiě	1,3	V	书写	書寫	to write
L7-3806	7-9	抒情	抒情	shū qíng	1,2	V	抒情	抒情	to express emotion; lyric
L7-3807	7-9	枢纽	樞紐	shū niǔ	1,3	N	枢纽	樞紐	hub (e.g. of traffic network); hinge; pivot; fulcrum
L7-3808	7-9	梳	梳	shū	1	V	梳	梳	to comb; (bound form) a comb
L7-3809	7-9	梳理	梳理	shū lǐ	1,3	V	梳理	梳理	to comb; fig. to sort out
L7-3810	7-9	梳子	梳子	shū zi	1,5	N	梳子	梳子	comb; CL:把[ba3]
L7-3811	7-9	舒畅	舒暢	shū chàng	1,4	Adj	舒畅	舒暢	happy; entirely free from worry
L7-3812	7-9	疏导	疏導	shū dǎo	1,3	V	疏导	疏導	to dredge; to open up a path for; to remove obstructions; to clear the way; to enlighten; persuasion
L7-3813	7-9	疏忽	疏忽	shū hu	1,5	V	疏忽	疏忽	to neglect; to overlook; negligence; carelessness
L7-3814	7-9	疏散	疏散	shū sàn	1,4	Adj/V	疏散	疏散	to scatter; to disperse; to evacuate; scattered; sparse
L7-3815	7-9	疏通	疏通	shū tōng	1,1	V	疏通	疏通	to unblock; to dredge; to clear the way; to get things flowing; to facilitate; to mediate; to lobby; to explicate (a text)
L7-3816	7-9	输家	輸家	shū jiā	1,1	N	输家	輸家	loser (as opposed to winner 贏家|赢家[ying2 jia1])
L7-3817	7-9	输送	輸送	shū sòng	1,4	V	输送	輸送	to transport; to convey; to deliver
L7-3818	7-9	输血	輸血	shū xuè	1,4		输血	輸血	to transfuse blood; to give aid and support
L7-3819	7-9	输液	輸液	shū yè	1,4		输液	輸液	intravenous infusion; to get put on an IV
L7-3820	7-9	赎	贖	shú	2	V	赎	贖	to redeem; to ransom
L7-3821	7-9	暑期	暑期	shǔ qī	3,1	N	暑期	暑期	summer vacation time
L7-3822	7-9	属性	屬性	shǔ xìng	3,4	N	属性	屬性	attribute; property
L7-3823	7-9	曙光	曙光	shǔ guāng	3,1	N	曙光	曙光	the first light of dawn; (fig.) glimmer of hope after a dark period; a new beginning
L7-3824	7-9	束缚	束縛	shù fù	4,4	V	束缚	束縛	to bind; to tie up; to fetter; to shackle
L7-3825	7-9	树立	樹立	shù lì	4,4	V	树立	樹立	to set up; to establish
L7-3826	7-9	树木	樹木	shù mù	4,4	N	树木	樹木	tree
L7-3827	7-9	树梢	樹梢	shù shāo	4,1	N	树梢	樹梢	the tip of a tree; treetop
L7-3828	7-9	树荫	樹蔭	shù yīn	4,1	N	树荫	樹蔭	shade of a tree; Taiwan pr. [shu4yin4]
L7-3829	7-9	树枝	樹枝	shù zhī	4,1	N	树枝	樹枝	branch; twig
L7-3830	7-9	竖	豎	shù	4	V/Adj	竖	豎	to erect; vertical; vertical stroke (in Chinese characters)
L7-3831	7-9	数额	數額	shù é	4,2	N	数额	數額	amount; sum of money; fixed number
L7-3832	7-9	数据库	數據庫	shù jù kù	4,4,4	N	数据库	數據庫	(computing) database
L7-3833	7-9	刷新	刷新	shuā xīn	1,1	V	刷新	刷新	to renovate; to refurbish; to refresh (computer window); to write a new page (in history); to break (a record)
L7-3834	7-9	耍	耍	shuǎ	3	V	耍	耍	to play with; to wield; to act (cool etc); to display (a skill, one's temper etc)
L7-3835	7-9	耍赖	耍賴	shuǎ lài	3,4	V	耍赖	耍賴	to act shamelessly; to refuse to acknowledge that one has lost the game, or made a promise etc; to act dumb; to act as if sth never happened
L7-3836	7-9	衰减	衰減	shuāi jiǎn	1,3	V	衰减	衰減	to weaken; to attenuate
L7-3837	7-9	衰竭	衰竭	shuāi jié	1,2	V	衰竭	衰竭	organ failure; exhaustion; prostration (medicine)
L7-3838	7-9	衰老	衰老	shuāi lǎo	1,3	Adj	衰老	衰老	to age; to deteriorate with age; old and weak
L7-3839	7-9	衰弱	衰弱	shuāi ruò	1,4	Adj	衰弱	衰弱	weak; feeble
L7-3840	7-9	衰退	衰退	shuāi tuì	1,4	V	衰退	衰退	to decline; to fall; to drop; to falter; a decline; recession (in economics)
L7-3841	7-9	摔跤	摔跤	shuāi jiāo	1,1		摔跤	摔跤	to trip and fall; to wrestle; wrestling (sports)
L7-3842	7-9	甩	甩	shuǎi	3	V	甩	甩	to throw; to fling; to swing; to leave behind; to throw off; to dump (sb)
L7-3843	7-9	率	率	shuài	4	V	率	率	to lead; to command; rash; hasty; frank; straightforward; generally; usually
L7-3844	7-9	拴	拴	shuān	1	V	拴	拴	to tie up
L7-3845	7-9	涮	涮	shuàn	4	V	涮	涮	to rinse; to swish (in water); to trick; to fool sb; to cook by dipping finely sliced ingredients briefly in boiling water or soup (generally done at the dining table)
L7-3846	7-9	双胞胎	雙胞胎	shuāng bāo tāi	1,1,1	N	双胞胎	雙胞胎	twin; CL:對|对[dui4]
L7-3847	7-9	双边	雙邊	shuāng biān	1,1	Adj	双边	雙邊	bilateral
L7-3848	7-9	双重	雙重	shuāng chóng	1,2	Adj	双重	雙重	double
L7-3849	7-9	双向	雙向	shuāng xiàng	1,4	Adj	双向	雙向	bidirectional; two-way; interactive
L7-3850	7-9	双赢	雙贏	shuāng yíng	1,2	V	双赢	雙贏	profitable to both sides; a win-win situation
L7-3851	7-9	霜	霜	shuāng	1	N	霜	霜	frost; white powder or cream spread over a surface; frosting; (skin) cream
L7-3852	7-9	爽快	爽快	shuǎng kuai	3,5	Adj	爽快	爽快	refreshed; rejuvenated; frank and straightforward
L7-3853	7-9	水槽	水槽	shuǐ cáo	3,2	N	水槽	水槽	sink
L7-3854	7-9	水稻	水稻	shuǐ dào	3,4	N	水稻	水稻	rice; paddy; CL:株[zhu1]
L7-3855	7-9	水管	水管	shuǐ guǎn	3,3	N	水管	水管	water pipe
L7-3856	7-9	水壶	水壺	shuǐ hú	3,2	N	水壶	水壺	kettle; canteen; watering can
L7-3857	7-9	水货	水貨	shuǐ huò	3,4	N	水货	水貨	smuggled goods; unauthorized goods
L7-3858	7-9	水晶	水晶	shuǐ jīng	3,1	N	水晶	水晶	crystal
L7-3859	7-9	水利	水利	shuǐ lì	3,4	N	水利	水利	water conservancy; irrigation works
L7-3860	7-9	水灵灵	水靈靈	shuǐ líng líng	3,2,2	Adj	水灵灵	水靈靈	see 水靈|水灵[shui3 ling2]
L7-3861	7-9	水龙头	水龍頭	shuǐ lóng tóu	3,2,2	N	水龙头	水龍頭	faucet; tap
L7-3862	7-9	水落石出	水落石出	shuǐ luò shí chū	3,4,2,1		水落石出	水落石出	(lit.) as the water recedes, the rocks appear (idiom); (fig.) the truth comes to light
L7-3863	7-9	水面	水面	shuǐ miàn	3,4	N	水面	水面	water surface
L7-3864	7-9	水手	水手	shuǐ shǒu	3,3	N	水手	水手	sailor; seaman; mariner
L7-3865	7-9	水温	水溫	shuǐ wēn	3,1	N	水温	水溫	water temperature
L7-3866	7-9	水域	水域	shuǐ yù	3,4	N	水域	水域	waters; body of water
L7-3867	7-9	水源	水源	shuǐ yuán	3,2	N	水源	水源	water source; water supply; headwaters of a river
L7-3868	7-9	水涨船高	水漲船高	shuǐ zhǎng chuán gāo	3,3,2,1		水涨船高	水漲船高	the tide rises, the boat floats (idiom); fig. to change with the overall trend; to develop according to the situation
L7-3869	7-9	水准	水準	shuǐ zhǔn	3,3	N	水准	水準	level (of achievement etc); standard; level (surveying)
L7-3870	7-9	税收	稅收	shuì shōu	4,1	N	税收	稅收	taxation
L7-3871	7-9	税务	稅務	shuì wù	4,4	N	税务	稅務	taxation services; state revenue service
L7-3872	7-9	睡袋	睡袋	shuì dài	4,4	N	睡袋	睡袋	sleeping bag
L7-3873	7-9	顺便	順便	shùn biàn	4,4	Adv	顺便	順便	conveniently; in passing; without much extra effort
L7-3874	7-9	顺差	順差	shùn chā	4,1	N	顺差	順差	(trade or budget) surplus
L7-3875	7-9	顺畅	順暢	shùn chàng	4,4	Adj	顺畅	順暢	smooth and unhindered; fluent
L7-3876	7-9	顺从	順從	shùn cóng	4,2	V	顺从	順從	obedient; to comply; to submit; to defer
L7-3877	7-9	顺理成章	順理成章	shùn lǐ chéng zhāng	4,3,2,1		顺理成章	順理成章	logical; only to be expected; rational and clearly structured (of text)
L7-3878	7-9	顺路	順路	shùn lù	4,4	Adj/Adv	顺路	順路	by the way; while out doing sth else; conveniently
L7-3879	7-9	顺其自然	順其自然	shùn qí zì rán	4,2,4,2		顺其自然	順其自然	to let nature take its course (idiom)
L7-3880	7-9	顺势	順勢	shùn shì	4,4	Adv	顺势	順勢	to take advantage; to seize an opportunity; in passing; without taking extra trouble; conveniently
L7-3881	7-9	顺手	順手	shùn shǒu	4,3	Adj/Adv	顺手	順手	as an incidental action while doing sth else; while one is at it; in passing; smooth; easy; without difficulty
L7-3882	7-9	顺心	順心	shùn xīn	4,1		顺心	順心	happy; satisfactory
L7-3883	7-9	顺应	順應	shùn yìng	4,4	V	顺应	順應	to comply with; to conform to; to adapt to; to go along with; in tune with
L7-3884	7-9	顺着	順著	shùn zhe	4,5		顺着	順著	to follow; following; along
L7-3885	7-9	瞬间	瞬間	shùn jiān	4,1	N	瞬间	瞬間	in an instant; in a flash
L7-3886	7-9	说白了	說白了	shuō bái le	1,2,5		说白了	說白了	to speak frankly
L7-3887	7-9	说不上	說不上	shuō bu shàng	1,5,4	V	说不上	說不上	to be unable to say or tell; to not be worth mentioning
L7-3888	7-9	说到底	說到底	shuō dào dǐ	1,4,3		说到底	說到底	in the final analysis; in the end
L7-3889	7-9	说道	說道	shuō dao	1,5	V/N	说道	說道	to discuss; reason (behind sth)
L7-3890	7-9	说干就干	說幹就幹	shuō gàn jiù gàn	1,4,4,4		说干就干	說幹就幹	to do what needs to be done, without delay
L7-3891	7-9	说谎	說謊	shuō huǎng	1,3		说谎	說謊	to lie; to tell an untruth
L7-3892	7-9	说老实话	說老實話	shuō lǎo shi huà	1,3,5,4		说老实话	說老實話	to be honest; to tell the truth; to be frank
L7-3893	7-9	说起来	說起來	shuō qǐlái			说起来	說起來	speaking of it; when it comes to
L7-3894	7-9	说情	說情	shuō qíng	1,2		说情	說情	to intercede; to plead for sb else
L7-3895	7-9	说闲话	說閒話	shuō xián huà	1,2,4		说闲话	說閒話	to chat; to gossip
L7-3896	7-9	说真的	說真的	shuō zhēn de	1,1,5		说真的	說真的	to tell the truth; honestly; in fact
L7-3897	7-9	硕果	碩果	shuò guǒ	4,3	N	硕果	碩果	major achievement; great work; triumphant success
L7-3898	7-9	司法	司法	sī fǎ	1,3	V	司法	司法	judicial; (administration of) justice
L7-3899	7-9	司空见惯	司空見慣	sī kōng jiàn guàn	1,1,4,4		司空见惯	司空見慣	a common occurrence (idiom)
L7-3900	7-9	司令	司令	sī lìng	1,4	N	司令	司令	commanding officer
L7-3901	7-9	丝	絲	sī	1	N	丝	絲	silk; thread-like thing; (cuisine) shreds or julienne strips; classifier: a trace (of smoke etc), a tiny bit etc
L7-3902	7-9	丝绸	絲綢	sī chóu	1,2	N	丝绸	絲綢	silk (cloth)
L7-3903	7-9	丝毫	絲毫	sī háo	1,2	Adj	丝毫	絲毫	the slightest amount or degree; a bit
L7-3904	7-9	私房钱	私房錢	sī fáng qián	1,2,2	N	私房钱	私房錢	secret purse; secret stash of money
L7-3905	7-9	私家车	私家車	sī jiā chē	1,1,1	N	私家车	私家車	private car
L7-3906	7-9	私立	私立	sī lì	1,4	V/Adj	私立	私立	privately-run; private (school, hospital etc); to set up illegally
L7-3907	7-9	私事	私事	sī shì	1,4	N	私事	私事	personal matters
L7-3908	7-9	私下	私下	sī xià	1,4	N/Adv	私下	私下	in private
L7-3909	7-9	私营	私營	sī yíng	1,2	Adj	私营	私營	privately-owned; private
L7-3910	7-9	私有	私有	sī yǒu	1,3	V	私有	私有	private; privately-owned
L7-3911	7-9	私自	私自	sī zì	1,4	Adv	私自	私自	private; personal; secretly; without explicit approval
L7-3912	7-9	思路	思路	sī lù	1,4	N	思路	思路	line of thought; way of thinking
L7-3913	7-9	思念	思念	sī niàn	1,4	V	思念	思念	to think of; to long for; to miss
L7-3914	7-9	思前想后	思前想後	sī qián xiǎng hòu	1,2,3,4		思前想后	思前想後	to consider past cause and future effect (idiom); to think over the past and future; to ponder over reasons and connection
L7-3915	7-9	思索	思索	sī suǒ	1,3	V	思索	思索	to think deeply; to ponder
L7-3916	7-9	撕	撕	sī	1	V	撕	撕	to tear
L7-3917	7-9	死心	死心	sǐ xīn	3,1		死心	死心	to give up; to admit failure; to drop the matter; to reconcile oneself to loss; to have no more illusions about
L7-3918	7-9	死心塌地	死心塌地	sǐ xīn tā dì	3,1,1,4		死心塌地	死心塌地	to be hell-bent on; dead set on sth; unswerving
L7-3919	7-9	四合院	四合院	sì hé yuàn	4,2,4	N	四合院	四合院	courtyard house with a fully enclosed courtyard (type of Chinese residence)
L7-3920	7-9	四季	四季	sì jì	4,4	N	四季	四季	four seasons, namely: spring 春[chun1], summer 夏[xia4], autumn 秋[qiu1] and winter 冬[dong1]
L7-3921	7-9	四面八方	四面八方	sì miàn bā fāng	4,4,1,1		四面八方	四面八方	(idiom) all directions; all around
L7-3922	7-9	寺庙	寺廟	sì miào	4,4	N	寺庙	寺廟	temple; monastery; shrine
L7-3923	7-9	似曾相识	似曾相識	sì céng xiāng shí	4,2,1,2		似曾相识	似曾相識	déjà vu (the experience of seeing exactly the same situation a second time); seemingly familiar; apparently already acquainted
L7-3924	7-9	似是而非	似是而非	sì shì ér fēi	4,4,2,1		似是而非	似是而非	apparently right but actually wrong; specious (idiom)
L7-3925	7-9	伺机	伺機	sì jī	4,1	V	伺机	伺機	to wait for an opportunity; to watch for one's chance
L7-3926	7-9	饲料	飼料	sì liào	4,4	N	饲料	飼料	feed; fodder
L7-3927	7-9	饲养	飼養	sì yǎng	4,3	V	饲养	飼養	to raise; to rear
L7-3928	7-9	松绑	鬆綁	sōng bǎng	1,3		松绑	鬆綁	to untie; (fig.) to ease restrictions
L7-3929	7-9	松弛	鬆弛	sōng chí	1,2	Adj	松弛	鬆弛	to relax; relaxed; limp; lax
L7-3930	7-9	耸立	聳立	sǒng lì	3,4	V	耸立	聳立	to stand tall; to tower aloft
L7-3931	7-9	送别	送別	sòng bié	4,2		送别	送別	to see sb off; to bid farewell (to sb)
L7-3932	7-9	搜查	搜查	sōu chá	1,2	V	搜查	搜查	to search
L7-3933	7-9	搜集	搜集	sōu jí	1,2	V	搜集	搜集	to gather; to collect
L7-3934	7-9	搜救	搜救	sōu jiù	1,4	V	搜救	搜救	search and rescue
L7-3935	7-9	搜寻	搜尋	sōu xún	1,2	V	搜寻	搜尋	to search; to look for
L7-3936	7-9	艘	艘	sōu	1	M	艘	艘	classifier for ships; Taiwan pr. [sao1]
L7-3937	7-9	苏醒	甦醒	sū xǐng	1,3	V	苏醒	甦醒	to come to; to awaken; to regain consciousness
L7-3938	7-9	酥	酥	sū	1	Adj	酥	酥	flaky pastry; crunchy; limp; soft; silky
L7-3939	7-9	俗	俗	sú	2	Adj	俗	俗	custom; convention; popular; common; coarse; vulgar; secular
L7-3940	7-9	俗话	俗話	sú huà	2,4	N	俗话	俗話	common saying; proverb
L7-3941	7-9	俗话说	俗話說	sú huà shuō	2,4,1		俗话说	俗話說	as the proverb says; as they say...
L7-3942	7-9	俗语	俗語	sú yǔ	2,3	N	俗语	俗語	common saying; proverb; colloquial speech
L7-3943	7-9	诉苦	訴苦	sù kǔ	4,3		诉苦	訴苦	to grumble; to complain; grievance
L7-3944	7-9	诉说	訴說	sù shuō	4,1	V	诉说	訴說	to recount; to tell of; to relate; (fig.) (of a thing) to stand as testament to (some past history)
L7-3945	7-9	诉讼	訴訟	sù sòng	4,4	V	诉讼	訴訟	lawsuit
L7-3946	7-9	素	素	sù	4	Adj/N	素	素	raw silk; white; plain, unadorned; vegetarian (food); essence; nature; element; constituent; usually; always; ever
L7-3947	7-9	素不相识	素不相識	sù bù xiāng shí	4,4,1,2		素不相识	素不相識	to be total strangers (idiom)
L7-3948	7-9	素材	素材	sù cái	4,2	N	素材	素材	source material (in literature and art)
L7-3949	7-9	素描	素描	sù miáo	4,2	N	素描	素描	sketch
L7-3950	7-9	素食	素食	sù shí	4,2	N	素食	素食	vegetarian food; to eat a vegetarian diet
L7-3951	7-9	素养	素養	sù yǎng	4,3	N	素养	素養	(personal) accomplishment; attainment in self-cultivation
L7-3952	7-9	塑造	塑造	sù zào	4,4	V	塑造	塑造	to model; to mold; (fig.) to create (a character, a market, an image etc); (fig.) (literature) to portray (in words)
L7-3953	7-9	蒜	蒜	suàn	4	N	蒜	蒜	garlic; CL:頭|头[tou2],瓣[ban4]
L7-3954	7-9	算计	算計	suàn ji	4,5	V	算计	算計	to reckon; to calculate; to plan; to expect; to scheme
L7-3955	7-9	算盘	算盤	suàn pán	4,2	N	算盘	算盤	abacus; CL:把[ba3]; plan; scheme
L7-3956	7-9	算账	算賬	suàn zhàng	4,4		算账	算賬	(accounting) to balance the books; to do the accounts; (fig.) to settle an account; to get one's revenge
L7-3957	7-9	虽说	雖說	suī shuō	1,1	Conj	虽说	雖說	though; although
L7-3958	7-9	随处可见	隨處可見	suí chù kě jiàn	2,4,3,4		随处可见	隨處可見	can be seen everywhere
L7-3959	7-9	随大溜	隨大溜	suí dà liù	2,4,4		随大溜	隨大溜	to follow the crowd; going with the tide
L7-3960	7-9	随机	隨機	suí jī	2,1	Adj	随机	隨機	according to the situation; pragmatic; random
L7-3961	7-9	随即	隨即	suí jí	2,2	Adv	随即	隨即	immediately; presently; following which
L7-3962	7-9	随身	隨身	suí shēn	2,1	Adj	随身	隨身	to (carry) on one's person; to (take) with one
L7-3963	7-9	随时随地	隨時隨地	suí shí suí dì	2,2,2,4		随时随地	隨時隨地	anytime and anywhere
L7-3964	7-9	随心所欲	隨心所欲	suí xīn suǒ yù	2,1,3,4		随心所欲	隨心所欲	(idiom) to follow one's heart's desires; to do as one pleases
L7-3965	7-9	遂心	遂心	suì xīn	4,1		遂心	遂心	to one's liking
L7-3966	7-9	隧道	隧道	suì dào	4,4	N	隧道	隧道	tunnel
L7-3967	7-9	损	損	sǔn	3	V	损	損	(bound form) to decrease; to diminish; (bound form) to harm; to damage; (coll.) to ridicule; to deride; (coll.) mean; nasty; sarcastic
L7-3968	7-9	损坏	損壞	sǔn huài	3,4	V	损坏	損壞	to damage; to injure
L7-3969	7-9	损人利己	損人利己	sǔn rén lì jǐ	3,2,4,3		损人利己	損人利己	harming others for one's personal benefit (idiom); personal gain to the detriment of others
L7-3970	7-9	损伤	損傷	sǔn shāng	3,1	V	损伤	損傷	to harm; to damage; to injure; impairment; loss; disability
L7-3971	7-9	缩	縮	suō	1	V	缩	縮	to withdraw; to pull back; to contract; to shrink; to reduce; abbreviation; also pr. [su4]
L7-3972	7-9	缩水	縮水	suō shuǐ	1,3		缩水	縮水	to shrink (in the wash); fig. to shrink (of profits etc)
L7-3973	7-9	缩影	縮影	suō yǐng	1,3	N	缩影	縮影	miniature version of sth; microcosm; epitome; (Tw) to microfilm
L7-3974	7-9	所属	所屬	suǒ shǔ	3,3	Adj	所属	所屬	one's affiliation (i.e. the organization one is affiliated with); subordinate (i.e. those subordinate to oneself); belonging to; affiliated; under one's command
L7-3975	7-9	所谓	所謂	suǒ wèi	3,4	Adj	所谓	所謂	what is meant by the expression ...; what is referred to as ...; (derog.) so-called
L7-3976	7-9	所作所为	所作所為	suǒ zuò suǒ wéi	3,4,3,2		所作所为	所作所為	one's conduct and deeds
L7-3977	7-9	索赔	索賠	suǒ péi	3,2	V	索赔	索賠	to ask for compensation; to claim damages; claim for damages
L7-3978	7-9	索取	索取	suǒ qǔ	3,3	V	索取	索取	to ask; to demand
L7-3979	7-9	索性	索性	suǒ xìng	3,4	Adv	索性	索性	you might as well (do it); simply; just
L7-3980	7-9	锁定	鎖定	suǒ dìng	3,4	V	锁定	鎖定	to lock (a door); to close with a latch; to lock into place; a lock; a latch; to lock a computer file (to prevent it being overwritten); to lock (denying access to a computer system or device or files, e.g. by password-protection); to focus attention on; to target
L7-3981	7-9	他人	他人	tā rén	1,2	Pron	他人	他人	another person; sb else; other people
L7-3982	7-9	塌	塌	tā	1	V	塌	塌	to collapse; to droop; to settle down
L7-3983	7-9	踏上	踏上	tà shàng	4,4		踏上	踏上	to set foot on; to step on or into
L7-3984	7-9	胎	胎	tāi	1	N/M	胎	胎	fetus; classifier for litters (of puppies etc); padding (in clothing or bedding); womb carrying a fetus; (fig.) origin; source; (loanword) tire
L7-3985	7-9	胎儿	胎兒	tāi ér	1,2	N	胎儿	胎兒	unborn child; fetus; embryo
L7-3986	7-9	台球	台球	tái qiú	2,2	N	台球	台球	billiards
L7-3987	7-9	太极	太極	Tài jí	4,2	N	太极	太極	the Absolute or Supreme Ultimate, the source of all things according to some interpretations of Chinese mythology
L7-3988	7-9	太极拳	太極拳	tài jí quán	4,2,2	N	太极拳	太極拳	shadowboxing or Taiji, T'aichi or T'aichichuan; traditional form of physical exercise or relaxation; a martial art
L7-3989	7-9	太平	太平	tài píng	4,2	Adj	太平	太平	peace and security
L7-3990	7-9	泰斗	泰斗	tài dǒu	4,3	N	泰斗	泰斗	abbr. for 泰山北斗[Tai4 shan1 Bei3 dou3]
L7-3991	7-9	贪	貪	tān	1	V	贪	貪	to have a voracious desire for; to covet; greedy; corrupt
L7-3992	7-9	贪婪	貪婪	tān lán	1,2	Adj	贪婪	貪婪	avaricious; greedy; rapacious; insatiable; avid
L7-3993	7-9	贪玩儿	貪玩兒	tān wán r	1,2,5	V	贪玩儿	貪玩兒	erhua variant of 貪玩|贪玩[tan1 wan2]
L7-3994	7-9	贪污	貪污	tān wū	1,1	V	贪污	貪污	to be corrupt; corruption; to embezzle
L7-3995	7-9	摊	攤	tān	1	V/N/M	摊	攤	to spread out; vendor's stand
L7-3996	7-9	瘫	癱	tān	1	V	瘫	癱	paralyzed
L7-3997	7-9	瘫痪	癱瘓	tān huàn	1,4	V	瘫痪	癱瘓	(medicine) to suffer paralysis; (fig.) to be paralyzed; to break down; to come to a standstill
L7-3998	7-9	坛	壇	tán	2	N	坛	壇	altar; platform; rostrum; (bound form) (sporting, literary etc) circles; world
L7-3999	7-9	谈不上	談不上	tán bu shàng	2,5,4		谈不上	談不上	to be out of the question
L7-4000	7-9	谈到	談到	tán dào	2,4		谈到	談到	to refer to; to speak about; to talk about
L7-4001	7-9	谈论	談論	tán lùn	2,4	V	谈论	談論	to discuss; to talk about
L7-4002	7-9	谈起	談起	tán qǐ	2,3		谈起	談起	to mention; to speak of; to talk about
L7-4003	7-9	弹性	彈性	tán xìng	2,4	N	弹性	彈性	flexibility; elasticity
L7-4004	7-9	痰	痰	tán	2	N	痰	痰	phlegm; spittle
L7-4005	7-9	坦白	坦白	tǎn bái	3,2	Adj/V	坦白	坦白	honest; forthcoming; to confess
L7-4006	7-9	坦诚	坦誠	tǎn chéng	3,2	Adj	坦诚	坦誠	candid; frank; plain dealing
L7-4007	7-9	坦克	坦克	tǎn kè	3,4	N	坦克	坦克	(loanword) tank (military vehicle); (derog.) (slang) overweight woman
L7-4008	7-9	坦然	坦然	tǎn rán	3,2	Adj	坦然	坦然	calm; undisturbed
L7-4009	7-9	坦率	坦率	tǎn shuài	3,4	Adj	坦率	坦率	frank; candid; straightforward
L7-4010	7-9	毯子	毯子	tǎn zi	3,5	N	毯子	毯子	blanket; CL:條|条[tiao2],張|张[zhang1],床[chuang2],面[mian4]
L7-4011	7-9	炭	炭	tàn	4	N	炭	炭	wood charcoal; coal
L7-4012	7-9	探	探	tàn	4	V	探	探	to explore; to search out; to scout; to visit; to stretch forward
L7-4013	7-9	探测	探測	tàn cè	4,4	V	探测	探測	to probe; to survey
L7-4014	7-9	探亲	探親	tàn qīn	4,1		探亲	探親	to go home to visit one's family
L7-4015	7-9	探求	探求	tàn qiú	4,2	V	探求	探求	to seek; to pursue; to investigate
L7-4016	7-9	探望	探望	tàn wàng	4,4	V	探望	探望	to visit; to call on sb; to look around
L7-4017	7-9	探险	探險	tàn xiǎn	4,3		探险	探險	to explore; to go on an expedition; adventure
L7-4018	7-9	碳	碳	tàn	4	N	碳	碳	carbon (chemistry)
L7-4019	7-9	汤圆	湯圓	tāng yuán	1,2	N	汤圆	湯圓	boiled or deep-fried balls of glutinous rice flour, usually eaten during Lantern Festival
L7-4020	7-9	堂	堂	táng	2	M	堂	堂	(main) hall; large room for a specific purpose; CL:間|间[jian1]; relationship between cousins etc on the paternal side of a family; of the same clan; classifier for classes, lectures etc; classifier for sets of furniture
L7-4021	7-9	糖果	糖果	táng guǒ	2,3	N	糖果	糖果	candy; CL:粒[li4]
L7-4022	7-9	糖尿病	糖尿病	táng niào bìng	2,4,4	N	糖尿病	糖尿病	diabetes; diabetes mellitus
L7-4023	7-9	倘若	倘若	tǎng ruò	3,4	Conj	倘若	倘若	if; supposing; in case
L7-4024	7-9	淌	淌	tǎng	3	V	淌	淌	to drip; to trickle; to shed (tears)
L7-4025	7-9	烫	燙	tàng	4	V/Adj	烫	燙	to scald; to burn (by scalding); to blanch (cooking); to heat (sth) up in hot water; to perm; to iron; scalding hot
L7-4026	7-9	掏钱	掏錢	tāo qián	1,2		掏钱	掏錢	to pay; to spend money; to fork out
L7-4027	7-9	滔滔不绝	滔滔不絕	tāo tāo bù jué	1,1,4,2		滔滔不绝	滔滔不絕	(idiom) to produce a torrent of words; to talk on and on
L7-4028	7-9	逃避	逃避	táo bì	2,4	V	逃避	逃避	to escape; to evade; to avoid; to shirk
L7-4029	7-9	逃生	逃生	táo shēng	2,1	V	逃生	逃生	to flee for one's life
L7-4030	7-9	逃亡	逃亡	táo wáng	2,2	V	逃亡	逃亡	to flee; to go into exile
L7-4031	7-9	陶瓷	陶瓷	táo cí	2,2	N	陶瓷	陶瓷	pottery and porcelain; ceramics
L7-4032	7-9	陶冶	陶冶	táo yě	2,3	V	陶冶	陶冶	lit. to fire pots and smelt metal; fig. to educate
L7-4033	7-9	陶醉	陶醉	táo zuì	2,4	V	陶醉	陶醉	to be infatuated with; to be drunk with; to be enchanted with; to revel in
L7-4034	7-9	淘	淘	táo	2	V	淘	淘	to wash (rice, sand etc in water to remove impurities); to dredge; to scoop out (sediment or waste); (dialect) to hunt for and buy (bargains or second-hand goods); (dialect) naughty; mischievous
L7-4035	7-9	淘气	淘氣	táo qì	2,4		淘气	淘氣	naughty; mischievous
L7-4036	7-9	淘汰	淘汰	táo tài	2,4	V	淘汰	淘汰	to wash out; (fig.) to cull; to weed out; to eliminate; to die out; to phase out
L7-4037	7-9	讨	討	tǎo	3	V	讨	討	to invite; to provoke; to demand or ask for; to send armed forces to suppress; to denounce or condemn; to marry (a woman); to discuss or study
L7-4038	7-9	讨好	討好	tǎo hǎo	3,3		讨好	討好	to get the desired outcome; to win favor by fawning on sb; to curry favor with; a fruitful outcome to reward one's labor
L7-4039	7-9	讨价还价	討價還價	tǎo jià huán jià	3,4,2,4		讨价还价	討價還價	to haggle over price; to bargain
L7-4040	7-9	讨人喜欢	討人喜歡	tǎo rén xǐ huan	3,2,3,5		讨人喜欢	討人喜歡	to attract people's affection; charming; delightful
L7-4041	7-9	特产	特產	tè chǎn	4,3	N	特产	特產	special local product; (regional) specialty
L7-4042	7-9	特长	特長	tè cháng	4,2	N	特长	特長	personal strength; one's special ability or strong points
L7-4043	7-9	特例	特例	tè lì	4,4	N	特例	特例	special case; isolated example
L7-4044	7-9	特权	特權	tè quán	4,2	N	特权	特權	prerogative; privilege; privileged
L7-4045	7-9	特邀	特邀	tè yāo	4,1	V	特邀	特邀	special invitation
L7-4046	7-9	特制	特製	tè zhì	4,4	V	特制	特製	specially made; custom-made
L7-4047	7-9	特质	特質	tè zhì	4,4	N	特质	特質	characteristic; special quality
L7-4048	7-9	腾	騰	téng	2	V	腾	騰	(bound form) to gallop; to prance; (bound form) to soar; to hover; to make room; to clear out; to vacate; (verb suffix indicating repeated action)
L7-4049	7-9	藤椅	藤椅	téng yǐ	2,3	N	藤椅	藤椅	rattan chair
L7-4050	7-9	剔除	剔除	tī chú	1,2	V	剔除	剔除	to reject; to discard; to get rid of
L7-4051	7-9	梯子	梯子	tī zi	1,5	N	梯子	梯子	ladder; stepladder; (Internet slang) VPN or other tool used to circumvent internet censorship
L7-4052	7-9	提拔	提拔	tí bá	2,2	V	提拔	提拔	to promote to a higher job; to select for promotion
L7-4053	7-9	提炼	提煉	tí liàn	2,4	V	提炼	提煉	to extract (ore, minerals etc); to refine; to purify; to process
L7-4054	7-9	提名	提名	tí míng	2,2		提名	提名	to nominate
L7-4055	7-9	提速	提速	tí sù	2,4		提速	提速	to increase the specified cruising speed; to pick up speed; to speed up
L7-4056	7-9	提心吊胆	提心吊膽	tí xīn diào dǎn	2,1,4,3		提心吊胆	提心吊膽	(idiom) nervous; fearful; on edge
L7-4057	7-9	提议	提議	tí yì	2,4	V/N	提议	提議	to propose; to suggest; proposal; suggestion
L7-4058	7-9	提早	提早	tí zǎo	2,3	V	提早	提早	ahead of schedule; sooner than planned; to bring forward (to an earlier time)
L7-4059	7-9	体谅	體諒	tǐ liàng	3,4	V	体谅	體諒	to empathize; to allow (for sth); to show understanding; to appreciate
L7-4060	7-9	体面	體面	tǐ miàn	3,4	N/Adj	体面	體面	dignity; prestige; face; honorable; creditable; (of sb's appearance) presentable; respectable
L7-4061	7-9	体能	體能	tǐ néng	3,2	N	体能	體能	physical capability; stamina
L7-4062	7-9	体贴	體貼	tǐ tiē	3,1	V	体贴	體貼	considerate (of other people's needs)
L7-4063	7-9	体温	體溫	tǐ wēn	3,1	N	体温	體溫	(body) temperature
L7-4064	7-9	体系	體系	tǐ xì	3,4	N	体系	體系	system; setup; CL:個|个[ge4]
L7-4065	7-9	体制	體制	tǐ zhì	3,4	N	体制	體制	system; organization
L7-4066	7-9	体质	體質	tǐ zhì	3,4	N	体质	體質	(a person's) constitution; underlying physical condition; physical makeup; (of an organization, society etc) structural soundness
L7-4067	7-9	剃	剃	tì	4	V	剃	剃	to shave
L7-4068	7-9	替换	替換	tì huàn	4,4	V	替换	替換	to exchange; to replace; to substitute for; to switch
L7-4069	7-9	替身	替身	tì shēn	4,1	N	替身	替身	stand-in; substitute; (cinema) body double; stunt double
L7-4070	7-9	天长地久	天長地久	tiān cháng dì jiǔ	1,2,4,3		天长地久	天長地久	enduring while the world lasts (idiom); eternal
L7-4071	7-9	天地	天地	tiān dì	1,4	N	天地	天地	heaven and earth; world; scope; field of activity
L7-4072	7-9	天鹅	天鵝	tiān é	1,2	N	天鹅	天鵝	swan
L7-4073	7-9	天分	天分	tiān fèn	1,4	N	天分	天分	natural gift; talent
L7-4074	7-9	天赋	天賦	tiān fù	1,4	V/N	天赋	天賦	gift; innate skill
L7-4075	7-9	天经地义	天經地義	tiān jīng dì yì	1,1,4,4		天经地义	天經地義	lit. heaven's law and earth's principle (idiom); fig. right and proper; right and unalterable; a matter of course
L7-4076	7-9	天平	天平	tiān píng	1,2	N	天平	天平	scales (to weigh things)
L7-4077	7-9	天桥	天橋	tiān qiáo	1,2	N	天桥	天橋	overhead walkway; pedestrian bridge
L7-4078	7-9	天生	天生	tiān shēng	1,1	Adj	天生	天生	nature; disposition; innate; natural
L7-4079	7-9	天使	天使	tiān shǐ	1,3	N	天使	天使	angel
L7-4080	7-9	天线	天線	tiān xiàn	1,4	N	天线	天線	antenna; aerial; (fig.) connection to higher authorities; channel to influential people
L7-4081	7-9	天性	天性	tiān xìng	1,4	N	天性	天性	nature; innate tendency
L7-4082	7-9	天主教	天主教	Tiān zhǔ jiào	1,3,4	N	天主教	天主教	Catholicism
L7-4083	7-9	添加	添加	tiān jiā	1,1	V	添加	添加	to add; to increase
L7-4084	7-9	甜美	甜美	tián měi	2,3	Adj	甜美	甜美	sweet; pleasant; happy
L7-4085	7-9	甜蜜	甜蜜	tián mì	2,4	Adj	甜蜜	甜蜜	sweet; happy
L7-4086	7-9	甜头	甜頭	tián tou	2,5	N	甜头	甜頭	sweet taste (of power, success etc); benefit
L7-4087	7-9	填补	填補	tián bǔ	2,3	V	填补	填補	to fill a gap; to fill in a blank (on a form); to overcome a deficiency
L7-4088	7-9	填充	填充	tián chōng	2,1	V	填充	填充	to fill up; to stuff; to fill in a blank space
L7-4089	7-9	填写	填寫	tián xiě	2,3	V	填写	填寫	to fill in a form; to write data in a box (on a questionnaire or web form)
L7-4090	7-9	舔	舔	tiǎn	3	V	舔	舔	to lick; to lap
L7-4091	7-9	挑剔	挑剔	tiāo ti	1,5	V	挑剔	挑剔	picky; fussy
L7-4092	7-9	条款	條款	tiáo kuǎn	2,3	N	条款	條款	clause (of contract or law); CL:項|项[xiang4]
L7-4093	7-9	条例	條例	tiáo lì	2,4	N	条例	條例	regulations; rules; code of conduct; ordinances; statutes
L7-4094	7-9	条约	條約	tiáo yuē	2,1	N	条约	條約	treaty; pact; CL:個|个[ge4]
L7-4095	7-9	调侃	調侃	tiáo kǎn	2,3	V	调侃	調侃	to ridicule; to tease; to mock; idle talk; chitchat
L7-4096	7-9	调控	調控	tiáo kòng	2,4	V	调控	調控	to regulate; to control
L7-4097	7-9	调料	調料	tiáo liào	2,4	N	调料	調料	condiment; seasoning; flavoring
L7-4098	7-9	调试	調試	tiáo shì	2,4	V	调试	調試	to debug; to adjust components during testing; debugging
L7-4099	7-9	挑起	挑起	tiǎo qǐ	3,3		挑起	挑起	to provoke; to stir up; to incite
L7-4100	7-9	挑衅	挑釁	tiǎo xìn	3,4	V	挑衅	挑釁	to provoke; provocation
L7-4101	7-9	跳槽	跳槽	tiào cáo	4,2		跳槽	跳槽	to leave one's job to take up a position elsewhere
L7-4102	7-9	跳动	跳動	tiào dòng	4,4	V	跳动	跳動	to throb; to pulse; to bounce; to jiggle; to jump about
L7-4103	7-9	跳伞	跳傘	tiào sǎn	4,3		跳伞	跳傘	to parachute; to bail out; parachute jumping
L7-4104	7-9	跳跃	跳躍	tiào yuè	4,4	V	跳跃	跳躍	to jump; to leap; to bound; to skip
L7-4105	7-9	贴近	貼近	tiē jìn	1,4	V/Adj	贴近	貼近	to press close to; to snuggle close; intimate
L7-4106	7-9	贴切	貼切	tiē qiè	1,4	Adj	贴切	貼切	close-fitting; closest (translation)
L7-4107	7-9	帖子	帖子	tiě zi	3,5	N	帖子	帖子	card; invitation; message; (forum) post
L7-4108	7-9	听从	聽從	tīng cóng	1,2	V	听从	聽從	to listen and obey; to comply with; to heed; to hearken
L7-4109	7-9	听话	聽話	tīng huà	1,4		听话	聽話	to do what one is told; obedient
L7-4110	7-9	停泊	停泊	tíng bó	2,2	V	停泊	停泊	to anchor; anchorage; mooring (of a ship)
L7-4111	7-9	停车位	停車位	tíng chē wèi	2,1,4	N	停车位	停車位	parking space; parking spot
L7-4112	7-9	停电	停電	tíng diàn	2,4	V	停电	停電	to have a power failure; power cut
L7-4113	7-9	停顿	停頓	tíng dùn	2,4	V	停顿	停頓	to halt; to break off; pause (in speech)
L7-4114	7-9	停放	停放	tíng fàng	2,4	V	停放	停放	to park (a car etc); to moor (a boat etc); to leave sth (in a place)
L7-4115	7-9	停业	停業	tíng yè	2,4		停业	停業	to cease trading (temporarily or permanently); to close down
L7-4116	7-9	通畅	通暢	tōng chàng	1,4	Adj	通畅	通暢	unobstructed; clear; (of writing or thinking) coherent; fluent
L7-4117	7-9	通车	通車	tōng chē	1,1		通车	通車	to open to traffic (e.g. new bridge, rail line etc); (of a locality) to have a transportation service; (Tw) to commute
L7-4118	7-9	通风	通風	tōng fēng	1,1		通风	通風	airy; ventilation; to ventilate; to disclose information
L7-4119	7-9	通告	通告	tōng gào	1,4	V/N	通告	通告	to announce; to give notice; announcement
L7-4120	7-9	通缉	通緝	tōng jī	1,1	V	通缉	通緝	to order the arrest of sb as criminal; to list as wanted
L7-4121	7-9	通顺	通順	tōng shùn	1,4	Adj	通顺	通順	smooth; clear and coherent
L7-4122	7-9	通俗	通俗	tōng sú	1,2	Adj	通俗	通俗	common; everyday; average
L7-4123	7-9	通通	通通	tōng tōng	1,1	Adv	通通	通通	all; entire; complete
L7-4124	7-9	通往	通往	tōng wǎng	1,3		通往	通往	to lead to
L7-4125	7-9	通宵	通宵	tōng xiāo	1,1	N	通宵	通宵	all night; throughout the night
L7-4126	7-9	通行证	通行證	tōng xíng zhèng	1,2,4	N	通行证	通行證	a pass (authority to enter); a laissez-passer or safe conduct
L7-4127	7-9	同伴	同伴	tóng bàn	2,4	N	同伴	同伴	companion; comrade; fellow
L7-4128	7-9	同步	同步	tóng bù	2,4	V	同步	同步	synchronous; to synchronize; to keep step with
L7-4129	7-9	同等	同等	tóng děng	2,3	Adj	同等	同等	equal to; having the same social class or status
L7-4130	7-9	同感	同感	tóng gǎn	2,3	N	同感	同感	(have the) same feeling; similar impression; common feeling
L7-4131	7-9	同伙	同伙	tóng huǒ	2,3	V/N	同伙	同伙	colleague; co-conspirator; accomplice
L7-4132	7-9	同类	同類	tóng lèi	2,4	Adj/N	同类	同類	similar; same type; alike
L7-4133	7-9	同盟	同盟	tóng méng	2,2	V/N	同盟	同盟	alliance
L7-4134	7-9	同年	同年	tóng nián	2,2	N	同年	同年	in the same year; to be the same age
L7-4135	7-9	同人	同人	tóng rén	2,2	N	同人	同人	people from the same workplace or profession; co-worker; colleague; (fandom) fan creator or enthusiast involved in derivative works (e.g. fan fiction, fan art)
L7-4136	7-9	同志	同志	tóng zhì	2,4	N	同志	同志	comrade; (slang) homosexual; CL:位[wei4]
L7-4137	7-9	同舟共济	同舟共濟	tóng zhōu gòng jì	2,1,4,4		同舟共济	同舟共濟	cross a river in the same boat (idiom); fig. having common interests; obliged to collaborate towards common goals
L7-4138	7-9	铜	銅	tóng	2	N	铜	銅	copper (chemistry); see also 紅銅|红铜[hong2 tong2]; CL:塊|块[kuai4]
L7-4139	7-9	统筹	統籌	tǒng chóu	3,2	V	统筹	統籌	an overall plan; to plan an entire project as a whole
L7-4140	7-9	统统	統統	tǒng tǒng	3,3	Adv	统统	統統	totally
L7-4141	7-9	统治	統治	tǒng zhì	3,4	V	统治	統治	to rule (a country); to govern; rule; regime
L7-4142	7-9	捅	捅	tǒng	3	V	捅	捅	to poke; to jab; to give (sb) a nudge; to prod; to disclose; to reveal
L7-4143	7-9	桶	桶	tǒng	3	N	桶	桶	bucket; (trash) can; barrel (of oil etc); CL:個|个[ge4],隻|只[zhi1]
L7-4144	7-9	筒	筒	tǒng	3	N	筒	筒	tube; cylinder; to encase in sth cylindrical (such as hands in sleeves etc)
L7-4145	7-9	痛	痛	tòng	4	Adv	痛	痛	ache; pain; sorrow; deeply; thoroughly
L7-4146	7-9	痛心	痛心	tòng xīn	4,1	Adj	痛心	痛心	grieved; pained
L7-4147	7-9	偷看	偷看	tōu kàn	1,4		偷看	偷看	to peep; to peek; to steal a glance
L7-4148	7-9	偷窥	偷窺	tōu kuī	1,1	V	偷窥	偷窺	to peep; to peek; to act as voyeur
L7-4149	7-9	偷懒	偷懶	tōu lǎn	1,3		偷懒	偷懶	to goof off; to be lazy
L7-4150	7-9	头部	頭部	tóu bù	2,4	N	头部	頭部	head
L7-4151	7-9	头顶	頭頂	tóu dǐng	2,3	N	头顶	頭頂	top of the head
L7-4152	7-9	头号	頭號	tóu hào	2,4	Adj	头号	頭號	first rate; top rank; number one
L7-4153	7-9	头条	頭條	tóu tiáo	2,2	N	头条	頭條	lead story (on the news)
L7-4154	7-9	头头是道	頭頭是道	tóu tóu shì dào	2,2,4,4		头头是道	頭頭是道	clear and logical
L7-4155	7-9	头衔	頭銜	tóu xián	2,2	N	头衔	頭銜	title; rank; appellation
L7-4156	7-9	头晕	頭暈	tóu yūn	2,1	V	头晕	頭暈	dizzy
L7-4157	7-9	投奔	投奔	tóu bèn	2,4	V	投奔	投奔	to seek shelter; to seek asylum
L7-4158	7-9	投稿	投稿	tóu gǎo	2,3		投稿	投稿	to submit articles for publication; to contribute (writing)
L7-4159	7-9	投机	投機	tóu jī	2,1	Adj/V	投机	投機	congenial; agreeable; to speculate; to profiteer
L7-4160	7-9	投射	投射	tóu shè	2,4	V	投射	投射	to throw (a projectile); to cast (light)
L7-4161	7-9	投身	投身	tóu shēn	2,1	V	投身	投身	to throw oneself into sth
L7-4162	7-9	投降	投降	tóu xiáng	2,2	V	投降	投降	to surrender
L7-4163	7-9	透彻	透徹	tòu chè	4,4	Adj	透彻	透徹	penetrating; thorough; incisive
L7-4164	7-9	透过	透過	tòu guò	4,4	V	透过	透過	to pass through; to penetrate; by means of; via
L7-4165	7-9	透气	透氣	tòu qì	4,4		透气	透氣	to flow freely (of air); to ventilate; to breathe (of fabric etc); to take a breath of fresh air; to divulge
L7-4166	7-9	透支	透支	tòu zhī	4,1	V	透支	透支	(banking) to overdraw; to take out an overdraft; an overdraft; to overspend (i.e. expenditure in excess of revenue); (old) to draw one's wage in advance; (fig.) to exhaust (one's enthusiasm, energy etc); to damage a natural resource through overuse
L7-4167	7-9	凸	凸	tū	1	Adj	凸	凸	to stick out; protruding; convex; male (connector etc); Taiwan pr. [tu2]
L7-4168	7-9	凸显	凸顯	tū xiǎn	1,3	V	凸显	凸顯	to stand out clearly; to make prominent
L7-4169	7-9	秃	禿	tū	1	Adj	秃	禿	bald (lacking hair or feathers); barren; bare; denuded; blunt (lacking a point); (of a piece of writing) unsatisfactory; lacking something
L7-4170	7-9	突发	突發	tū fā	1,1	V	突发	突發	to occur suddenly
L7-4171	7-9	突击	突擊	tū jī	1,1	V	突击	突擊	sudden and violent attack; assault; fig. rushed job; concentrated effort to finish a job quickly
L7-4172	7-9	突破口	突破口	tū pò kǒu	1,4,3	N	突破口	突破口	breach; gap; breakthrough point
L7-4173	7-9	突如其来	突如其來	tū rú qí lái	1,2,2,2		突如其来	突如其來	to arise abruptly; to arrive suddenly; happening suddenly
L7-4174	7-9	图表	圖表	tú biǎo	2,3	N	图表	圖表	chart; diagram
L7-4175	7-9	图像	圖像	tú xiàng	2,4	N	图像	圖像	image; picture; graphic
L7-4176	7-9	图形	圖形	tú xíng	2,2	N	图形	圖形	picture; figure; diagram; graph; depiction; graphical
L7-4177	7-9	图纸	圖紙	tú zhǐ	2,3	N	图纸	圖紙	blueprint; drawing; design plans; graph paper
L7-4178	7-9	徒步	徒步	tú bù	2,4	Adv	徒步	徒步	to be on foot
L7-4179	7-9	涂	塗	tú	2	V	涂	塗	to apply (paint etc); to smear; to daub; to blot out; to scribble; to scrawl; (literary) mud; street
L7-4180	7-9	屠杀	屠殺	tú shā	2,1	V	屠杀	屠殺	to massacre; to slaughter
L7-4181	7-9	土匪	土匪	tǔ fěi	3,3	N	土匪	土匪	bandit
L7-4182	7-9	土壤	土壤	tǔ rǎng	3,3	N	土壤	土壤	soil
L7-4183	7-9	土生土长	土生土長	tǔ shēng tǔ zhǎng	3,1,3,3		土生土长	土生土長	(idiom) (of people) born and raised in the locality; (of art forms, political parties, enterprises, products etc) developed locally from the outset; wholly indigenous
L7-4184	7-9	团伙	團伙	tuán huǒ	2,3	N	团伙	團伙	(criminal) gang; gang member; accomplice; crony
L7-4185	7-9	团聚	團聚	tuán jù	2,4	V	团聚	團聚	to reunite; to have a reunion
L7-4186	7-9	团员	團員	tuán yuán	2,2	N	团员	團員	member; group member
L7-4187	7-9	团圆	團圓	tuán yuán	2,2	V	团圆	團圓	to have a reunion
L7-4188	7-9	推测	推測	tuī cè	1,4	V	推测	推測	speculation; to conjecture; to surmise; to speculate
L7-4189	7-9	推辞	推辭	tuī cí	1,2	V	推辞	推辭	to decline (an appointment, invitation etc)
L7-4190	7-9	推断	推斷	tuī duàn	1,4	V	推断	推斷	to infer; to deduce; to predict; to extrapolate
L7-4191	7-9	推翻	推翻	tuī fān	1,1		推翻	推翻	to overthrow
L7-4192	7-9	推荐	推薦	tuī jiàn	1,4	V	推荐	推薦	to recommend
L7-4193	7-9	推理	推理	tuī lǐ	1,3	V	推理	推理	reasoning; inference; to infer; to deduce
L7-4194	7-9	推敲	推敲	tuī qiāo	1,1	V	推敲	推敲	to think over
L7-4195	7-9	推算	推算	tuī suàn	1,4	V	推算	推算	to calculate; to reckon; to extrapolate (in calculation)
L7-4196	7-9	推卸	推卸	tuī xiè	1,4	V	推卸	推卸	to avoid (esp. responsibility); to shift (the blame); to pass the buck
L7-4197	7-9	推选	推選	tuī xuǎn	1,3	V	推选	推選	to elect; to choose
L7-4198	7-9	推移	推移	tuī yí	1,2	V	推移	推移	(of time) to elapse; to pass; (of a situation) to develop; to evolve; to shift; to slide; to move smoothly and continuously along a surface
L7-4199	7-9	颓废	頹廢	tuí fèi	2,4	Adj	颓废	頹廢	decadent; dispirited; depressed; dejected
L7-4200	7-9	退回	退回	tuì huí	4,2	V	退回	退回	to return (an item); to send back; to go back
L7-4201	7-9	退却	退卻	tuì què	4,4	V	退却	退卻	to retreat; to shrink back
L7-4202	7-9	退让	退讓	tuì ràng	4,4	V	退让	退讓	to move aside; to get out of the way; to back down; to concede
L7-4203	7-9	退缩	退縮	tuì suō	4,1	V	退缩	退縮	to shrink back; to cower
L7-4204	7-9	退休金	退休金	tuì xiū jīn	4,1,1	N	退休金	退休金	retirement pension; pension payments received after retirement
L7-4205	7-9	退学	退學	tuì xué	4,2		退学	退學	to quit school
L7-4206	7-9	退役	退役	tuì yì	4,4		退役	退役	(of military personnel or athletes) to retire; (of outdated equipment) to be decommissioned
L7-4207	7-9	屯	屯	tún	2	N	屯	屯	to station (soldiers); to store up; village
L7-4208	7-9	托付	托付	tuō fù	1,4	V	托付	托付	to entrust
L7-4209	7-9	拖累	拖累	tuō lěi	1,3	V	拖累	拖累	to encumber; to be a burden on; to implicate
L7-4210	7-9	拖欠	拖欠	tuō qiàn	1,4	V	拖欠	拖欠	in arrears; behind in payments; to default on one's debts
L7-4211	7-9	拖延	拖延	tuō yán	1,2	V	拖延	拖延	to delay; to put off; to procrastinate
L7-4212	7-9	脱节	脫節	tuō jié	1,2		脱节	脫節	to come apart
L7-4213	7-9	脱口而出	脫口而出	tuō kǒu ér chū	1,3,2,1		脱口而出	脫口而出	(idiom) to blurt out; to let slip (an indiscreet remark)
L7-4214	7-9	脱落	脫落	tuō luò	1,4	V	脱落	脫落	to drop off; to fall off; (of hair, teeth etc) to fall out; to omit (a character when writing)
L7-4215	7-9	脱身	脫身	tuō shēn	1,1		脱身	脫身	to get away; to escape (from obligations); to free oneself; to disengage
L7-4216	7-9	脱颖而出	脫穎而出	tuō yǐng ér chū	1,3,2,1		脱颖而出	脫穎而出	to reveal one's talent (idiom); to rise above others; to distinguish oneself
L7-4217	7-9	驮	馱	tuó	2	V	驮	馱	to carry on one's back
L7-4218	7-9	妥	妥	tuǒ	3	Adj	妥	妥	suitable; adequate; ready; settled
L7-4219	7-9	妥当	妥當	tuǒ dang	3,5	Adj	妥当	妥當	appropriate; proper; ready
L7-4220	7-9	妥善	妥善	tuǒ shàn	3,4	Adj	妥善	妥善	appropriate; proper
L7-4221	7-9	妥协	妥協	tuǒ xié	3,2	V	妥协	妥協	to compromise; to reach terms; a compromise
L7-4222	7-9	拓宽	拓寬	tuò kuān	4,1	V	拓宽	拓寬	to broaden
L7-4223	7-9	拓展	拓展	tuò zhǎn	4,3	V	拓展	拓展	to expand; to extend; to broaden (client base, outlook, territory etc); (computing) to scale up; to increase system capacity
L7-4224	7-9	唾液	唾液	tuò yè	4,4	N	唾液	唾液	saliva
L7-4225	7-9	挖掘	挖掘	wā jué	1,2	V	挖掘	挖掘	to excavate; (lit and fig.) to unearth; to dig into
L7-4226	7-9	挖苦	挖苦	wā kǔ	1,3	V	挖苦	挖苦	to speak sarcastically; to make cutting remarks; also pr. [wa1 ku5]
L7-4227	7-9	瓦	瓦	wǎ	3	N	瓦	瓦	roof tile; abbr. for 瓦特[wa3 te4]
L7-4228	7-9	歪	歪	wāi	1	Adj	歪	歪	askew; at a crooked angle; devious; noxious; (coll.) to lie on one's side
L7-4229	7-9	歪曲	歪曲	wāi qū	1,1	V	歪曲	歪曲	to distort; to misrepresent
L7-4230	7-9	外表	外表	wài biǎo	4,3	N	外表	外表	external; outside; outward appearance
L7-4231	7-9	外公	外公	wài gōng	4,1	N	外公	外公	(coll.) mother's father; maternal grandfather
L7-4232	7-9	外行	外行	wài háng	4,2	Adj/N	外行	外行	layman; amateur
L7-4233	7-9	外号	外號	wài hào	4,4	N	外号	外號	nickname
L7-4234	7-9	外籍	外籍	wài jí	4,2	N	外籍	外籍	foreign (i.e. of foreign nationality)
L7-4235	7-9	外贸	外貿	wài mào	4,4	N	外贸	外貿	foreign trade
L7-4236	7-9	外貌	外貌	wài mào	4,4	N	外貌	外貌	profile; appearance
L7-4237	7-9	外婆	外婆	wài pó	4,2	N	外婆	外婆	(coll.) mother's mother; maternal grandmother
L7-4238	7-9	外企	外企	wài qǐ	4,3	N	外企	外企	foreign enterprise; company established in mainland China with direct investment from foreign entities or from investors in Taiwan, Macao or Hong Kong; abbr. for 外資企業|外资企业
L7-4239	7-9	外星人	外星人	wài xīng rén	4,1,2	N	外星人	外星人	space alien; extraterrestrial
L7-4240	7-9	外形	外形	wài xíng	4,2	N	外形	外形	figure; shape; external form; contour
L7-4241	7-9	外援	外援	wài yuán	4,2	N	外援	外援	foreign aid; external aid; (sports) foreign player; player recruited from overseas
L7-4242	7-9	丸	丸	wán	2	N/M	丸	丸	ball; pellet; pill
L7-4243	7-9	完备	完備	wán bèi	2,4	Adj	完备	完備	faultless; complete; perfect; to leave nothing to be desired
L7-4244	7-9	完毕	完畢	wán bì	2,4	V	完毕	完畢	to finish; to end; to complete
L7-4245	7-9	完蛋	完蛋	wán dàn	2,4		完蛋	完蛋	(coll.) to be done for
L7-4246	7-9	完好	完好	wán hǎo	2,3	Adj	完好	完好	intact; in good condition
L7-4247	7-9	玩耍	玩耍	wán shuǎ	2,3	V	玩耍	玩耍	to play (as children do); to amuse oneself
L7-4248	7-9	玩意儿	玩意兒	wán yì r	2,4,5	N	玩意儿	玩意兒	erhua variant of 玩意[wan2 yi4]
L7-4249	7-9	顽固	頑固	wán gù	2,4	Adj	顽固	頑固	stubborn; obstinate
L7-4250	7-9	挽	挽	wǎn	3	V	挽	挽	to pull; to draw (a cart or a bow); to roll up; to coil; to carry on the arm; to lament the dead; (fig.) to pull against; to recover
L7-4251	7-9	挽回	挽回	wǎn huí	3,2	V	挽回	挽回	to retrieve; to redeem
L7-4252	7-9	挽救	挽救	wǎn jiù	3,4	V	挽救	挽救	to save; to remedy; to rescue
L7-4253	7-9	晚间	晚間	wǎn jiān	3,1	N	晚间	晚間	evening; night
L7-4254	7-9	晚年	晚年	wǎn nián	3,2	N	晚年	晚年	one's later years
L7-4255	7-9	晚期	晚期	wǎn qī	3,1	N	晚期	晚期	later period; end stage; terminal
L7-4256	7-9	惋惜	惋惜	wǎn xī	3,1	Adj	惋惜	惋惜	to regret; to feel that it is a great pity; to feel sorry for sb
L7-4257	7-9	万分	萬分	wàn fēn	4,1	Adv	万分	萬分	very much; extremely; one ten thousandth part
L7-4258	7-9	万古长青	萬古長青	wàn gǔ cháng qīng	4,3,2,1		万古长青	萬古長青	(idiom) enduring through the ages; ever-flourishing
L7-4259	7-9	万能	萬能	wàn néng	4,2	Adj	万能	萬能	omnipotent; all-purpose; universal
L7-4260	7-9	万万	萬萬	wàn wàn	4,4	Adv	万万	萬萬	hundred million; (fig.) enormous quantity; absolutely; certainly (usually followed by a negative expression)
L7-4261	7-9	万无一失	萬無一失	wàn wú yī shī	4,2,1,1		万无一失	萬無一失	surefire; absolutely safe (idiom)
L7-4262	7-9	汪洋	汪洋	wāng yáng	1,2	Adj	汪洋	汪洋	vast body of water; CL:片[pian4]
L7-4263	7-9	亡羊补牢	亡羊補牢	wáng yáng bǔ láo	2,2,3,2		亡羊补牢	亡羊補牢	lit. to mend the pen after sheep are lost (idiom); fig. to act belatedly; better late than never; to lock the stable door after the horse has bolted
L7-4264	7-9	王国	王國	wáng guó	2,2	N	王国	王國	kingdom; realm
L7-4265	7-9	王牌	王牌	wáng pái	2,2	N	王牌	王牌	(card games) trump card; (fig.) ace; star player; top performer; best asset; secret weapon
L7-4266	7-9	网点	網點	wǎng diǎn	3,3	N	网点	網點	branch; service outlet (of a bank, retail store etc); (printing) halftone dot; (computing) network node
L7-4267	7-9	网民	網民	wǎng mín	3,2	N	网民	網民	netizen; Internet user; online community member
L7-4268	7-9	往常	往常	wǎng cháng	3,2	N	往常	往常	usual; customary
L7-4269	7-9	往返	往返	wǎng fǎn	3,3	V	往返	往返	to go back and forth; to go to and fro; to do a round trip
L7-4270	7-9	往日	往日	wǎng rì	3,4	N	往日	往日	former days; the past
L7-4271	7-9	往事	往事	wǎng shì	3,4	N	往事	往事	past events; former happenings
L7-4272	7-9	妄想	妄想	wàng xiǎng	4,3	V/N	妄想	妄想	to attempt vainly; a vain attempt; delusion
L7-4273	7-9	忘不了	忘不了	wàng bu liǎo	4,5,3		忘不了	忘不了	cannot forget
L7-4274	7-9	忘掉	忘掉	wàng diào	4,4		忘掉	忘掉	to forget
L7-4275	7-9	旺	旺	wàng	4	Adj	旺	旺	prosperous; flourishing; (of flowers) blooming; (of fire) roaring
L7-4276	7-9	旺季	旺季	wàng jì	4,4	N	旺季	旺季	busy season; peak period; see also 淡季[dan4 ji4]
L7-4277	7-9	旺盛	旺盛	wàng shèng	4,4	Adj	旺盛	旺盛	vigorous; exuberant
L7-4278	7-9	望	望	wàng	4	V	望	望	full moon; to hope; to expect; to visit; to gaze (into the distance); to look towards; towards
L7-4279	7-9	望远镜	望遠鏡	wàng yuǎn jìng	4,3,4	N	望远镜	望遠鏡	telescope (CL:部[bu4]); binoculars (CL:副[fu4])
L7-4280	7-9	危及	危及	wēi jí	1,2	V	危及	危及	to endanger; to jeopardize; a danger (to life, national security etc)
L7-4281	7-9	危急	危急	wēi jí	1,2	Adj	危急	危急	critical; desperate (situation)
L7-4282	7-9	威风	威風	wēi fēng	1,1	N/Adj	威风	威風	awe-inspiring bearing; authority; power; imposing; impressive; majestic
L7-4283	7-9	威力	威力	wēi lì	1,4	N	威力	威力	might; formidable power
L7-4284	7-9	威慑	威懾	wēi shè	1,4	V	威慑	威懾	to deter
L7-4285	7-9	威信	威信	wēi xìn	1,4	N	威信	威信	prestige; reputation; trust; credit with the people
L7-4286	7-9	微不足道	微不足道	wēi bù zú dào	1,4,2,4		微不足道	微不足道	(idiom) negligible; insignificant
L7-4287	7-9	微观	微觀	wēi guān	1,1	Adj	微观	微觀	micro-; subatomic
L7-4288	7-9	微妙	微妙	wēi miào	1,4	Adj	微妙	微妙	subtle
L7-4289	7-9	微弱	微弱	wēi ruò	1,4	Adj	微弱	微弱	weak; faint; feeble
L7-4290	7-9	微型	微型	wēi xíng	1,2	Adj	微型	微型	miniature; micro-; tiny
L7-4291	7-9	为人	為人	wéi rén	2,2	V/N	为人	為人	to conduct oneself; behavior; conduct; personal character
L7-4292	7-9	违背	違背	wéi bèi	2,4	V	违背	違背	to go against; to be contrary to; to violate
L7-4293	7-9	违约	違約	wéi yuē	2,1		违约	違約	to break a promise; to violate an agreement; to default (on a loan or contract)
L7-4294	7-9	违章	違章	wéi zhāng	2,1		违章	違章	to break the rules; to violate regulations
L7-4295	7-9	围墙	圍牆	wéi qiáng	2,2	N	围墙	圍牆	perimeter wall; fence; CL:道[dao4]
L7-4296	7-9	唯	唯	wéi	2	Adv	唯	唯	only; alone; -ism (in Chinese, a prefix, often combined with a suffix such as 主義|主义[zhu3 yi4] or 論|论[lun4], e.g. 唯理論|唯理论[wei2 li3 lun4], rationalism)
L7-4297	7-9	唯独	唯獨	wéi dú	2,2	Adv	唯独	唯獨	only; just (i.e. it is only that...); all except; unique
L7-4298	7-9	伪造	偽造	wěi zào	3,4	V	伪造	偽造	to forge; to fake; to counterfeit
L7-4299	7-9	伪装	偽裝	wěi zhuāng	3,1	V/N	伪装	偽裝	to pretend to be (asleep etc); to disguise oneself as; pretense; disguise; (military) to camouflage; camouflage
L7-4300	7-9	尾气	尾氣	wěi qì	3,4	N	尾气	尾氣	exhaust; emissions
L7-4301	7-9	尾声	尾聲	wěi shēng	3,1	N	尾声	尾聲	coda; epilogue; end
L7-4302	7-9	纬度	緯度	wěi dù	3,4	N	纬度	緯度	latitude
L7-4303	7-9	委屈	委屈	wěi qu	3,5	Adj/V	委屈	委屈	wronged; aggrieved; to inconvenience; to put (sb) at a disadvantage; to do sb wrong; sense of being wronged
L7-4304	7-9	委婉	委婉	wěi wǎn	3,3	Adj	委婉	委婉	tactful; euphemistic; (of voice etc) suave; soft
L7-4305	7-9	委员	委員	wěi yuán	3,2	N	委员	委員	committee member
L7-4306	7-9	委员会	委員會	wěi yuán huì	3,2,4	N	委员会	委員會	committee; commission
L7-4307	7-9	萎缩	萎縮	wěi suō	3,1	V	萎缩	萎縮	to wither; to dry up (of a plant); to atrophy (of muscle, social custom etc)
L7-4308	7-9	卫视	衛視	wèi shì	4,4	N	卫视	衛視	satellite TV (abbr. for 衛星電視|卫星电视[wei4 xing1 dian4 shi4])
L7-4309	7-9	未	未	wèi	4	Adv	未	未	not yet; did not; have not; not; 8th earthly branch: 1-3 p.m., 6th solar month (7th July-6th August), year of the Sheep; ancient Chinese compass point: 210°
L7-4310	7-9	未成年人	未成年人	wèi chéng nián rén	4,2,2,2	N	未成年人	未成年人	minor (i.e. person under 18)
L7-4311	7-9	未经	未經	wèi jīng	4,1	V	未经	未經	not having undergone; without (having gone though a certain process)
L7-4312	7-9	未免	未免	wèi miǎn	4,3	Adv	未免	未免	unavoidably; can't help; really; rather
L7-4313	7-9	未知数	未知數	wèi zhī shù	4,1,4	N	未知数	未知數	unknown number; (fig.) an unknown; an uncertainty
L7-4314	7-9	位子	位子	wèi zi	4,5	N	位子	位子	place; seat
L7-4315	7-9	味精	味精	wèi jīng	4,1	N	味精	味精	monosodium glutamate (MSG)
L7-4316	7-9	畏惧	畏懼	wèi jù	4,4	V	畏惧	畏懼	to fear; to dread; foreboding
L7-4317	7-9	畏缩	畏縮	wèi suō	4,1	V	畏缩	畏縮	to cower; to flinch; to quail; to recoil
L7-4318	7-9	胃口	胃口	wèi kǒu	4,3	N	胃口	胃口	appetite; liking
L7-4319	7-9	喂养	餵養	wèi yǎng	4,3	V	喂养	餵養	to feed (a child, domestic animal etc); to keep; to raise (an animal)
L7-4320	7-9	慰劳	慰勞	wèi láo	4,2	V	慰劳	慰勞	to show appreciation (by kind words, small gifts etc); to comfort
L7-4321	7-9	温度计	溫度計	wēn dù jì	1,4,4	N	温度计	溫度計	thermometer; thermograph
L7-4322	7-9	温泉	溫泉	wēn quán	1,2	N	温泉	溫泉	hot spring
L7-4323	7-9	温柔	溫柔	wēn róu	1,2	Adj	温柔	溫柔	gentle and soft; tender; sweet (commonly used to describe a girl or woman)
L7-4324	7-9	温室	溫室	wēn shì	1,4	N	温室	溫室	greenhouse
L7-4325	7-9	温习	溫習	wēn xí	1,2	V	温习	溫習	to review (a lesson etc)
L7-4326	7-9	温馨	溫馨	wēn xīn	1,1	Adj	温馨	溫馨	comfort; soft and fragrant; warm
L7-4327	7-9	瘟疫	瘟疫	wēn yì	1,4	N	瘟疫	瘟疫	plague; pestilence
L7-4328	7-9	文	文	wén	2	N	文	文	language; culture; writing; formal; literary; gentle; (old) classifier for coins; Kangxi radical 67
L7-4329	7-9	文具	文具	wén jù	2,4	N	文具	文具	stationery; item of stationery (pen, pencil, eraser, pencil sharpener etc)
L7-4330	7-9	文科	文科	wén kē	2,1	N	文科	文科	liberal arts; humanities
L7-4331	7-9	文盲	文盲	wén máng	2,2	N	文盲	文盲	illiterate
L7-4332	7-9	文凭	文憑	wén píng	2,2	N	文凭	文憑	diploma
L7-4333	7-9	文人	文人	wén rén	2,2	N	文人	文人	cultivated individual; scholar; literati
L7-4334	7-9	文物	文物	wén wù	2,4	N	文物	文物	cultural relic; historical relic; CL:件[jian4],個|个[ge4]
L7-4335	7-9	文献	文獻	wén xiàn	2,4	N	文献	文獻	reference material (used in scholarly study)
L7-4336	7-9	文雅	文雅	wén yǎ	2,3	Adj	文雅	文雅	elegant; refined
L7-4337	7-9	闻名	聞名	wén míng	2,2	V	闻名	聞名	well-known; famous; renowned; eminent
L7-4338	7-9	蚊帐	蚊帳	wén zhàng	2,4	N	蚊帐	蚊帳	mosquito net; CL:頂|顶[ding3]
L7-4339	7-9	蚊子	蚊子	wén zi	2,5	N	蚊子	蚊子	mosquito
L7-4340	7-9	吻	吻	wěn	3	N/V	吻	吻	kiss; to kiss; mouth
L7-4341	7-9	吻合	吻合	wěn hé	3,2	Adj	吻合	吻合	to be a good fit; to be identical with; to adjust oneself to; to fit in
L7-4342	7-9	紊乱	紊亂	wěn luàn	3,4	Adj	紊乱	紊亂	disorder; chaos
L7-4343	7-9	稳固	穩固	wěn gù	3,4	Adj/V	稳固	穩固	stable; steady; firm; to stabilize
L7-4344	7-9	稳健	穩健	wěn jiàn	3,4	Adj	稳健	穩健	firm; stable and steady
L7-4345	7-9	稳妥	穩妥	wěn tuǒ	3,3	Adj	稳妥	穩妥	dependable
L7-4346	7-9	稳重	穩重	wěn zhòng	3,4	Adj	稳重	穩重	steady; earnest; staid
L7-4347	7-9	问卷	問卷	wèn juàn	4,4	N	问卷	問卷	questionnaire; CL:份[fen4]
L7-4348	7-9	问世	問世	wèn shì	4,4	V	问世	問世	to be published; to come out
L7-4349	7-9	窝	窩	wō	1	N	窝	窩	nest; pit or hollow on the human body; lair; den; place; to harbor or shelter; to hold in check; to bend; classifier for litters and broods
L7-4350	7-9	卧	臥	wò	4	V	卧	臥	to lie; to crouch
L7-4351	7-9	污秽	污穢	wū huì	1,4	Adj/N	污秽	污穢	(literary) dirty; filthy; (literary) dirt; filth
L7-4352	7-9	巫婆	巫婆	wū pó	1,2	N	巫婆	巫婆	witch; sorceress; female shaman
L7-4353	7-9	呜咽	嗚咽	wū yè	1,4	V	呜咽	嗚咽	to sob; to whimper
L7-4354	7-9	屋顶	屋頂	wū dǐng	1,3	N	屋顶	屋頂	roof
L7-4355	7-9	无比	無比	wú bǐ	2,3	V	无比	無比	incomparable; matchless
L7-4356	7-9	无不	無不	wú bù	2,4	Adv	无不	無不	none lacking; none missing; everything is there; everyone without exception
L7-4357	7-9	无偿	無償	wú cháng	2,2	Adj	无偿	無償	free; no charge; at no cost
L7-4358	7-9	无敌	無敵	wú dí	2,2	V	无敌	無敵	unequalled; without rival; a paragon
L7-4359	7-9	无恶不作	無惡不作	wú è bù zuò	2,4,4,4		无恶不作	無惡不作	not to shrink from any crime (idiom); to commit any imaginable misdeed
L7-4360	7-9	无非	無非	wú fēi	2,1	Adv	无非	無非	only; nothing else
L7-4361	7-9	无辜	無辜	wú gū	2,1	Adj/N	无辜	無辜	blameless; innocent; the innocent
L7-4362	7-9	无故	無故	wú gù	2,4	Adv	无故	無故	without cause or reason
L7-4363	7-9	无关紧要	無關緊要	wú guān jǐn yào	2,1,3,4		无关紧要	無關緊要	indifferent; insignificant
L7-4364	7-9	无话可说	無話可說	wú huà kě shuō	2,4,3,1		无话可说	無話可說	to have nothing to say (idiom)
L7-4365	7-9	无济于事	無濟於事	wú jì yú shì	2,4,2,4		无济于事	無濟於事	(idiom) to no avail; of no use
L7-4366	7-9	无家可归	無家可歸	wú jiā kě guī	2,1,3,1		无家可归	無家可歸	(idiom) homeless
L7-4367	7-9	无精打采	無精打采	wú jīng dǎ cǎi	2,1,3,3		无精打采	無精打采	dispirited and downcast (idiom); listless; in low spirits; washed out
L7-4368	7-9	无可奉告	無可奉告	wú kě fèng gào	2,3,4,4		无可奉告	無可奉告	(idiom) no comment
L7-4369	7-9	无可厚非	無可厚非	wú kě hòu fēi	2,3,4,1		无可厚非	無可厚非	see 未可厚非[wei4 ke3 hou4 fei1]
L7-4370	7-9	无可奈何	無可奈何	wú kě nài hé	2,3,4,2		无可奈何	無可奈何	have no way out; have no alternative; abbr. to 無奈|无奈[wu2 nai4]
L7-4371	7-9	无理	無理	wú lǐ	2,3	V	无理	無理	irrational; unreasonable
L7-4372	7-9	无力	無力	wú lì	2,4	V	无力	無力	powerless; lacking strength
L7-4373	7-9	无论如何	無論如何	wú lùn rú hé	2,4,2,2		无论如何	無論如何	(idiom) whatever the case; in any event; no matter what; by all possible means
L7-4374	7-9	无能	無能	wú néng	2,2	Adj	无能	無能	incompetence; inability; incapable; powerless
L7-4375	7-9	无能为力	無能為力	wú néng wéi lì	2,2,2,4		无能为力	無能為力	(idiom) powerless to do anything about it
L7-4376	7-9	无情	無情	wú qíng	2,2	Adj	无情	無情	pitiless; ruthless; merciless; heartless
L7-4377	7-9	无情无义	無情無義	wú qíng wú yì	2,2,2,4		无情无义	無情無義	completely lacking any feeling or sense of justice (idiom); cold and ruthless
L7-4378	7-9	无穷	無窮	wú qióng	2,2	V	无穷	無窮	endless; boundless; inexhaustible
L7-4379	7-9	无私	無私	wú sī	2,1	Adj	无私	無私	selfless; unselfish; disinterested; altruistic
L7-4380	7-9	无所事事	無所事事	wú suǒ shì shì	2,3,4,4		无所事事	無所事事	to have nothing to do; to idle one's time away (idiom)
L7-4381	7-9	无所作为	無所作為	wú suǒ zuò wéi	2,3,4,2		无所作为	無所作為	attempting nothing and accomplishing nothing (idiom); without any initiative or drive; feckless
L7-4382	7-9	无条件	無條件	wú tiáo jiàn	2,2,4	V	无条件	無條件	unconditional
L7-4383	7-9	无微不至	無微不至	wú wēi bù zhì	2,1,4,4		无微不至	無微不至	in every possible way (idiom); meticulous
L7-4384	7-9	无线	無線	wú xiàn	2,4	Adj	无线	無線	wireless
L7-4385	7-9	无线电	無線電	wú xiàn diàn	2,4,4	N	无线电	無線電	radio; wireless (i.e. the technology used in radio telecommunication); a radio
L7-4386	7-9	无形	無形	wú xíng	2,2	Adj	无形	無形	incorporeal; virtual; formless; invisible (assets); intangible
L7-4387	7-9	无形中	無形中	wú xíng zhōng	2,2,1	Adv	无形中	無形中	imperceptibly; virtually
L7-4388	7-9	无须	無須	wú xū	2,1	Adv	无须	無須	need not; not obliged to; not necessarily
L7-4389	7-9	无意	無意	wú yì	2,4	V/Adv	无意	無意	inadvertent; accidental; to have no intention of (doing sth)
L7-4390	7-9	无忧无虑	無憂無慮	wú yōu wú lǜ	2,1,2,4		无忧无虑	無憂無慮	(idiom) carefree; without worries
L7-4391	7-9	无缘	無緣	wú yuán	2,2	V/Adv	无缘	無緣	to have no opportunity; no way (of doing sth); no chance; no connection; not placed (in a competition); (in pop lyrics) no chance of love, no place to be together etc
L7-4392	7-9	无知	無知	wú zhī	2,1	Adj	无知	無知	ignorant; ignorance
L7-4393	7-9	无足轻重	無足輕重	wú zú qīng zhòng	2,2,1,4		无足轻重	無足輕重	insignificant
L7-4394	7-9	五花八门	五花八門	wǔ huā bā mén	3,1,1,2		五花八门	五花八門	myriad; all kinds of; all sorts of
L7-4395	7-9	五星级	五星級	wǔ xīng jí	3,1,2	Adj	五星级	五星級	five-star (hotel)
L7-4396	7-9	武力	武力	wǔ lì	3,4	N	武力	武力	military force
L7-4397	7-9	武装	武裝	wǔ zhuāng	3,1	N/V	武装	武裝	arms; equipment; to arm; military; armed (forces)
L7-4398	7-9	侮辱	侮辱	wǔ rǔ	3,3	V	侮辱	侮辱	to insult; to humiliate; dishonor
L7-4399	7-9	捂	捂	wǔ	3	V	捂	捂	to enclose; to cover with the hand (one's eyes, nose or ears); to cover up (an affair); contrary; to contradict
L7-4400	7-9	舞厅	舞廳	wǔ tīng	3,1	N	舞厅	舞廳	dance hall; ballroom; CL:間|间[jian1]
L7-4401	7-9	勿	勿	wù	4	Adv	勿	勿	do not
L7-4402	7-9	务必	務必	wù bì	4,4	Adv	务必	務必	must; to need to; to be sure to
L7-4403	7-9	务实	務實	wù shí	4,2	Adj	务实	務實	to deal with concrete matters; pragmatic
L7-4404	7-9	物流	物流	wù liú	4,2	N	物流	物流	distribution (business); logistics
L7-4405	7-9	物体	物體	wù tǐ	4,3	N	物体	物體	object; body; substance
L7-4406	7-9	物证	物證	wù zhèng	4,4	N	物证	物證	material evidence
L7-4407	7-9	物资	物資	wù zī	4,1	N	物资	物資	goods; supplies
L7-4408	7-9	误差	誤差	wù chā	4,1	N	误差	誤差	difference; error; inaccuracy
L7-4409	7-9	误导	誤導	wù dǎo	4,3	V	误导	誤導	to mislead; to misguide; misleading
L7-4410	7-9	误区	誤區	wù qū	4,1	N	误区	誤區	mistaken ideas; misconceptions; the error of one's ways
L7-4411	7-9	雾	霧	wù	4	N	雾	霧	fog; mist; CL:場|场[chang2],陣|阵[zhen4]
L7-4412	7-9	吸纳	吸納	xī nà	1,4	V	吸纳	吸納	to take in; to absorb; to admit; to accept
L7-4413	7-9	吸取	吸取	xī qǔ	1,3	V	吸取	吸取	to absorb; to draw (a lesson, insight etc); to assimilate
L7-4414	7-9	昔日	昔日	xī rì	1,4	N	昔日	昔日	former days; in the past
L7-4415	7-9	息息相关	息息相關	xī xī xiāng guān	1,1,1,1		息息相关	息息相關	closely bound up (idiom); intimately related
L7-4416	7-9	稀	稀	xī	1	Adj	稀	稀	sparse; scattered; rare; uncommon; diluted; thin; watery; (bound form) sth liquid or of thin consistency (as in 綠豆稀|绿豆稀[lu : 4 dou4 xi1] "sweet mung bean soup"); (bound form) totally; extremely (used with negative attributes, as in 稀糟[xi1 zao1] "utterly ruined")
L7-4417	7-9	稀罕	稀罕	xī han	1,5	Adj/V	稀罕	稀罕	rare; uncommon; rare thing; rarity; to value as a rarity; to cherish; Taiwan pr. [xi1han3]
L7-4418	7-9	稀奇	稀奇	xī qí	1,2	Adj	稀奇	稀奇	rare; strange
L7-4419	7-9	稀少	稀少	xī shǎo	1,3	Adj	稀少	稀少	sparse; rare
L7-4420	7-9	锡	錫	xī	1	N	锡	錫	tin (chemistry); to bestow; to confer; to grant; Taiwan pr. [xi2]
L7-4421	7-9	熙熙攘攘	熙熙攘攘	xī xī rǎng rǎng	1,1,3,3	Adj	熙熙攘攘	熙熙攘攘	(idiom) bustling with activity
L7-4422	7-9	熄火	熄火	xī huǒ	1,3		熄火	熄火	(of fire, lamp etc) to go out; to put out (fire); (fig.) to die down; (of a vehicle) to stall
L7-4423	7-9	膝盖	膝蓋	xī gài	1,4	N	膝盖	膝蓋	knee; (Internet slang) to kneel down (in admiration)
L7-4424	7-9	嬉笑	嬉笑	xī xiào	1,4	V	嬉笑	嬉笑	to be laughing and playing; to giggle
L7-4425	7-9	习俗	習俗	xí sú	2,2	N	习俗	習俗	custom; tradition; local tradition; convention
L7-4426	7-9	席	席	xí	2	N	席	席	woven mat; seat; banquet; place in a democratic assembly; classifier for banquets, conversations etc
L7-4427	7-9	席位	席位	xí wèi	2,4	N	席位	席位	a seat (in a theater, stadium etc); parliamentary or congressional seat
L7-4428	7-9	袭击	襲擊	xí jī	2,1	V	袭击	襲擊	attack (esp. surprise attack); raid; to attack
L7-4429	7-9	媳妇	媳婦	xí fù	2,4	N	媳妇	媳婦	daughter-in-law; wife of a younger brother or relative of the younger generation
L7-4430	7-9	洗涤剂	洗滌劑	xǐ dí jì	3,2,4	N	洗涤剂	洗滌劑	cleaning agent; detergent
L7-4431	7-9	洗礼	洗禮	xǐ lǐ	3,3	N	洗礼	洗禮	(lit. and fig.) baptism
L7-4432	7-9	喜出望外	喜出望外	xǐ chū wàng wài	3,1,4,4		喜出望外	喜出望外	to be pleased beyond one's expectations (idiom); overjoyed at the turn of events
L7-4433	7-9	喜好	喜好	xǐ hào	3,4	V/N	喜好	喜好	to like; fond of; to prefer; to love; one's tastes; preference
L7-4434	7-9	喜酒	喜酒	xǐ jiǔ	3,3	N	喜酒	喜酒	wedding feast; liquor drunk at a wedding feast
L7-4435	7-9	喜怒哀乐	喜怒哀樂	xǐ nù āi lè	3,4,1,4		喜怒哀乐	喜怒哀樂	(lit.) happiness, anger, sorrow, and joy (idiom); (fig.) emotions
L7-4436	7-9	喜庆	喜慶	xǐ qìng	3,4	Adj/N	喜庆	喜慶	jubilation; festive
L7-4437	7-9	喜事	喜事	xǐ shì	3,4	N	喜事	喜事	happy occasion; wedding
L7-4438	7-9	喜糖	喜糖	xǐ táng	3,2	N	喜糖	喜糖	sweet given on a happy occasion (esp. wedding)
L7-4439	7-9	喜洋洋	喜洋洋	xǐ yáng yáng	3,2,2	Adj	喜洋洋	喜洋洋	radiant with joy
L7-4440	7-9	喜悦	喜悅	xǐ yuè	3,4	Adj	喜悦	喜悅	happy; joyous
L7-4441	7-9	细腻	細膩	xì nì	4,4	Adj	细腻	細膩	(of skin etc) smooth; satiny; delicate; (of a performance, depiction, craftsmanship etc) finely detailed; subtle; exquisite; meticulous
L7-4442	7-9	细微	細微	xì wēi	4,1	Adj	细微	細微	tiny; minute; fine; subtle; sensitive (instruments)
L7-4443	7-9	细心	細心	xì xīn	4,1	Adj	细心	細心	meticulous; careful; attentive
L7-4444	7-9	虾	蝦	xiā	1	N	虾	蝦	shrimp; prawn
L7-4445	7-9	瞎	瞎	xiā	1	V/Adv	瞎	瞎	blind; groundlessly; foolishly; to no purpose
L7-4446	7-9	侠义	俠義	xiá yì	2,4	Adj	侠义	俠義	chivalrous; chivalry; knight-errantry
L7-4447	7-9	峡谷	峽谷	xiá gǔ	2,3	N	峡谷	峽谷	canyon; gill; ravine
L7-4448	7-9	狭隘	狹隘	xiá ài	2,4	Adj	狭隘	狹隘	(of a path etc) narrow; (of a living space etc) cramped; (of a way of thinking, a definition etc) narrow; limited
L7-4449	7-9	狭小	狹小	xiá xiǎo	2,3	Adj	狭小	狹小	narrow
L7-4450	7-9	狭窄	狹窄	xiá zhǎi	2,3	Adj	狭窄	狹窄	narrow
L7-4451	7-9	下场	下場	xià chǎng	4,3	N	下场	下場	to leave (the stage, an exam room, the playing field etc); to take part in some activity; to take an examination (in the imperial examination system)
L7-4452	7-9	下跌	下跌	xià diē	4,1	V	下跌	下跌	to fall; to tumble
L7-4453	7-9	下岗	下崗	xià gǎng	4,3		下岗	下崗	(of a guard, sentry etc) to come off duty; (of a worker) be to laid off
L7-4454	7-9	下功夫	下功夫	xià gōng fu	4,1,5		下功夫	下功夫	variant of 下工夫[xia4 gong1 fu5]
L7-4455	7-9	下海	下海	xià hǎi	4,3		下海	下海	to go out to sea; to enter the sea (to swim etc); (fig.) to take the plunge (e.g. leave a secure job, or enter prostitution etc)
L7-4456	7-9	下级	下級	xià jí	4,2	N	下级	下級	low ranking; low level; underclass; subordinate
L7-4457	7-9	下决心	下決心	xià jué xīn	4,2,1		下决心	下決心	to determine; to resolve
L7-4458	7-9	下令	下令	xià lìng	4,4		下令	下令	to give an order; to issue an order
L7-4459	7-9	下落	下落	xià luò	4,4	N	下落	下落	whereabouts; to drop; to fall
L7-4460	7-9	下期	下期	xià qī	4,1		下期	下期	next period (week, month or quarter etc)
L7-4461	7-9	下棋	下棋	xià qí	4,2		下棋	下棋	to play chess
L7-4462	7-9	下山	下山	xià shān	4,1		下山	下山	to go down a hill; (of the sun or moon) to set
L7-4463	7-9	下手	下手	xià shǒu	4,3		下手	下手	to start; to put one's hand to; to set about; the seat to the right of the main guest
L7-4464	7-9	下属	下屬	xià shǔ	4,3	N	下属	下屬	subordinate; underling
L7-4465	7-9	下台	下臺	xià tái	4,2		下台	下臺	to go off the stage; to fall from position of prestige; to step down (from office etc); to disentangle oneself; to get off the hook
L7-4466	7-9	下调	下調	xià tiáo	4,2	V	下调	下調	to adjust downwards; to lower (prices, wages etc)
L7-4467	7-9	下乡	下鄉	xià xiāng	4,1		下乡	下鄉	to go to the countryside
L7-4468	7-9	下旬	下旬	xià xún	4,2	N	下旬	下旬	last third of the month
L7-4469	7-9	下一代	下一代	xià yī dài	4,1,4		下一代	下一代	the next generation
L7-4470	7-9	下意识	下意識	xià yì shí	4,4,2	N/Adv	下意识	下意識	subconscious mind
L7-4471	7-9	下游	下游	xià yóu	4,2	N	下游	下游	lower reaches (of a river); lower level; lower echelon; downstream
L7-4472	7-9	下坠	下墜	xià zhuì	4,4	V	下坠	下墜	(of objects) to fall; to drop; to droop; (medicine) to experience tenesmus
L7-4473	7-9	吓唬	嚇唬	xià hu	4,5	V	吓唬	嚇唬	to scare; to frighten
L7-4474	7-9	吓人	嚇人	xià rén	4,2		吓人	嚇人	to scare; scary; frightening
L7-4475	7-9	夏令营	夏令營	xià lìng yíng	4,4,2	N	夏令营	夏令營	summer camp
L7-4476	7-9	仙鹤	仙鶴	xiān hè	1,4	N	仙鹤	仙鶴	red-crowned crane (Grus japonensis)
L7-4477	7-9	仙女	仙女	xiān nǚ	1,3	N	仙女	仙女	fairy
L7-4478	7-9	先例	先例	xiān lì	1,4	N	先例	先例	precedent
L7-4479	7-9	先天	先天	xiān tiān	1,1	N	先天	先天	embryonic period (contrasted with 後天|后天[hou4 tian1]); inborn; innate; natural
L7-4480	7-9	纤维	纖維	xiān wéi	1,2	N	纤维	纖維	fiber; CL:種|种[zhong3]
L7-4481	7-9	掀	掀	xiān	1	V	掀	掀	to lift (a lid); to rock; to convulse
L7-4482	7-9	掀起	掀起	xiān qǐ	1,3	V	掀起	掀起	to lift; to raise (a lid etc); (of a storm) to surge; to stir up (waves etc); (fig.) to trigger; set off (a wave of popularity, a controversy etc)
L7-4483	7-9	鲜活	鮮活	xiān huó	1,2	Adj	鲜活	鮮活	vivid; lively; (of food ingredients) live or fresh
L7-4484	7-9	鲜美	鮮美	xiān měi	1,3	Adj	鲜美	鮮美	fresh and delicious; tasty
L7-4485	7-9	鲜血	鮮血	xiān xuè	1,4	N	鲜血	鮮血	blood
L7-4486	7-9	弦	弦	xián	2	N	弦	弦	bow string; string of musical instrument; watchspring; chord (segment of curve); hypotenuse; CL:根[gen1]
L7-4487	7-9	衔接	銜接	xián jiē	2,1	V	衔接	銜接	to link up; to connect; to join
L7-4488	7-9	嫌弃	嫌棄	xián qì	2,4	V	嫌弃	嫌棄	to regard with disdain; to shun
L7-4489	7-9	嫌疑	嫌疑	xián yí	2,2	N	嫌疑	嫌疑	suspicion; to have suspicions
L7-4490	7-9	显而易见	顯而易見	xiǎn ér yì jiàn	3,2,4,4		显而易见	顯而易見	clearly and easy to see (idiom); obviously; clearly; it goes without saying
L7-4491	7-9	显赫	顯赫	xiǎn hè	3,4	Adj	显赫	顯赫	illustrious; celebrated
L7-4492	7-9	显示器	顯示器	xiǎn shì qì	3,4,4	N	显示器	顯示器	display device; monitor
L7-4493	7-9	显现	顯現	xiǎn xiàn	3,4	V	显现	顯現	appearance; to appear
L7-4494	7-9	显眼	顯眼	xiǎn yǎn	3,3	Adj	显眼	顯眼	conspicuous; eye-catching; glamorous
L7-4495	7-9	现成	現成	xiàn chéng	4,2	Adj	现成	現成	ready-made; readily available
L7-4496	7-9	现任	現任	xiàn rèn	4,4	V/Adj	现任	現任	to occupy a post currently; current (president etc); incumbent; (coll.) current boyfriend (girlfriend, spouse)
L7-4497	7-9	现行	現行	xiàn xíng	4,2	Adj	现行	現行	to be in effect; in force; current
L7-4498	7-9	限	限	xiàn	4	V	限	限	to limit; to restrict; (bound form) limit; bound
L7-4499	7-9	限定	限定	xiàn dìng	4,4	V	限定	限定	to restrict to; to limit
L7-4500	7-9	限度	限度	xiàn dù	4,4	N	限度	限度	limit
L7-4501	7-9	限于	限於	xiàn yú	4,2	V	限于	限於	to be limited to; to be confined to
L7-4502	7-9	线条	線條	xiàn tiáo	4,2	N	线条	線條	line (in drawing, calligraphy etc); the lines or contours of a three-dimensional object (hairstyle, clothing, car etc)
L7-4503	7-9	宪法	憲法	xiàn fǎ	4,3	N	宪法	憲法	constitution (of a country); CL:部[bu4]
L7-4504	7-9	陷	陷	xiàn	4	V	陷	陷	pitfall; trap; to get stuck; to sink; to cave in; to frame (false charge); to capture (a city in battle); to fall (to the enemy); defect
L7-4505	7-9	陷阱	陷阱	xiàn jǐng	4,3	N	陷阱	陷阱	pitfall; snare; trap
L7-4506	7-9	馅儿	餡兒	xiàn r	4,5	N	馅儿	餡兒	erhua variant of 餡|馅[xian4]
L7-4507	7-9	羡慕	羨慕	xiàn mù	4,4	V	羡慕	羨慕	to envy; to admire
L7-4508	7-9	献血	獻血	xiàn xuè	4,4	V	献血	獻血	to donate blood
L7-4509	7-9	腺	腺	xiàn	4	N	腺	腺	gland
L7-4510	7-9	乡亲	鄉親	xiāng qīn	1,1	N	乡亲	鄉親	fellow countryman (from the same village); local people; villager; the folks back home
L7-4511	7-9	乡下	鄉下	xiāng xia	1,5	N	乡下	鄉下	countryside; rural area; CL:個|个[ge4]
L7-4512	7-9	相伴	相伴	xiāng bàn	1,4	V	相伴	相伴	to accompany sb; to accompany each other
L7-4513	7-9	相比之下	相比之下	xiāng bǐ zhī xià	1,3,1,4		相比之下	相比之下	by comparison
L7-4514	7-9	相差	相差	xiāng chà	1,4	V	相差	相差	to differ
L7-4515	7-9	相传	相傳	xiāng chuán	1,2	V	相传	相傳	to pass on; to hand down; tradition has it that ...; according to legend
L7-4516	7-9	相当于	相當於	xiāng dāng yú	1,1,2	V	相当于	相當於	equivalent to
L7-4517	7-9	相对	相對	xiāng duì	1,4	V/Adj	相对	相對	relatively; opposite; to resist; to oppose; relative; vis-a-vis; counterpart
L7-4518	7-9	相对而言	相對而言	xiāng duì ér yán	1,4,2,2		相对而言	相對而言	relatively speaking; comparatively speaking
L7-4519	7-9	相辅相成	相輔相成	xiāng fǔ xiāng chéng	1,3,1,2		相辅相成	相輔相成	(idiom) to complement one another
L7-4520	7-9	相继	相繼	xiāng jì	1,4	Adv	相继	相繼	in succession; following closely
L7-4521	7-9	相连	相連	xiāng lián	1,2	V	相连	相連	to link; to join; link; connection
L7-4522	7-9	相识	相識	xiāng shí	1,2	V	相识	相識	to get to know each other; acquaintance
L7-4523	7-9	相提并论	相提並論	xiāng tí bìng lùn	1,2,4,4		相提并论	相提並論	to discuss two disparate things together (idiom); to mention on equal terms; to place on a par with; (often with negatives: impossible to mention X in the same breath as Y)
L7-4524	7-9	相通	相通	xiāng tōng	1,1	V	相通	相通	interlinked; connected; communicating; in communication; accommodating
L7-4525	7-9	相依为命	相依為命	xiāng yī wéi mìng	1,1,2,4		相依为命	相依為命	mutually dependent for life (idiom); to rely upon one another for survival; interdependent
L7-4526	7-9	相遇	相遇	xiāng yù	1,4	V	相遇	相遇	to meet; to encounter; to come across
L7-4527	7-9	相约	相約	xiāng yuē	1,1	V	相约	相約	to agree (on a meeting place, date etc); to reach agreement; to make an appointment
L7-4528	7-9	香料	香料	xiāng liào	1,4	N	香料	香料	spice; flavoring; condiment; perfume
L7-4529	7-9	香水	香水	xiāng shuǐ	1,3	N	香水	香水	perfume; cologne
L7-4530	7-9	香味	香味	xiāng wèi	1,4	N	香味	香味	fragrance; bouquet; sweet smell; CL:股[gu3]
L7-4531	7-9	香烟	香煙	xiāng yān	1,1	N	香烟	香煙	smoke from incense (burned as an offering to one's ancestors); (fig.) continuation of family line; cigarette (CL:支[zhi1],條|条[tiao2],根[gen1],包[bao1],盒[he2])
L7-4532	7-9	香油	香油	xiāng yóu	1,2	N	香油	香油	sesame oil; perfumed oil
L7-4533	7-9	镶	鑲	xiāng	1	V	镶	鑲	to inlay; to embed; ridge; border
L7-4534	7-9	镶嵌	鑲嵌	xiāng qiàn	1,4	V	镶嵌	鑲嵌	to inlay; to embed; to set (e.g. a jewel in a ring); tiling; tesselation
L7-4535	7-9	详尽	詳盡	xiáng jìn	2,4	Adj	详尽	詳盡	thorough and detailed; exhaustive; the tedious details in full
L7-4536	7-9	祥和	祥和	xiáng hé	2,2	Adj	祥和	祥和	auspicious and peaceful
L7-4537	7-9	享	享	xiǎng	3	V	享	享	to enjoy; to benefit; to have the use of
L7-4538	7-9	享有	享有	xiǎng yǒu	3,3	V	享有	享有	to enjoy (rights, privileges etc)
L7-4539	7-9	响亮	響亮	xiǎng liàng	3,4	Adj	响亮	響亮	loud and clear; resounding
L7-4540	7-9	响起	響起	xiǎng qǐ	3,3		响起	響起	(of a sound) to come forth; (of a sound source) to ring out; to sound; to go off
L7-4541	7-9	响应	響應	xiǎng yìng	3,4	V	响应	響應	to respond to; answer; CL:個|个[ge4]
L7-4542	7-9	想方设法	想方設法	xiǎng fāng shè fǎ	3,1,4,3		想方设法	想方設法	to think up every possible method (idiom); to devise ways and means; to try this, that and the other
L7-4543	7-9	向来	向來	xiàng lái	4,2	Adv	向来	向來	always (previously)
L7-4544	7-9	向往	嚮往	xiàng wǎng	4,3	V	向往	嚮往	to yearn for; to look forward to
L7-4545	7-9	向着	向著	xiàng zhe	4,5	V	向着	向著	towards; facing (sb or sth); (coll.) to side with; to favor
L7-4546	7-9	项链	項鏈	xiàng liàn	4,4	N	项链	項鏈	necklace; CL:條|条[tiao2]
L7-4547	7-9	像	像	xiàng	4	N	像	像	to resemble; to be like; to look as if; such as; appearance; image; portrait; image under a mapping (math.)
L7-4548	7-9	像样	像樣	xiàng yàng	4,4		像样	像樣	presentable; decent; up to par
L7-4549	7-9	橡胶	橡膠	xiàng jiāo	4,1	N	橡胶	橡膠	rubber; caoutchouc
L7-4550	7-9	橡皮	橡皮	xiàng pí	4,2	N	橡皮	橡皮	rubber; an eraser; CL:塊|块[kuai4]
L7-4551	7-9	削	削	xiāo	1	V	削	削	to peel with a knife; to pare; to cut (a ball at tennis etc)
L7-4552	7-9	消	消	xiāo	1	V	消	消	to diminish; to subside; to consume; to reduce; to idle away (the time); (after 不[bu4] or 只[zhi3] or 何[he2] etc) to need; to require; to take
L7-4553	7-9	消沉	消沉	xiāo chén	1,2	Adj	消沉	消沉	to sink into despondency; (of morale, willpower etc) to diminish; to plummet
L7-4554	7-9	消遣	消遣	xiāo qiǎn	1,3	V	消遣	消遣	to while the time away; amusement; pastime; recreation; to make sport of
L7-4555	7-9	萧条	蕭條	xiāo tiáo	1,2	Adj	萧条	蕭條	bleak; desolate; (economics) in a slump; sluggish; depressed
L7-4556	7-9	销	銷	xiāo	1	V	销	銷	to melt (metal); to cancel; to annul; to sell; to expend; to spend; pin; bolt; to fasten with a pin or bolt
L7-4557	7-9	销毁	銷毀	xiāo huǐ	1,3	V	销毁	銷毀	to destroy (by melting or burning); to obliterate
L7-4558	7-9	销量	銷量	xiāo liàng	1,4	N	销量	銷量	sales volume
L7-4559	7-9	潇洒	瀟灑	xiāo sǎ	1,3	Adj	潇洒	瀟灑	confident and at ease; free and easy
L7-4560	7-9	小丑	小丑	xiǎo chǒu	3,3	N	小丑	小丑	clown
L7-4561	7-9	小贩	小販	xiǎo fàn	3,4	N	小贩	小販	peddler; hawker
L7-4562	7-9	小看	小看	xiǎo kàn	3,4	V	小看	小看	to look down on; to underestimate
L7-4563	7-9	小康	小康	xiǎo kāng	3,1	Adj	小康	小康	moderately affluent; well-off; a period of peace and prosperity
L7-4564	7-9	小路	小路	xiǎo lù	3,4	N	小路	小路	minor road; lane; pathway; trail
L7-4565	7-9	小品	小品	xiǎo pǐn	3,3	N	小品	小品	short, simple literary or artistic creation; essay; skit
L7-4566	7-9	小气	小氣	xiǎo qì	3,4	Adj	小气	小氣	stingy; miserly; narrow-minded; petty
L7-4567	7-9	小区	小區	xiǎo qū	3,1	N	小区	小區	housing estate; community; neighborhood; (telecommunications) cell
L7-4568	7-9	小曲	小曲	xiǎo qǔ	3,3	N	小曲	小曲	popular song; folk tune; ballad
L7-4569	7-9	小人	小人	xiǎo rén	3,2	N	小人	小人	person of low social status (old); I, me (used to refer humbly to oneself); nasty person; vile character
L7-4570	7-9	小提琴	小提琴	xiǎo tí qín	3,2,2	N	小提琴	小提琴	fiddle; violin
L7-4571	7-9	小溪	小溪	xiǎo xī	3,1	N	小溪	小溪	brook; streamlet
L7-4572	7-9	小心翼翼	小心翼翼	xiǎo xīn yì yì	3,1,4,4		小心翼翼	小心翼翼	(idiom) cautious; careful; prudent
L7-4573	7-9	小卒	小卒	xiǎo zú	3,2	N	小卒	小卒	foot soldier; minor figure; a nobody; (chess) pawn
L7-4574	7-9	孝敬	孝敬	xiào jìng	4,4	V	孝敬	孝敬	to show filial respect; to give presents (to one's elders or superiors); to support one's aged parents
L7-4575	7-9	孝顺	孝順	xiào shùn	4,4	V	孝顺	孝順	filial; dutiful; devoted to one's parents (and grandparents etc); to show filial piety towards (an older family member); filial piety
L7-4576	7-9	肖像	肖像	xiào xiàng	4,4	N	肖像	肖像	portrait (painting, photo etc); (in a general sense) representation of a person; likeness
L7-4577	7-9	效仿	效仿	xiào fǎng	4,3	V	效仿	效仿	see 仿傚|仿效[fang3 xiao4]
L7-4578	7-9	效力	效力	xiào lì	4,4	N	效力	效力	effectiveness; positive effect; to serve (in some capacity)
L7-4579	7-9	效益	效益	xiào yì	4,4	N	效益	效益	benefit; effectiveness; efficiency
L7-4580	7-9	效应	效應	xiào yìng	4,4	N	效应	效應	effect (scientific phenomenon)
L7-4581	7-9	协定	協定	xié dìng	2,4	N/V	协定	協定	agreement; accord; to reach an agreement
L7-4582	7-9	协同	協同	xié tóng	2,2	V	协同	協同	to cooperate; in coordination with; coordinated; collaborate; collaboration; collaborative
L7-4583	7-9	协作	協作	xié zuò	2,4	V	协作	協作	cooperation; coordination
L7-4584	7-9	邪	邪	xié	2	Adj	邪	邪	demonic; iniquitous; nefarious; evil; unhealthy influences that cause disease (Chinese medicine); (coll.) strange; abnormal
L7-4585	7-9	邪恶	邪惡	xié è	2,4	Adj	邪恶	邪惡	sinister; vicious; wicked; evil
L7-4586	7-9	挟持	挾持	xié chí	2,2	V	挟持	挾持	to seize (sb) by the arms; to hold under duress; to abduct
L7-4587	7-9	携带	攜帶	xié dài	2,4	V	携带	攜帶	to carry (on one's person); to support (old); Taiwan pr. [xi1 dai4]
L7-4588	7-9	携手	攜手	xié shǒu	2,3	V	携手	攜手	hand in hand; to join hands; to collaborate
L7-4589	7-9	写照	寫照	xiě zhào	3,4	V/N	写照	寫照	portrayal
L7-4590	7-9	泄	洩	xiè	4	V	泄	洩	(bound form) to leak out; to discharge; (fig.) to divulge
L7-4591	7-9	泄漏	洩漏	xiè lòu	4,4	V	泄漏	洩漏	(of a liquid or gas) to leak; to divulge; to leak (information)
L7-4592	7-9	泄露	泄露	xiè lù	4,4	V	泄露	泄露	to leak (information); to divulge; also pr. [xie4lou4]
L7-4593	7-9	泄密	洩密	xiè mì	4,4		泄密	洩密	to leak secrets
L7-4594	7-9	泄气	洩氣	xiè qì	4,4		泄气	洩氣	to leak (gas); to be discouraged; to despair; (disparaging) pathetic; to vent one's anger; (of a tire) to be flat
L7-4595	7-9	泻	瀉	xiè	4	V	泻	瀉	to flow out swiftly; to flood; a torrent; diarrhea; laxative
L7-4596	7-9	卸	卸	xiè	4	V	卸	卸	to unload; to remove; to detach; to get rid of
L7-4597	7-9	心爱	心愛	xīn ài	1,4	Adj	心爱	心愛	beloved
L7-4598	7-9	心安理得	心安理得	xīn ān lǐ dé	1,1,3,2		心安理得	心安理得	to have a clear conscience; to have no qualms about sth
L7-4599	7-9	心病	心病	xīn bìng	1,4	N	心病	心病	anxiety; sore point; secret worry; mental disorder; heart disease (medicine)
L7-4600	7-9	心肠	心腸	xīn cháng	1,2	N	心肠	心腸	heart; intention; one's inclination; state of mind; to have the heart for sth; mood
L7-4601	7-9	心得	心得	xīn dé	1,2	N	心得	心得	what one has learned (through experience, reading etc); knowledge; insight; understanding; tips; CL:項|项[xiang4],個|个[ge4]
L7-4602	7-9	心慌	心慌	xīn huāng	1,1		心慌	心慌	to be flustered; (dialect) irregular heart-beat
L7-4603	7-9	心急如焚	心急如焚	xīn jí rú fén	1,2,2,2		心急如焚	心急如焚	(idiom) burning with anxiety; extremely anxious or impatient
L7-4604	7-9	心里话	心裡話	xīn li huà	1,5,4	N	心里话	心裡話	(to express one's) true feelings; what is on one's mind; secret mind
L7-4605	7-9	心灵手巧	心靈手巧	xīn líng shǒu qiǎo	1,2,3,3		心灵手巧	心靈手巧	capable; clever; dexterous
L7-4606	7-9	心目	心目	xīn mù	1,4	N	心目	心目	mind
L7-4607	7-9	心声	心聲	xīn shēng	1,1	N	心声	心聲	heartfelt wish; inner voice; aspiration
L7-4608	7-9	心事	心事	xīn shì	1,4	N	心事	心事	a load on one's mind; worry; CL:宗[zong1],樁|桩[zhuang1]
L7-4609	7-9	心思	心思	xīn si	1,5	N	心思	心思	mind; thoughts; inclination; mood
L7-4610	7-9	心酸	心酸	xīn suān	1,1		心酸	心酸	to feel sad
L7-4611	7-9	心想事成	心想事成	xīn xiǎng shì chéng	1,3,4,2		心想事成	心想事成	(idiom) to have one's wishes come true; wish you the best!
L7-4612	7-9	心胸	心胸	xīn xiōng	1,1	N	心胸	心胸	heart; mind; ambition; aspiration
L7-4613	7-9	心血	心血	xīn xuè	1,4	N	心血	心血	heart's blood; expenditure (for some project); meticulous care
L7-4614	7-9	心眼儿	心眼兒	xīn yǎn r	1,3,5	N	心眼儿	心眼兒	one's thoughts; mind; intention; willingness to accept new ideas; baseless suspicions
L7-4615	7-9	心意	心意	xīn yì	1,4	N	心意	心意	intention; regard; kindly feelings
L7-4616	7-9	芯片	芯片	xīn piàn	1,4	N	芯片	芯片	computer chip; microchip
L7-4617	7-9	辛勤	辛勤	xīn qín	1,2	Adj	辛勤	辛勤	hardworking; industrious
L7-4618	7-9	辛酸	辛酸	xīn suān	1,1	Adj	辛酸	辛酸	pungent (taste); bitter; fig. sad; miserable
L7-4619	7-9	欣慰	欣慰	xīn wèi	1,4	Adj	欣慰	欣慰	to be gratified
L7-4620	7-9	欣喜	欣喜	xīn xǐ	1,3	Adj	欣喜	欣喜	happy
L7-4621	7-9	欣欣向荣	欣欣向榮	xīn xīn xiàng róng	1,1,4,2		欣欣向荣	欣欣向榮	(idiom) flourishing; thriving
L7-4622	7-9	新潮	新潮	xīn cháo	1,2	N/Adj	新潮	新潮	modern; fashionable
L7-4623	7-9	新陈代谢	新陳代謝	xīn chén dài xiè	1,2,4,4		新陈代谢	新陳代謝	metabolism (biology); the new replaces the old (idiom)
L7-4624	7-9	新房	新房	xīn fáng	1,2	N	新房	新房	brand new house; bridal chamber
L7-4625	7-9	新款	新款	xīn kuǎn	1,3	N	新款	新款	new style; latest fashion; new model
L7-4626	7-9	新奇	新奇	xīn qí	1,2	Adj	新奇	新奇	novel; new; exotic
L7-4627	7-9	新生	新生	xīn shēng	1,1	Adj/N	新生	新生	new; newborn; emerging; nascent; rebirth; regeneration; new life; new student
L7-4628	7-9	新式	新式	xīn shì	1,4	Adj	新式	新式	new style; latest type
L7-4629	7-9	新手	新手	xīn shǒu	1,3	N	新手	新手	new hand; novice; raw recruit
L7-4630	7-9	新颖	新穎	xīn yǐng	1,3	Adj	新颖	新穎	lit. new bud; fig. new and original
L7-4631	7-9	信贷	信貸	xìn dài	4,4	N	信贷	信貸	credit; borrowed money
L7-4632	7-9	信件	信件	xìn jiàn	4,4	N	信件	信件	letter (sent by mail)
L7-4633	7-9	信赖	信賴	xìn lài	4,4	V	信赖	信賴	to trust; to have confidence in; to have faith in; to rely on
L7-4634	7-9	信誉	信譽	xìn yù	4,4	N	信誉	信譽	prestige; distinction; reputation; trust
L7-4635	7-9	兴奋剂	興奮劑	xīng fèn jì	1,4,4	N	兴奋剂	興奮劑	stimulant; doping (in athletics)
L7-4636	7-9	兴建	興建	xīng jiàn	1,4	V	兴建	興建	to build; to construct
L7-4637	7-9	兴起	興起	xīng qǐ	1,3	V	兴起	興起	to rise; to spring up; to burgeon; to be aroused; to come into vogue
L7-4638	7-9	星座	星座	xīng zuò	1,4	N	星座	星座	constellation; astrological sign
L7-4639	7-9	猩猩	猩猩	xīng xing	1,5	N	猩猩	猩猩	orangutan; (slang) dialect speaker whose speech is corrupted by Standard Mandarin
L7-4640	7-9	腥	腥	xīng	1	Adj	腥	腥	fishy (smell)
L7-4641	7-9	刑法	刑法	xíng fǎ	2,3	N	刑法	刑法	criminal law
L7-4642	7-9	行使	行使	xíng shǐ	2,3	V	行使	行使	to exercise (a right etc)
L7-4643	7-9	行政	行政	xíng zhèng	2,4	N	行政	行政	administration; (attributive) administrative; executive
L7-4644	7-9	行走	行走	xíng zǒu	2,3	V	行走	行走	to walk
L7-4645	7-9	形形色色	形形色色	xíng xíng sè sè	2,2,4,4	Adj	形形色色	形形色色	all kinds of; all sorts of; every (different) kind of
L7-4646	7-9	形影不离	形影不離	xíng yǐng bù lí	2,3,4,2		形影不离	形影不離	inseparable (as form and shadow)
L7-4647	7-9	醒来	醒來	xǐng lái	3,2		醒来	醒來	to waken
L7-4648	7-9	醒目	醒目	xǐng mù	3,4	Adj	醒目	醒目	eye-grabbing (headline); striking (illustration)
L7-4649	7-9	醒悟	醒悟	xǐng wù	3,4	V	醒悟	醒悟	to come to oneself; to come to realize; to come to see the truth; to wake up to reality
L7-4650	7-9	兴高采烈	興高采烈	xìng gāo cǎi liè	4,1,3,4		兴高采烈	興高采烈	happy and excited (idiom); in high spirits; in great delight
L7-4651	7-9	兴致	興致	xìng zhì	4,4	N	兴致	興致	mood; spirits; interest
L7-4652	7-9	幸存	倖存	xìng cún	4,2	V	幸存	倖存	to survive (a disaster)
L7-4653	7-9	幸好	幸好	xìng hǎo	4,3	Adv	幸好	幸好	fortunately
L7-4654	7-9	幸亏	幸虧	xìng kuī	4,1	Adv	幸亏	幸虧	fortunately; luckily
L7-4655	7-9	幸免	倖免	xìng miǎn	4,3	V	幸免	倖免	to avoid (an unpleasant fate)
L7-4656	7-9	性价比	性價比	xìng jià bǐ	4,4,3	N	性价比	性價比	cost-performance ratio
L7-4657	7-9	性命	性命	xìng mìng	4,4	N	性命	性命	life
L7-4658	7-9	性情	性情	xìng qíng	4,2	N	性情	性情	nature; temperament
L7-4659	7-9	姓氏	姓氏	xìng shì	4,4	N	姓氏	姓氏	family name
L7-4660	7-9	凶残	兇殘	xiōng cán	1,2	Adj	凶残	兇殘|凶殘	savage; cruel; fierce
L7-4661	7-9	凶恶	兇惡	xiōng è	1,4	Adj	凶恶	兇惡	fierce; ferocious; fiendish; frightening
L7-4662	7-9	凶狠	凶狠	xiōng hěn	1,3	Adj	凶狠	凶狠	cruel; vicious; fierce and malicious; vengeful
L7-4663	7-9	凶猛	兇猛	xiōng měng	1,3	Adj	凶猛	兇猛	fierce; violent; ferocious
L7-4664	7-9	汹涌	洶湧	xiōng yǒng	1,3	V	汹涌	洶湧	to surge up violently (of ocean, river, lake etc); turbulent
L7-4665	7-9	胸膛	胸膛	xiōng táng	1,2	N	胸膛	胸膛	chest
L7-4666	7-9	胸有成竹	胸有成竹	xiōng yǒu chéng zhú	1,3,2,2		胸有成竹	胸有成竹	(idiom) to have a well-thought-out plan in mind
L7-4667	7-9	雄厚	雄厚	xióng hòu	2,4	Adj	雄厚	雄厚	substantial; robust; ample; abundant
L7-4668	7-9	休克	休克	xiū kè	1,4	V	休克	休克	(medicine) (loanword) shock; to go into shock
L7-4669	7-9	休眠	休眠	xiū mián	1,2	V	休眠	休眠	(biology) dormant; (of a volcano) dormant; (computing) to hibernate
L7-4670	7-9	休想	休想	xiū xiǎng	1,3	V	休想	休想	don't think (that); don't imagine (that)
L7-4671	7-9	休养	休養	xiū yǎng	1,3	V	休养	休養	to recuperate; to recover; to convalesce
L7-4672	7-9	修补	修補	xiū bǔ	1,3	V	修补	修補	to mend
L7-4673	7-9	修长	修長	xiū cháng	1,2	Adj	修长	修長	slender; lanky; tall and thin
L7-4674	7-9	修订	修訂	xiū dìng	1,4	V	修订	修訂	to revise
L7-4675	7-9	修路	修路	xiū lù	1,4		修路	修路	to repair a road
L7-4676	7-9	修正	修正	xiū zhèng	1,4	V	修正	修正	to revise; to amend; to rectify
L7-4677	7-9	羞愧	羞愧	xiū kuì	1,4	Adj	羞愧	羞愧	ashamed
L7-4678	7-9	秀丽	秀麗	xiù lì	4,4	Adj	秀丽	秀麗	pretty; beautiful
L7-4679	7-9	秀美	秀美	xiù měi	4,3	Adj	秀美	秀美	elegant; graceful
L7-4680	7-9	袖手旁观	袖手旁觀	xiù shǒu páng guān	4,3,2,1		袖手旁观	袖手旁觀	to watch with folded arms (idiom); to look on without lifting a finger
L7-4681	7-9	绣	繡	xiù	4	V	绣	繡	to embroider; embroidery
L7-4682	7-9	锈	鏽	xiù	4	N/V	锈	鏽	to rust
L7-4683	7-9	嗅觉	嗅覺	xiù jué	4,2	N	嗅觉	嗅覺	sense of smell
L7-4684	7-9	须	須	xū	1	V	须	須	must; to have to; to wait
L7-4685	7-9	虚	虛	xū	1	Adj/Adv	虚	虛	emptiness; void; abstract theory or guiding principles; empty or unoccupied; diffident or timid; false; humble or modest; (of health) weak; virtual; in vain
L7-4686	7-9	虚构	虛構	xū gòu	1,4	V	虚构	虛構	to make up; fabrication; fictional; imaginary
L7-4687	7-9	虚幻	虛幻	xū huàn	1,4	Adj	虚幻	虛幻	imaginary; illusory
L7-4688	7-9	虚假	虛假	xū jiǎ	1,3	Adj	虚假	虛假	false; phony; sham
L7-4689	7-9	虚拟	虛擬	xū nǐ	1,3	V/Adj	虚拟	虛擬	to imagine; to make up; fictitious; theoretical; hypothetical; (computing) to emulate; (computing) virtual
L7-4690	7-9	虚弱	虛弱	xū ruò	1,4	Adj	虚弱	虛弱	weak; in poor health
L7-4691	7-9	虚伪	虛偽	xū wěi	1,3	Adj	虚伪	虛偽	false; hypocritical; artificial; sham
L7-4692	7-9	需	需	xū	1	V	需	需	to require; to need; to want; necessity; need
L7-4693	7-9	徐徐	徐徐	xú xú	2,2	Adj	徐徐	徐徐	slowly; gently
L7-4694	7-9	许	許	xǔ	3	V/Adv	许	許	to allow; to permit; to promise; to praise; somewhat; perhaps
L7-4695	7-9	许可证	許可證	xǔ kě zhèng	3,3,4	N	许可证	許可證	license; authorization; permit
L7-4696	7-9	旭日	旭日	xù rì	4,4	N	旭日	旭日	the rising sun
L7-4697	7-9	序	序	xù	4	N	序	序	(bound form) order; sequence; (bound form) introductory; initial; preface
L7-4698	7-9	序幕	序幕	xù mù	4,4	N	序幕	序幕	prologue
L7-4699	7-9	叙述	敘述	xù shù	4,4	V	叙述	敘述	to relate (a story or information); to tell or talk about; to recount; narration; telling; narrative; account
L7-4700	7-9	酗酒	酗酒	xù jiǔ	4,3	V	酗酒	酗酒	heavy drinking; to get drunk; to drink to excess
L7-4701	7-9	续	續	xù	4	V	续	續	to continue; to replenish
L7-4702	7-9	絮叨	絮叨	xù dao	4,5	Adj	絮叨	絮叨	long-winded; garrulous; to talk endlessly without getting to the point
L7-4703	7-9	宣称	宣稱	xuān chēng	1,1	V	宣称	宣稱	to assert; to claim
L7-4704	7-9	宣读	宣讀	xuān dú	1,2	V	宣读	宣讀	to read out loud to an audience; a prepared speech (e.g. to a party conference)
L7-4705	7-9	宣告	宣告	xuān gào	1,4	V	宣告	宣告	to declare; to proclaim
L7-4706	7-9	宣誓	宣誓	xuān shì	1,4		宣誓	宣誓	to swear an oath (of office); to make a vow
L7-4707	7-9	宣泄	宣洩	xuān xiè	1,4	V	宣泄	宣洩	to drain (by leading off water); to unburden oneself; to divulge; to leak a secret
L7-4708	7-9	宣言	宣言	xuān yán	1,2	N	宣言	宣言	declaration; manifesto
L7-4709	7-9	宣扬	宣揚	xuān yáng	1,2	V	宣扬	宣揚	to publicize; to advertise; to spread far and wide
L7-4710	7-9	喧哗	喧嘩	xuān huá	1,2	V/Adj	喧哗	喧嘩	hubbub; clamor; to make a racket
L7-4711	7-9	喧闹	喧鬧	xuān nào	1,4	Adj	喧闹	喧鬧	to make a noise; noisy
L7-4712	7-9	玄	玄	xuán	2	Adj	玄	玄	black; mysterious
L7-4713	7-9	玄机	玄機	xuán jī	2,1	N	玄机	玄機	profound theory (in Daoism and Buddhism); mysterious principles
L7-4714	7-9	悬挂	懸掛	xuán guà	2,4	V	悬挂	懸掛	to suspend; to hang; (vehicle) suspension
L7-4715	7-9	悬念	懸念	xuán niàn	2,4	N	悬念	懸念	suspense in a movie, play etc; concern for sb's welfare
L7-4716	7-9	悬殊	懸殊	xuán shū	2,1	Adj	悬殊	懸殊	vastly different; poles apart
L7-4717	7-9	悬崖	懸崖	xuán yá	2,2	N	悬崖	懸崖	precipice; overhanging cliff
L7-4718	7-9	旋律	旋律	xuán lǜ	2,4	N	旋律	旋律	melody
L7-4719	7-9	旋涡	旋渦	xuán wō	2,1	N	旋涡	旋渦	spiral; whirlpool; eddy; vortex
L7-4720	7-9	选民	選民	xuǎn mín	3,2	N	选民	選民	voter; constituency; electorate
L7-4721	7-9	选项	選項	xuǎn xiàng	3,4	N	选项	選項	option; alternative; choice; to choose a project
L7-4722	7-9	选用	選用	xuǎn yòng	3,4	V	选用	選用	to choose for some purpose; to select and use
L7-4723	7-9	炫耀	炫耀	xuàn yào	4,4	V	炫耀	炫耀	dazzling; to show off; to flaunt
L7-4724	7-9	削弱	削弱	xuē ruò	1,4	V	削弱	削弱	to weaken; to impair; to cripple
L7-4725	7-9	靴子	靴子	xuē zi	1,5	N	靴子	靴子	boots
L7-4726	7-9	穴位	穴位	xué wèi	2,4	N	穴位	穴位	acupuncture point; location of a grave
L7-4727	7-9	学历	學歷	xué lì	2,4	N	学历	學歷	educational background; academic qualifications
L7-4728	7-9	学士	學士	xué shì	2,4	N	学士	學士	bachelor's degree; person holding a university degree
L7-4729	7-9	学说	學說	xué shuō	2,1	N	学说	學說	theory; doctrine
L7-4730	7-9	学堂	學堂	xué táng	2,2	N	学堂	學堂	college; school (old)
L7-4731	7-9	学业	學業	xué yè	2,4	N	学业	學業	studies; schoolwork
L7-4732	7-9	学艺	學藝	xué yì	2,4	V	学艺	學藝	to learn a skill or art
L7-4733	7-9	学子	學子	xué zǐ	2,3	N	学子	學子	(literary) student; scholar
L7-4734	7-9	雪山	雪山	xuě shān	3,1	N	雪山	雪山	snow-capped mountain
L7-4735	7-9	雪上加霜	雪上加霜	xuě shàng jiā shuāng	3,4,1,1		雪上加霜	雪上加霜	(idiom) to make matters even worse; to add insult to injury
L7-4736	7-9	血脉	血脈	xuè mài	4,4	N	血脉	血脈	blood vessels
L7-4737	7-9	血栓	血栓	xuè shuān	4,1	N	血栓	血栓	blood clot; thrombus
L7-4738	7-9	血压	血壓	xuè yā	4,1	N	血压	血壓	blood pressure
L7-4739	7-9	血缘	血緣	xuè yuán	4,2	N	血缘	血緣	bloodline
L7-4740	7-9	勋章	勛章	xūn zhāng	1,1	N	勋章	勛章	medal; decoration
L7-4741	7-9	熏	熏	xūn	1	V	熏	熏	to smoke; to fumigate; to assail the nostrils; to perfume
L7-4742	7-9	熏陶	薰陶	xūn táo	1,2	V	熏陶	熏陶|薰陶	to seep in; to influence; to nurture; influence; training
L7-4743	7-9	寻	尋	xún	2	V	寻	尋	to search; to look for; to seek
L7-4744	7-9	寻常	尋常	xún cháng	2,2	Adj	寻常	尋常	usual; common; ordinary
L7-4745	7-9	寻觅	尋覓	xún mì	2,4	V	寻觅	尋覓	to look for
L7-4746	7-9	巡逻	巡邏	xún luó	2,2	V	巡逻	巡邏	to patrol
L7-4747	7-9	循序渐进	循序漸進	xún xù jiàn jìn	2,4,4,4		循序渐进	循序漸進	in sequence, step by step (idiom); to make steady progress incrementally
L7-4748	7-9	训	訓	xùn	4	V	训	訓	to teach; to train; to admonish; (bound form) instruction (from superiors); teachings; rule
L7-4749	7-9	驯	馴	xùn	4	V	驯	馴	to attain gradually; to tame; Taiwan pr. [xun2]
L7-4750	7-9	逊色	遜色	xùn sè	4,4	N/Adj	逊色	遜色	inferior (often in the combination 毫無遜色|毫无逊色, not in the least inferior)
L7-4751	7-9	丫头	丫頭	yā tou	1,5	N	丫头	丫頭	girl; servant girl; (used deprecatingly, but sometimes also as a term of endearment)
L7-4752	7-9	压倒	壓倒	yā dǎo	1,3		压倒	壓倒	to overwhelm; to overpower; overwhelming
L7-4753	7-9	压缩	壓縮	yā suō	1,1	V	压缩	壓縮	to compress; compression
L7-4754	7-9	压抑	壓抑	yā yì	1,4	V	压抑	壓抑	to constrain or repress emotions; oppressive; stifling; depressing; repression
L7-4755	7-9	压制	壓制	yā zhì	1,4	V	压制	壓制	to suppress; to inhibit; to stifle
L7-4756	7-9	押	押	yā	1	V	押	押	to mortgage; to pawn; to detain in custody; to escort and protect; (literary) to sign
L7-4757	7-9	鸦雀无声	鴉雀無聲	yā què wú shēng	1,4,2,1		鸦雀无声	鴉雀無聲	lit. crow and peacock make no sound; absolute silence (idiom); not a single voice can be heard; absolute silence
L7-4758	7-9	牙齿	牙齒	yá chǐ	2,3	N	牙齿	牙齒	tooth; dental; CL:顆|颗[ke1]
L7-4759	7-9	牙膏	牙膏	yá gāo	2,1	N	牙膏	牙膏	toothpaste; CL:管[guan3]
L7-4760	7-9	芽	芽	yá	2	N	芽	芽	bud; sprout
L7-4761	7-9	哑	啞	yǎ	3	Adj	哑	啞	mute; dumb; incapable of speech; (of a voice) hoarse; husky; (bound form) (of a bullet, bomb etc) dud
L7-4762	7-9	咽喉	咽喉	yān hóu	1,2	N	咽喉	咽喉	throat
L7-4763	7-9	烟囱	煙囪	yān cōng	1,1	N	烟囱	煙囪	chimney; smokestack; stovepipe
L7-4764	7-9	烟火	煙火	yān huǒ	1,3	N	烟火	煙火	smoke and fire; cooked food; (literary) beacon fire; (literary) descendants; posterity
L7-4765	7-9	淹	淹	yān	1	V	淹	淹	to flood; to submerge; to drown; to irritate the skin (of liquids); to delay
L7-4766	7-9	延	延	yán	2	V	延	延	to prolong; to extend; to delay
L7-4767	7-9	延缓	延緩	yán huǎn	2,3	V	延缓	延緩	to defer; to postpone; to put off; to retard; to slow sth down
L7-4768	7-9	延误	延誤	yán wù	2,4	V	延误	延誤	to postpone (with unfortunate consequences); to take too long (to do sth); to miss (a deadline or window of opportunity)
L7-4769	7-9	严谨	嚴謹	yán jǐn	2,3	Adj	严谨	嚴謹	rigorous; strict; careful; (of writing) well organized; meticulous
L7-4770	7-9	严禁	嚴禁	yán jìn	2,4	V	严禁	嚴禁	to strictly prohibit
L7-4771	7-9	严峻	嚴峻	yán jùn	2,4	Adj	严峻	嚴峻	grim; severe; rigorous
L7-4772	7-9	严密	嚴密	yán mì	2,4	Adj/V	严密	嚴密	tight; strict; closely controlled; rigorous and thorough
L7-4773	7-9	言辞	言辭	yán cí	2,2	N	言辞	言辭	words; expression; what one says
L7-4774	7-9	言论	言論	yán lùn	2,4	N	言论	言論	expression of opinion; views; remarks; arguments
L7-4775	7-9	言行	言行	yán xíng	2,2	N	言行	言行	words and actions; what one says and what one does
L7-4776	7-9	岩石	岩石	yán shí	2,2	N	岩石	岩石	(geology) rock
L7-4777	7-9	炎热	炎熱	yán rè	2,4	Adj	炎热	炎熱	blistering hot; sizzling hot (weather)
L7-4778	7-9	炎症	炎症	yán zhèng	2,4	N	炎症	炎症	inflammation
L7-4779	7-9	沿岸	沿岸	yán àn	2,4	N	沿岸	沿岸	coastal area; littoral or riparian
L7-4780	7-9	沿途	沿途	yán tú	2,2	N/Adv	沿途	沿途	along the sides of the road; by the wayside
L7-4781	7-9	沿线	沿線	yán xiàn	2,4	N	沿线	沿線	along the line (e.g. railway); the region near the line
L7-4782	7-9	研讨	研討	yán tǎo	2,3	V	研讨	研討	discussion
L7-4783	7-9	阎王	閻王	Yán wang	2,5	N	阎王	閻王	(Buddhism) Yama, the King of Hell; (fig.) cruel and tyrannical person
L7-4784	7-9	衍生	衍生	yǎn shēng	3,1	V	衍生	衍生	to give rise to; to derive; derivative; derivation
L7-4785	7-9	掩盖	掩蓋	yǎn gài	3,4	V	掩盖	掩蓋	to conceal; to hide behind; to cover up
L7-4786	7-9	掩护	掩護	yǎn hù	3,4	V	掩护	掩護	to screen; to shield; to cover; protection; cover; CL:面[mian4]
L7-4787	7-9	掩饰	掩飾	yǎn shì	3,4	V	掩饰	掩飾	to cover up; to conceal; to mask; to gloss over
L7-4788	7-9	眼红	眼紅	yǎn hóng	3,2	Adj	眼红	眼紅	to covet; envious; jealous; green with envy; infuriated; furious
L7-4789	7-9	眼界	眼界	yǎn jiè	3,4	N	眼界	眼界	(lit. and fig.) field of vision; scope; horizon
L7-4790	7-9	眼色	眼色	yǎn sè	3,4	N	眼色	眼色	signal made with one's eyes; meaningful glance
L7-4791	7-9	眼神	眼神	yǎn shén	3,2	N	眼神	眼神	expression or emotion showing in one's eyes; meaningful glance; wink; eyesight (dialect)
L7-4792	7-9	眼下	眼下	yǎn xià	3,4	N	眼下	眼下	now; at present; (anatomy) subocular
L7-4793	7-9	演变	演變	yǎn biàn	3,4	V	演变	演變	to develop; to evolve
L7-4794	7-9	演播室	演播室	yǎn bō shì	3,1,4	N	演播室	演播室	broadcasting studio
L7-4795	7-9	演技	演技	yǎn jì	3,4	N	演技	演技	acting; performing skills
L7-4796	7-9	演练	演練	yǎn liàn	3,4	V	演练	演練	to drill; to practice
L7-4797	7-9	演示	演示	yǎn shì	3,4	V	演示	演示	to demonstrate; to show; presentation; demonstration
L7-4798	7-9	演说	演說	yǎn shuō	3,1	V/N	演说	演說	speech; to deliver a speech
L7-4799	7-9	演习	演習	yǎn xí	3,2	V	演习	演習	(military, firefighting etc) (verb and noun) drill; exercise; maneuver
L7-4800	7-9	演戏	演戲	yǎn xì	3,4		演戏	演戲	to put on a play; to perform; fig. to pretend; to feign
L7-4801	7-9	演艺圈	演藝圈	yǎn yì quān	3,4,1	N	演艺圈	演藝圈	show business
L7-4802	7-9	演绎	演繹	yǎn yì	3,4	N/V	演绎	演繹	(of a story etc) to unfold; to play out; to develop (a technique etc); to enact; (logic) to deduce; to infer
L7-4803	7-9	厌烦	厭煩	yàn fán	4,2	V	厌烦	厭煩	bored; fed up with sth; sick of sth
L7-4804	7-9	厌倦	厭倦	yàn juàn	4,4	V	厌倦	厭倦	to be weary of; to be fed up with; to be bored with
L7-4805	7-9	咽	嚥	yàn	4	V	咽	嚥	to swallow
L7-4806	7-9	艳丽	艷麗	yàn lì	4,4	Adj	艳丽	艷麗	gorgeous; garish and beautiful
L7-4807	7-9	验	驗	yàn	4	V	验	驗	to examine; to test; to check
L7-4808	7-9	验收	驗收	yàn shōu	4,1	V	验收	驗收	to inspect and accept; acceptance
L7-4809	7-9	验证	驗證	yàn zhèng	4,4	V	验证	驗證	to inspect and verify; experimental verification; to validate (a theory); to authenticate
L7-4810	7-9	焰火	焰火	yàn huǒ	4,3	N	焰火	焰火	fireworks
L7-4811	7-9	燕子	燕子	yàn zi	4,5	N	燕子	燕子	swallow
L7-4812	7-9	秧歌	秧歌	yāng ge	1,5	N	秧歌	秧歌	Yangge, a popular rural folk dance
L7-4813	7-9	扬	揚	yáng	2	V	扬	揚	to raise; to hoist; the action of tossing or winnowing; scattering (in the wind); to flutter; to propagate
L7-4814	7-9	阳性	陽性	yáng xìng	2,4	N	阳性	陽性	positive; masculine
L7-4815	7-9	杨树	楊樹	yáng shù	2,4	N	杨树	楊樹	poplar tree; various trees of genus Populus
L7-4816	7-9	洋溢	洋溢	yáng yì	2,4	V	洋溢	洋溢	brimming with; steeped in
L7-4817	7-9	养活	養活	yǎng huo	3,5	V	养活	養活	to provide for; to keep (animals, a family etc); to raise animals; to feed and clothe; support; the necessities of life; to give birth
L7-4818	7-9	养老金	養老金	yǎng lǎo jīn	3,3,1	N	养老金	養老金	pension
L7-4819	7-9	养老院	養老院	yǎng lǎo yuàn	3,3,4	N	养老院	養老院	nursing home
L7-4820	7-9	养生	養生	yǎng shēng	3,1	V	养生	養生	to maintain good health; to raise a child or animal; curing (of concrete etc)
L7-4821	7-9	养殖	養殖	yǎng zhí	3,2	V	养殖	養殖	to raise; to breed (animals etc)
L7-4822	7-9	氧	氧	yǎng	3	N	氧	氧	oxygen (chemistry)
L7-4823	7-9	痒	癢	yǎng	3	Adj	痒	癢	to itch; to tickle
L7-4824	7-9	样本	樣本	yàng běn	4,3	N	样本	樣本	sample; specimen
L7-4825	7-9	样品	樣品	yàng pǐn	4,3	N	样品	樣品	sample; specimen
L7-4826	7-9	妖怪	妖怪	yāo guài	1,4	N	妖怪	妖怪	monster; devil
L7-4827	7-9	邀	邀	yāo	1	V	邀	邀	to invite; to request; to intercept; to solicit; to seek
L7-4828	7-9	窑	窯	yáo	2	N	窑	窯	kiln; oven; coal pit; cave dwelling; (coll.) brothel
L7-4829	7-9	谣言	謠言	yáo yán	2,2	N	谣言	謠言	rumor
L7-4830	7-9	摇摆	搖擺	yáo bǎi	2,3	V	摇摆	搖擺	to sway; to wobble; to waver
L7-4831	7-9	摇滚	搖滾	yáo gǔn	2,3	N	摇滚	搖滾	rock 'n' roll (music); to rock; to fall off
L7-4832	7-9	摇晃	搖晃	yáo huàng	2,4	V	摇晃	搖晃	to rock; to shake; to sway
L7-4833	7-9	摇篮	搖籃	yáo lán	2,2	N	摇篮	搖籃	cradle (for a baby); (fig.) cradle; birthplace (of a civilization, movement etc)
L7-4834	7-9	摇摇欲坠	搖搖欲墜	yáo yáo yù zhuì	2,2,4,4		摇摇欲坠	搖搖欲墜	tottering; on the verge of collapse
L7-4835	7-9	遥控	遙控	yáo kòng	2,4	V	遥控	遙控	to direct operations from a remote location; to remotely control
L7-4836	7-9	遥远	遙遠	yáo yuǎn	2,3	Adj	遥远	遙遠	distant; remote
L7-4837	7-9	药材	藥材	yào cái	4,2	N	药材	藥材	medicinal ingredient
L7-4838	7-9	药方	藥方	yào fāng	4,1	N	药方	藥方	prescription
L7-4839	7-9	要不	要不	yào bù	4,4	Conj	要不	要不	otherwise; or else; how about...?; either... (or...)
L7-4840	7-9	要不是	要不是	yào bu shì	4,5,4	Conj	要不是	要不是	if it were not for; but for
L7-4841	7-9	要点	要點	yào diǎn	4,3	N	要点	要點	main point; essential
L7-4842	7-9	要害	要害	yào hài	4,4	N	要害	要害	vital part; (fig.) key point; crucial
L7-4843	7-9	要紧	要緊	yào jǐn	4,3	Adj	要紧	要緊	important; urgent
L7-4844	7-9	要领	要領	yào lǐng	4,3	N	要领	要領	main aspects; essentials; gist
L7-4845	7-9	要命	要命	yào mìng	4,4		要命	要命	to cause sb's death; extremely; terribly; (used in complaining about sth) to be a nuisance
L7-4846	7-9	要强	要強	yào qiáng	4,2	Adj	要强	要強	eager to excel; eager to get ahead in life; strong-minded
L7-4847	7-9	钥匙	鑰匙	yào shi	4,5	N	钥匙	鑰匙	key; CL:把[ba3]
L7-4848	7-9	耀眼	耀眼	yào yǎn	4,3	Adj	耀眼	耀眼	to dazzle; dazzling
L7-4849	7-9	椰子	椰子	yē zi	1,5	N	椰子	椰子	a coconut palm; a coconut
L7-4850	7-9	也就是说	也就是說	yě jiù shì shuō	3,4,4,1		也就是说	也就是說	in other words; that is to say; so; thus
L7-4851	7-9	野餐	野餐	yě cān	3,1	V	野餐	野餐	picnic; to have a picnic
L7-4852	7-9	野炊	野炊	yě chuī	3,1	V	野炊	野炊	to cook a meal over a campfire (usu. for a group of people on an outing); cookout
L7-4853	7-9	野蛮	野蠻	yě mán	3,2	Adj	野蛮	野蠻	barbarous; uncivilized
L7-4854	7-9	野兽	野獸	yě shòu	3,4	N	野兽	野獸	beast; wild animal
L7-4855	7-9	野外	野外	yě wài	3,4	N	野外	野外	countryside; areas outside the city
L7-4856	7-9	野心	野心	yě xīn	3,1	N	野心	野心	ambition; wild schemes; careerism
L7-4857	7-9	野营	野營	yě yíng	3,2	V	野营	野營	to camp; field lodgings
L7-4858	7-9	业	業	yè	4	Suffix	业（服务业）	業（服務業）	line of business; industry; occupation; job; employment; school studies; enterprise; property; (Buddhism) karma; deed; to engage in; already
L7-4859	7-9	业绩	業績	yè jì	4,4	N	业绩	業績	achievement; accomplishment; (in more recent usage) performance (of a business, employee etc); results
L7-4860	7-9	夜班	夜班	yè bān	4,1	N	夜班	夜班	night shift
L7-4861	7-9	夜市	夜市	yè shì	4,4	N	夜市	夜市	night market
L7-4862	7-9	夜晚	夜晚	yè wǎn	4,3	N	夜晚	夜晚	night; CL:個|个[ge4]
L7-4863	7-9	夜校	夜校	yè xiào	4,4	N	夜校	夜校	evening school; night school
L7-4864	7-9	夜以继日	夜以繼日	yè yǐ jì rì	4,3,4,4		夜以继日	夜以繼日	night and day (idiom); continuous strenuous effort
L7-4865	7-9	夜总会	夜總會	yè zǒng huì	4,3,4	N	夜总会	夜總會	nightclub; nightspot
L7-4866	7-9	液晶	液晶	yè jīng	4,1	N	液晶	液晶	liquid crystal
L7-4867	7-9	液体	液體	yè tǐ	4,3	N	液体	液體	liquid
L7-4868	7-9	一把手	一把手	yī bǎ shǒu	1,3,3		一把手	一把手	working hand; member of a work team; participant; the boss (short form of 第一把手[di4 yi1 ba3 shou3])
L7-4869	7-9	一线	一線	yī xiàn	1,4	N	一线	一線	front line
L7-4870	7-9	一一	一一	yī yī	1,1	Adv	一一	一一	one by one; one after another
L7-4871	7-9	伊斯兰教	伊斯蘭教	Yī sī lán jiào	1,1,2,4	N	伊斯兰教	伊斯蘭教	Islam
L7-4872	7-9	衣食住行	衣食住行	yī shí zhù xíng	1,2,4,2		衣食住行	衣食住行	(lit.) clothing, food, housing and transportation (idiom); (fig.) people's basic needs
L7-4873	7-9	医务	醫務	yī wù	1,4	N	医务	醫務	medical affairs
L7-4874	7-9	依	依	yī	1	V/Prep	依	依	to depend on; to comply with or listen to sb; according to; in the light of
L7-4875	7-9	依托	依託	yī tuō	1,1	V	依托	依託	to rely on; to depend on; support
L7-4876	7-9	依依不舍	依依不捨	yī yī bù shě	1,1,4,3		依依不舍	依依不捨	reluctant to part (idiom); broken-hearted at having to leave
L7-4877	7-9	一不小心	一不小心	yī bù xiǎo xīn	1,4,3,1		一不小心	一不小心	to be a little bit careless; to have a moment of inattentiveness; accidentally
L7-4878	7-9	一刹那	一剎那	yī chà nà	1,4,4	N	一刹那	一剎那	a moment; an instant; in a flash
L7-4879	7-9	一大早	一大早	yī dà zǎo	1,4,3	N	一大早	一大早	at dawn; at first light; first thing in the morning
L7-4880	7-9	一动不动	一動不動	yī dòng bù dòng	1,4,4,4		一动不动	一動不動	motionless
L7-4881	7-9	一度	一度	yī dù	1,4	Adv	一度	一度	for a time; at one time; one time; once
L7-4882	7-9	一概	一概	yī gài	1,4	Adv	一概	一概	all; without any exceptions; categorically
L7-4883	7-9	一概而论	一概而論	yī gài ér lùn	1,4,2,4		一概而论	一概而論	to lump different matters together (idiom)
L7-4884	7-9	一个劲儿	一個勁兒	yī gè jìn r	1,4,4,5	Adv	一个劲儿	一個勁兒	erhua variant of 一個勁|一个劲[yi1 ge4 jin4]
L7-4885	7-9	一晃	一晃	yī huǎng	1,3	V	一晃	一晃	(of passing time) in an instant; (of a sight) in a flash
L7-4886	7-9	一技之长	一技之長	yī jì zhī cháng	1,4,1,2		一技之长	一技之長	proficiency in a particular field (idiom); skill in a specialized area (idiom)
L7-4887	7-9	一面	一面	yī miàn	1,4	N/Adv	一面	一面	one side; one aspect; simultaneously... (and...); one's whole face
L7-4888	7-9	一目了然	一目了然	yī mù liǎo rán	1,4,3,2		一目了然	一目了然	obvious at a glance (idiom)
L7-4889	7-9	一事无成	一事無成	yī shì wú chéng	1,4,2,2		一事无成	一事無成	(idiom) to have achieved nothing; to be a total failure; to get nowhere
L7-4890	7-9	一瞬间	一瞬間	yī shùn jiān	1,4,1	N	一瞬间	一瞬間	split second
L7-4891	7-9	一味	一味	yī wèi	1,4	Adv	一味	一味	persistently; stubbornly; blindly
L7-4892	7-9	一系列	一系列	yī xì liè	1,4,4	Adj	一系列	一系列	a series of; a string of
L7-4893	7-9	一阵	一陣	yī zhèn	1,4		一阵	一陣	a burst; a fit; a peal; a spell (period of time)
L7-4894	7-9	仪表	儀表	yí biǎo	2,3	N	仪表	儀表	appearance; bearing; meter (i.e. measuring instrument)
L7-4895	7-9	怡然自得	怡然自得	yí rán zì dé	2,2,4,2		怡然自得	怡然自得	happy and content (idiom)
L7-4896	7-9	姨	姨	yí	2	N	姨	姨	mother's sister; aunt
L7-4897	7-9	移交	移交	yí jiāo	2,1	V	移交	移交	to transfer; to hand over
L7-4898	7-9	移植	移植	yí zhí	2,2	V	移植	移植	to transplant
L7-4899	7-9	遗留	遺留	yí liú	2,2	V	遗留	遺留	to leave behind; to hand down
L7-4900	7-9	遗弃	遺棄	yí qì	2,4	V	遗弃	遺棄	to leave; to abandon
L7-4901	7-9	遗体	遺體	yí tǐ	2,3	N	遗体	遺體	remains (of a dead person)
L7-4902	7-9	遗忘	遺忘	yí wàng	2,4	V	遗忘	遺忘	to forget; to cease to think about (sb or sth) anymore
L7-4903	7-9	遗物	遺物	yí wù	2,4	N	遗物	遺物	personal effects (of the deceased); artifacts; relics; (biological) remains
L7-4904	7-9	遗愿	遺願	yí yuàn	2,4	N	遗愿	遺願	final wishes of the departed
L7-4905	7-9	遗址	遺址	yí zhǐ	2,3	N	遗址	遺址	ruins; historic relics
L7-4906	7-9	遗嘱	遺囑	yí zhǔ	2,3	N	遗嘱	遺囑	testament; will
L7-4907	7-9	疑点	疑點	yí diǎn	2,3	N	疑点	疑點	a doubtful point
L7-4908	7-9	疑惑	疑惑	yí huò	2,4	V	疑惑	疑惑	to doubt; to distrust; unconvincing; to puzzle over; misgivings; suspicions
L7-4909	7-9	疑虑	疑慮	yí lǜ	2,4	V	疑虑	疑慮	hesitation; misgivings; doubt
L7-4910	7-9	以	以	yǐ	3	Prep/Conj	以	以	to use; by means of; according to; in order to; because of; at (a certain date or place)
L7-4911	7-9	以免	以免	yǐ miǎn	3,3	Conj	以免	以免	in order to avoid; so as not to
L7-4912	7-9	以身作则	以身作則	yǐ shēn zuò zé	3,1,4,2		以身作则	以身作則	to set an example (idiom); to serve as a model
L7-4913	7-9	以至于	以至於	yǐ zhì yú	3,4,2	Conj	以至于	以至於	down to; up to; to the extent that...
L7-4914	7-9	以致	以致	yǐ zhì	3,4	Conj	以致	以致	with the result that
L7-4915	7-9	矣	矣	yǐ	3	Aux	矣	矣	classical final particle, similar to modern 了[le5]
L7-4916	7-9	倚	倚	yǐ	3	V	倚	倚	to lean on; to rely upon
L7-4917	7-9	一长一短	一長一短	yī cháng yī duǎn	1,2,1,3		一长一短	一長一短	(idiom) talking endlessly; long-winded
L7-4918	7-9	一成不变	一成不變	yī chéng bù biàn	1,2,4,4		一成不变	一成不變	(idiom) immutable; impervious to change; set in stone
L7-4919	7-9	一筹莫展	一籌莫展	yī chóu mò zhǎn	1,2,4,3		一筹莫展	一籌莫展	to be unable to find a solution; to be at wits' end
L7-4920	7-9	一帆风顺	一帆風順	yī fān fēng shùn	1,1,1,4		一帆风顺	一帆風順	propitious wind throughout the journey (idiom); plain sailing; to go smoothly; have a nice trip!
L7-4921	7-9	一干二净	一乾二淨	yī gān èr jìng	1,1,4,4		一干二净	一乾二淨	thoroughly (idiom); completely; one and all; very clean
L7-4922	7-9	一鼓作气	一鼓作氣	yī gǔ zuò qì	1,3,4,4		一鼓作气	一鼓作氣	in a spurt of energy
L7-4923	7-9	一锅粥	一鍋粥	yī guō zhōu	1,1,1	N	一锅粥	一鍋粥	(lit.) a pot of porridge; (fig.) a complete mess
L7-4924	7-9	一回事	一回事	yī huí shì	1,2,4	N	一回事	一回事	one and the same (thing); one thing (as distinct from another)
L7-4925	7-9	一家人	一家人	yī jiā rén	1,1,2	N	一家人	一家人	the whole family; (lit. and fig.) members of the same family
L7-4926	7-9	一经	一經	yī jīng	1,1	Adv	一经	一經	as soon as; once (an action has been completed)
L7-4927	7-9	一举	一舉	yī jǔ	1,3	N/Adv	一举	一舉	a move; an action; in one move; at a stroke; in one go
L7-4928	7-9	一举一动	一舉一動	yī jǔ yī dòng	1,3,1,4		一举一动	一舉一動	(idiom) every movement; each and every move
L7-4929	7-9	一卡通	一卡通	Yī kǎ tōng	1,3,1	N	一卡通	一卡通	the name of various contactless smart cards, notably Yikatong (mainly for public transport in Beijing) and iPASS (mainly for public transport in Taiwan)
L7-4930	7-9	一揽子	一攬子	yī lǎn zi	1,3,5	Adj	一揽子	一攬子	all-inclusive; undiscriminating
L7-4931	7-9	一连	一連	yī lián	1,2	Adv	一连	一連	in a row; in succession; running
L7-4932	7-9	一连串	一連串	yī lián chuàn	1,2,4	Adj	一连串	一連串	a succession of; a series of
L7-4933	7-9	一毛不拔	一毛不拔	yī máo bù bá	1,2,4,2		一毛不拔	一毛不拔	(lit.) unwilling to spare a single hair (idiom); (fig.) extremely stingy
L7-4934	7-9	一年到头	一年到頭	yī nián dào tóu	1,2,4,2		一年到头	一年到頭	all year round
L7-4935	7-9	一旁	一旁	yī páng	1,2	N	一旁	一旁	aside; to the side of
L7-4936	7-9	一如既往	一如既往	yī rú jì wǎng	1,2,4,3		一如既往	一如既往	(idiom) just as in the past; as before; continuing as always
L7-4937	7-9	一声不吭	一聲不吭	yī shēng bù kēng	1,1,4,1		一声不吭	一聲不吭	to not say a word
L7-4938	7-9	一手	一手	yī shǒu	1,3	N/Adv	一手	一手	a skill; mastery of a trade; by oneself; without outside help
L7-4939	7-9	一塌糊涂	一塌糊塗	yī tā hú tu	1,1,2,5		一塌糊涂	一塌糊塗	muddled and completely collapsing (idiom); in an awful condition; complete shambles; a total mess
L7-4940	7-9	一体	一體	yī tǐ	1,3	N	一体	一體	an integral whole; all concerned; everybody
L7-4941	7-9	一天到晚	一天到晚	yī tiān dào wǎn	1,1,4,3		一天到晚	一天到晚	all day long; the whole day
L7-4942	7-9	一头	一頭	yī tóu	1,2	Adv/N	一头	一頭	one head; a head full of sth; one end (of a stick); one side; headlong; directly; rapidly; simultaneously
L7-4943	7-9	一无所有	一無所有	yī wú suǒ yǒu	1,2,3,3		一无所有	一無所有	not having anything at all (idiom); utterly lacking; without two sticks to rub together
L7-4944	7-9	一无所知	一無所知	yī wú suǒ zhī	1,2,3,1		一无所知	一無所知	(idiom) not knowing anything at all; completely ignorant
L7-4945	7-9	一心	一心	yī xīn	1,1	Adv	一心	一心	wholeheartedly; heart and soul
L7-4946	7-9	一心一意	一心一意	yī xīn yī yì	1,1,1,4		一心一意	一心一意	concentrating one's thoughts and efforts; single-minded; bent on; intently
L7-4947	7-9	一言不发	一言不發	yī yán bù fā	1,2,4,1		一言不发	一言不發	to not say a word (idiom)
L7-4948	7-9	一言一行	一言一行	yī yán yī xíng	1,2,1,2		一言一行	一言一行	every word and action (idiom)
L7-4949	7-9	一眼	一眼	yī yǎn	1,3		一眼	一眼	a glance; a quick look; a glimpse
L7-4950	7-9	一应俱全	一應俱全	yī yīng jù quán	1,1,4,2		一应俱全	一應俱全	with everything needed available
L7-4951	7-9	一早	一早	yī zǎo	1,3	N	一早	一早	early in the morning; at dawn
L7-4952	7-9	义工	義工	yì gōng	4,1	N	义工	義工	volunteer worker; volunteer work
L7-4953	7-9	议	議	yì	4	V	议	議	to comment on; to discuss; to suggest
L7-4954	7-9	议程	議程	yì chéng	4,2	N	议程	議程	agenda; agenda item
L7-4955	7-9	议会	議會	yì huì	4,4	N	议会	議會	parliament; legislative assembly
L7-4956	7-9	议员	議員	yì yuán	4,2	N	议员	議員	member (of a legislative body); representative
L7-4957	7-9	屹立	屹立	yì lì	4,4	V	屹立	屹立	to tower; to stand straight (of person's bearing)
L7-4958	7-9	亦	亦	yì	4	Adv	亦	亦	also
L7-4959	7-9	异口同声	異口同聲	yì kǒu tóng shēng	4,3,2,1		异口同声	異口同聲	different mouths, same voice; to speak in unison (idiom)
L7-4960	7-9	异想天开	異想天開	yì xiǎng tiān kāi	4,3,1,1		异想天开	異想天開	(idiom) to imagine the wildest thing; to indulge in fantasy
L7-4961	7-9	异性	異性	yì xìng	4,4	Adj/N	异性	異性	the opposite sex; of the opposite sex; heterosexual; different in nature
L7-4962	7-9	异议	異議	yì yì	4,4	N	异议	異議	objection; dissent
L7-4963	7-9	抑扬顿挫	抑揚頓挫	yì yáng dùn cuò	4,2,4,4		抑扬顿挫	抑揚頓挫	see 頓挫抑揚|顿挫抑扬[dun4 cuo4 yi4 yang2]
L7-4964	7-9	抑郁	抑鬱	yì yù	4,4	Adj	抑郁	抑鬱	depressed; despondent; gloomy
L7-4965	7-9	抑郁症	抑鬱症	yì yù zhèng	4,4,4	N	抑郁症	抑鬱症	clinical depression
L7-4966	7-9	抑制	抑制	yì zhì	4,4	V	抑制	抑制	to inhibit; to keep down; to suppress
L7-4967	7-9	译	譯	yì	4	V	译	譯	to translate; to interpret
L7-4968	7-9	易拉罐	易拉罐	yì lā guàn	4,1,4	N	易拉罐	易拉罐	pull-top can; easy-open can (with ring-pull)
L7-4969	7-9	疫苗	疫苗	yì miáo	4,2	N	疫苗	疫苗	vaccine
L7-4970	7-9	益处	益處	yì chu	4,5	N	益处	益處	benefit
L7-4971	7-9	意料	意料	yì liào	4,4	V	意料	意料	to anticipate; to expect; expectations
L7-4972	7-9	意料之外	意料之外	yì liào zhī wài	4,4,1,4		意料之外	意料之外	(idiom) contrary to expectation; unexpected
L7-4973	7-9	意图	意圖	yì tú	4,2	N	意图	意圖	intent; intention; to intend
L7-4974	7-9	意向	意向	yì xiàng	4,4	N	意向	意向	intention; purpose; intent; inclination; disposition
L7-4975	7-9	溢	溢	yì	4	V	溢	溢	to overflow; (literary) excessive; old variant of 鎰|镒[yi4]
L7-4976	7-9	毅力	毅力	yì lì	4,4	N	毅力	毅力	perseverance; willpower
L7-4977	7-9	毅然	毅然	yì rán	4,2	Adv	毅然	毅然	firmly; resolutely; without hesitation
L7-4978	7-9	因人而异	因人而異	yīn rén ér yì	1,2,2,4		因人而异	因人而異	varying from person to person (idiom); different for each individual
L7-4979	7-9	阴暗	陰暗	yīn àn	1,4	Adj	阴暗	陰暗	dim; dark; overcast; darkness; shadow; (fig.) dismal; gloomy; somber; murky; shadowy (side)
L7-4980	7-9	阴性	陰性	yīn xìng	1,4	N	阴性	陰性	negative; feminine
L7-4981	7-9	音响	音響	yīn xiǎng	1,3	N	音响	音響	sound; acoustics; audio; hi-fi system; stereo sound system (abbr. for 組合音響|组合音响[zu3 he2 yin1 xiang3])
L7-4982	7-9	殷勤	殷勤	yīn qín	1,2	Adj	殷勤	殷勤	politely; solicitously; eagerly attentive
L7-4983	7-9	银幕	銀幕	yín mù	2,4	N	银幕	銀幕	movie screen
L7-4984	7-9	引发	引發	yǐn fā	3,1	V	引发	引發	to lead to; to trigger; to initiate; to cause; to evoke (emotions)
L7-4985	7-9	引经据典	引經據典	yǐn jīng jù diǎn	3,1,4,3		引经据典	引經據典	lit. to quote the classics; to quote chapter and verse (idiom)
L7-4986	7-9	引领	引領	yǐn lǐng	3,3	V	引领	引領	to crane one's neck; to await eagerly; to lead; to show the way
L7-4987	7-9	引擎	引擎	yǐn qíng	3,2	N	引擎	引擎	engine (loanword); CL:臺|台[tai2]
L7-4988	7-9	引人入胜	引人入勝	yǐn rén rù shèng	3,2,4,4		引人入胜	引人入勝	to enchant; fascinating
L7-4989	7-9	引人注目	引人注目	yǐn rén zhù mù	3,2,4,4		引人注目	引人注目	to attract attention; eye-catching; conspicuous
L7-4990	7-9	引入	引入	yǐn rù	3,4	V	引入	引入	to draw into; to pull into; to introduce
L7-4991	7-9	引用	引用	yǐn yòng	3,4	V	引用	引用	to quote; to cite; to recommend; to appoint; (computing) reference
L7-4992	7-9	引诱	引誘	yǐn yòu	3,4	V	引诱	引誘	to coerce (sb into doing sth bad); to lure (into a trap); to seduce
L7-4993	7-9	饮水	飲水	yǐn shuǐ	3,3		饮水	飲水	to drink water; drinking water
L7-4994	7-9	饮用水	飲用水	yǐn yòng shuǐ	3,4,3	N	饮用水	飲用水	drinking water; potable water
L7-4995	7-9	隐蔽	隱蔽	yǐn bì	3,4	V/Adj	隐蔽	隱蔽	to conceal; to hide; covert; under cover
L7-4996	7-9	隐患	隱患	yǐn huàn	3,4	N	隐患	隱患	a danger concealed within sth; hidden damage; misfortune not visible from the surface
L7-4997	7-9	隐瞒	隱瞞	yǐn mán	3,2	V	隐瞒	隱瞞	to conceal; to hide (a taboo subject); to cover up the truth
L7-4998	7-9	隐情	隱情	yǐn qíng	3,2	N	隐情	隱情	sth one wishes to keep secret; ulterior motive; a subject best avoided
L7-4999	7-9	隐身	隱身	yǐn shēn	3,1	V	隐身	隱身	to hide oneself; invisible (person or online status)
L7-5000	7-9	隐形	隱形	yǐn xíng	3,2	Adj	隐形	隱形	invisible
L7-5001	7-9	隐性	隱性	yǐn xìng	3,4	Adj	隐性	隱性	hidden; crypto-; recessive (gene)
L7-5002	7-9	隐约	隱約	yǐn yuē	3,1	Adj	隐约	隱約	vague; faint; indistinct
L7-5003	7-9	瘾	癮	yǐn	3	N	瘾	癮	addiction; craving
L7-5004	7-9	印刷术	印刷術	yìn shuā shù	4,1,4	N	印刷术	印刷術	printing; printing technology
L7-5005	7-9	印章	印章	yìn zhāng	4,1	N	印章	印章	seal; signet; chop; stamp; CL:方[fang1]
L7-5006	7-9	印证	印證	yìn zhèng	4,4	V/N	印证	印證	to confirm; to corroborate; to verify; proof; evidence
L7-5007	7-9	应有尽有	應有盡有	yīng yǒu jìn yǒu	1,3,4,3		应有尽有	應有盡有	everything that should be here is here (idiom); all one can think of is on hand; to have all one needs
L7-5008	7-9	英镑	英鎊	Yīng bàng	1,4	N	英镑	英鎊	pound sterling
L7-5009	7-9	英俊	英俊	yīng jùn	1,4	Adj	英俊	英俊	handsome
L7-5010	7-9	婴儿	嬰兒	yīng ér	1,2	N	婴儿	嬰兒	infant; baby; CL:個|个[ge4]; lead (Pb)
L7-5011	7-9	鹰	鷹	yīng	1	N	鹰	鷹	general term for a bird of prey (eagle, hawk or falcon etc)
L7-5012	7-9	迎	迎	yíng	2	V	迎	迎	to welcome; to meet; to forge ahead (esp. in the face of difficulties); to meet face to face
L7-5013	7-9	迎合	迎合	yíng hé	2,2	V	迎合	迎合	to cater to; to pander to
L7-5014	7-9	荧光	熒光	yíng guāng	2,1	N	荧光	熒光	fluorescence; fluorescent light
L7-5015	7-9	盈利	盈利	yíng lì	2,4	V/N	盈利	盈利	profit; gain; to make profits
L7-5016	7-9	营救	營救	yíng jiù	2,4	V	营救	營救	to rescue
L7-5017	7-9	营造	營造	yíng zào	2,4	V	营造	營造	to build (housing); to construct; to make
L7-5018	7-9	赢家	贏家	yíng jiā	2,1	N	赢家	贏家	winner
L7-5019	7-9	影像	影像	yǐng xiàng	3,4	N	影像	影像	image
L7-5020	7-9	应酬	應酬	yìng chou	4,5	V/N	应酬	應酬	to engage in social activities; to socialize; dinner party; banquet; social engagement
L7-5021	7-9	应付	應付	yìng fu	4,5	V	应付	應付	to deal with; to cope
L7-5022	7-9	应聘	應聘	yìng pìn	4,4	V	应聘	應聘	to accept a job offer; to apply for an advertised position
L7-5023	7-9	应邀	應邀	yìng yāo	4,1	V	应邀	應邀	at sb's invitation; on invitation
L7-5024	7-9	映	映	yìng	4	V	映	映	(bound form) to become visible (esp. on a surface or in perception)
L7-5025	7-9	硬币	硬幣	yìng bì	4,4	N	硬币	硬幣	coin; CL:枚[mei2]
L7-5026	7-9	硬朗	硬朗	yìng lǎng	4,3	Adj	硬朗	硬朗	robust; healthy
L7-5027	7-9	硬盘	硬盤	yìng pán	4,2	N	硬盘	硬盤	hard disk
L7-5028	7-9	拥护	擁護	yōng hù	1,4	V	拥护	擁護	to endorse; to support
L7-5029	7-9	拥挤	擁擠	yōng jǐ	1,3	V/Adj	拥挤	擁擠	crowded; to throng; congestion
L7-5030	7-9	庸俗	庸俗	yōng sú	1,2	Adj	庸俗	庸俗	vulgar; tacky; tawdry
L7-5031	7-9	永不	永不	yǒng bù	3,4		永不	永不	never; will never
L7-5032	7-9	永恒	永恆	yǒng héng	3,2	Adj	永恒	永恆	eternal; everlasting; fig. to pass into eternity (i.e. to die)
L7-5033	7-9	永久	永久	yǒng jiǔ	3,3	Adj	永久	永久	everlasting; perpetual; lasting; forever; permanent
L7-5034	7-9	勇往直前	勇往直前	yǒng wǎng zhí qián	3,3,2,2		勇往直前	勇往直前	to advance bravely
L7-5035	7-9	勇于	勇於	yǒng yú	3,2	V	勇于	勇於	to dare to; to be brave enough to
L7-5036	7-9	涌	湧	yǒng	3	V	涌	湧	to well up; to gush forth; to surge
L7-5037	7-9	涌入	湧入	yǒng rù	3,4	V	涌入	湧入	to come pouring in; influx
L7-5038	7-9	涌现	湧現	yǒng xiàn	3,4	V	涌现	湧現	to emerge in large numbers; to spring up; to emerge prominently
L7-5039	7-9	踊跃	踴躍	yǒng yuè	3,4	V/Adj	踊跃	踴躍	to leap; to jump; eager; enthusiastically
L7-5040	7-9	用餐	用餐	yòng cān	4,1		用餐	用餐	to eat a meal
L7-5041	7-9	用功	用功	yòng gōng	4,1	Adj	用功	用功	diligent; industrious (in one's studies); to study hard; to make great effort
L7-5042	7-9	用力	用力	yòng lì	4,4		用力	用力	to exert oneself physically
L7-5043	7-9	用人	用人	yòng rén	4,2		用人	用人	servant; to employ sb for a job; to manage people; to be in need of staff
L7-5044	7-9	用意	用意	yòng yì	4,4	N	用意	用意	intention; purpose
L7-5045	7-9	优	優	yōu	1	Adj	优	優	excellent; superior
L7-5046	7-9	优化	優化	yōu huà	1,4	V	优化	優化	to optimize; (corporate euphemism) to lay off staff
L7-5047	7-9	优雅	優雅	yōu yǎ	1,3	Adj	优雅	優雅	grace; graceful
L7-5048	7-9	优异	優異	yōu yì	1,4	Adj	优异	優異	exceptional; outstandingly good
L7-5049	7-9	优越	優越	yōu yuè	1,4	Adj	优越	優越	superior; superiority
L7-5050	7-9	忧愁	憂愁	yōu chóu	1,2	Adj	忧愁	憂愁	to be worried
L7-5051	7-9	忧虑	憂慮	yōu lǜ	1,4	V	忧虑	憂慮	to worry; anxiety (about)
L7-5052	7-9	忧郁	憂鬱	yōu yù	1,4	Adj	忧郁	憂鬱	sullen; depressed; melancholy; dejected
L7-5053	7-9	悠久	悠久	yōu jiǔ	1,3	Adj	悠久	悠久	long (tradition, history etc)
L7-5054	7-9	悠闲	悠閒	yōu xián	1,2	Adj	悠闲	悠閒	leisurely; carefree; relaxed
L7-5055	7-9	尤为	尤為	yóu wéi	2,2	Adv	尤为	尤為	especially
L7-5056	7-9	由此看来	由此看來	yóu cǐ kàn lái	2,3,4,2		由此看来	由此看來	thereby; judging from this
L7-5057	7-9	由此可见	由此可見	yóu cǐ kě jiàn	2,3,3,4		由此可见	由此可見	from this, it can be seen that...
L7-5058	7-9	由来	由來	yóu lái	2,2	N	由来	由來	origin
L7-5059	7-9	由衷	由衷	yóu zhōng	2,1	V	由衷	由衷	heartfelt; sincere; unfeigned
L7-5060	7-9	邮编	郵編	yóu biān	2,1	N	邮编	郵編	postal code; zip code
L7-5061	7-9	邮政	郵政	yóu zhèng	2,4	N	邮政	郵政	postal service; postal
L7-5062	7-9	犹如	猶如	yóu rú	2,2	V	犹如	猶如	similar to; like
L7-5063	7-9	犹豫不决	猶豫不決	yóu yù bù jué	2,4,4,2		犹豫不决	猶豫不決	hesitancy; indecision; to waver
L7-5064	7-9	油画	油畫	yóu huà	2,4	N	油画	油畫	oil painting
L7-5065	7-9	游船	遊船	yóu chuán	2,2	N	游船	遊船	pleasure boat; cruise ship
L7-5066	7-9	游览	遊覽	yóu lǎn	2,3	V	游览	遊覽	to go sightseeing; to tour; to visit; CL:次[ci4]
L7-5067	7-9	友情	友情	yǒu qíng	3,2	N	友情	友情	friendly feelings; friendship
L7-5068	7-9	友人	友人	yǒu rén	3,2	N	友人	友人	friend
L7-5069	7-9	友善	友善	yǒu shàn	3,4	Adj	友善	友善	friendly
L7-5070	7-9	有待	有待	yǒu dài	3,4	V	有待	有待	not yet (done); pending
L7-5071	7-9	有的放矢	有的放矢	yǒu dì fàng shǐ	3,4,4,3		有的放矢	有的放矢	lit. to have a target in mind when shooting one's arrows (idiom); fig. to have a clear objective
L7-5072	7-9	有机	有機	yǒu jī	3,1	Adj	有机	有機	organic
L7-5073	7-9	有口无心	有口無心	yǒu kǒu wú xīn	3,3,2,1		有口无心	有口無心	to speak harshly but without any bad intent (idiom)
L7-5074	7-9	有两下子	有兩下子	yǒu liǎng xià zi	3,3,4,5		有两下子	有兩下子	to have real skill; to know one's stuff
L7-5075	7-9	有声有色	有聲有色	yǒu shēng yǒu sè	3,1,3,4		有声有色	有聲有色	having sound and color (idiom); vivid; dazzling
L7-5076	7-9	有所	有所	yǒu suǒ	3,3	V	有所	有所	somewhat; to some extent
L7-5077	7-9	有所不同	有所不同	yǒu suǒ bù tóng	3,3,4,2		有所不同	有所不同	to differ to some extent (idiom)
L7-5078	7-9	有望	有望	yǒu wàng	3,4	V	有望	有望	hopeful; promising
L7-5079	7-9	有效期	有效期	yǒu xiào qī	3,4,1	N	有效期	有效期	period of validity; sell-by date
L7-5080	7-9	有幸	有幸	yǒu xìng	3,4	Adj	有幸	有幸	fortunately
L7-5081	7-9	有序	有序	yǒu xù	3,4	Adj	有序	有序	regular; orderly; successive; in order
L7-5082	7-9	有益	有益	yǒu yì	3,4	Adj	有益	有益	useful; beneficial; profitable
L7-5083	7-9	有意	有意	yǒu yì	3,4	V/Adv	有意	有意	to intend; intentionally; interested in
L7-5084	7-9	有朝一日	有朝一日	yǒu zhāo yī rì	3,1,1,4		有朝一日	有朝一日	one day; sometime in the future
L7-5085	7-9	有助于	有助於	yǒu zhù yú	3,4,2	V	有助于	有助於	to contribute to; to promote
L7-5086	7-9	幼稚	幼稚	yòu zhì	4,4	Adj	幼稚	幼稚	young; childish; puerile
L7-5087	7-9	诱饵	誘餌	yòu ěr	4,3	N	诱饵	誘餌	bait
L7-5088	7-9	诱发	誘發	yòu fā	4,1	V	诱发	誘發	to induce; to cause; to elicit; to trigger
L7-5089	7-9	诱惑	誘惑	yòu huò	4,4	V/N	诱惑	誘惑	to entice; to lure; to induce; to attract
L7-5090	7-9	诱人	誘人	yòu rén	4,2	Adj	诱人	誘人	attractive; alluring; captivating
L7-5091	7-9	余	余	yú	2	V/Num	余	余|餘	extra; surplus; remaining; remainder after division; (following numerical value) or more; in excess of (some number); residue (math.); after; I; me
L7-5092	7-9	余地	餘地	yú dì	2,4	N	余地	餘地	margin; leeway
L7-5093	7-9	余额	餘額	yú é	2,2	N	余额	餘額	balance (of an account, bill etc); surplus; remainder
L7-5094	7-9	渔船	漁船	yú chuán	2,2	N	渔船	漁船	fishing boat; CL:條|条[tiao2]
L7-5095	7-9	渔民	漁民	yú mín	2,2	N	渔民	漁民	fisherman; fisher folk
L7-5096	7-9	逾期	逾期	yú qī	2,1		逾期	逾期	to be overdue; to fail to meet a deadline; to be behind in doing sth
L7-5097	7-9	愚蠢	愚蠢	yú chǔn	2,3	Adj	愚蠢	愚蠢	silly; stupid
L7-5098	7-9	愚公移山	愚公移山	yú gōng yí shān	2,1,2,1		愚公移山	愚公移山	the old man moves mountains (idiom); fig. where there's a will, there's a way
L7-5099	7-9	舆论	輿論	yú lùn	2,4	N	舆论	輿論	public opinion
L7-5100	7-9	与此同时	與此同時	yǔ cǐ tóng shí	3,3,2,2		与此同时	與此同時	at the same time; meanwhile
L7-5101	7-9	与否	與否	yǔ fǒu	3,3		与否	與否	whether or not (at the end of a phrase)
L7-5102	7-9	与其	與其	yǔ qí	3,2	Conj	与其	與其	rather than... (used in expressions of the form 與其|与其[yu3 qi2] + {verb1} + 不如[bu4 ru2] + {verb2} "rather than {verb1}, better to {verb2}")
L7-5103	7-9	与日俱增	與日俱增	yǔ rì jù zēng	3,4,4,1		与日俱增	與日俱增	to increase steadily; to grow with each passing day
L7-5104	7-9	与时俱进	與時俱進	yǔ shí jù jìn	3,2,4,4		与时俱进	與時俱進	abreast of modern developments; to keep up with the times; progressive; timely
L7-5105	7-9	与众不同	與眾不同	yǔ zhòng bù tóng	3,4,4,2		与众不同	與眾不同	(idiom) to stand out from the crowd; distinctive; different from the rest
L7-5106	7-9	予以	予以	yǔ yǐ	3,3	V	予以	予以	to give; to impose; to apply
L7-5107	7-9	宇宙	宇宙	yǔ zhòu	3,4	N	宇宙	宇宙	universe; cosmos; space
L7-5108	7-9	语气	語氣	yǔ qì	3,4	N	语气	語氣	tone; manner of speaking; mood; CL:個|个[ge4]
L7-5109	7-9	浴室	浴室	yù shì	4,4	N	浴室	浴室	bathroom; shower room (CL:間|间[jian1]); bathhouse
L7-5110	7-9	预定	預定	yù dìng	4,4	V	预定	預定	to arrange in advance
L7-5111	7-9	预感	預感	yù gǎn	4,3	V/N	预感	預感	to have a premonition; premonition
L7-5112	7-9	预告	預告	yù gào	4,4	V/N	预告	預告	to forecast; to predict; advance notice
L7-5113	7-9	预见	預見	yù jiàn	4,4	V/N	预见	預見	to foresee; to predict; to forecast; to envision; foresight; intuition; vision
L7-5114	7-9	预料	預料	yù liào	4,4	V/N	预料	預料	to forecast; to anticipate; expectation
L7-5115	7-9	预赛	預賽	yù sài	4,4	V/N	预赛	預賽	preliminary competition; to hold preliminary heats
L7-5116	7-9	预示	預示	yù shì	4,4	V	预示	預示	to indicate; to foretell; to forebode; to betoken
L7-5117	7-9	预售	預售	yù shòu	4,4	V	预售	預售	to sell in advance
L7-5118	7-9	预算	預算	yù suàn	4,4	N	预算	預算	budget
L7-5119	7-9	预先	預先	yù xiān	4,1	Adv	预先	預先	beforehand; in advance
L7-5120	7-9	预言	預言	yù yán	4,2	V/N	预言	預言	to predict; prophecy
L7-5121	7-9	预兆	預兆	yù zhào	4,4	N/V	预兆	預兆	omen; sign (of sth yet to occur); prior indication; to foreshadow
L7-5122	7-9	欲望	慾望	yù wàng	4,4	N	欲望	慾望	desire; longing; appetite; craving
L7-5123	7-9	遇难	遇難	yù nàn	4,4		遇难	遇難	to perish; to be killed
L7-5124	7-9	遇上	遇上	yù shàng	4,4		遇上	遇上	to come across (sb); to run into
L7-5125	7-9	遇险	遇險	yù xiǎn	4,3		遇险	遇險	to get into difficulties; to meet with danger
L7-5126	7-9	寓言	寓言	yù yán	4,2	N	寓言	寓言	fable; allegory; parable; CL:則|则[ze2]
L7-5127	7-9	寓意	寓意	yù yì	4,4	N	寓意	寓意	moral (of a story); lesson to be learned; implication; message; import; metaphorical meaning
L7-5128	7-9	愈合	癒合	yù hé	4,2	V	愈合	癒合	(of a wound) to heal
L7-5129	7-9	愈来愈	愈來愈	yù lái yù	4,2,4		愈来愈	愈來愈	more and more
L7-5130	7-9	愈演愈烈	愈演愈烈	yù yǎn yù liè	4,3,4,4		愈演愈烈	愈演愈烈	ever more critical; problems get more and more intense
L7-5131	7-9	冤	冤	yuān	1	N/Adj	冤	冤	injustice; grievance; wrong
L7-5132	7-9	冤枉	冤枉	yuān wang	1,5	V/Adj	冤枉	冤枉	to accuse wrongly; to treat unjustly; injustice; wronged; not worthwhile
L7-5133	7-9	渊源	淵源	yuān yuán	1,2	N	渊源	淵源	origin; source; relationship
L7-5134	7-9	元老	元老	yuán lǎo	2,3	N	元老	元老	senior figure; doyen; founding member; veteran
L7-5135	7-9	元首	元首	yuán shǒu	2,3	N	元首	元首	head of state
L7-5136	7-9	元宵节	元宵節	Yuán xiāo jié	2,1,2	N	元宵节	元宵節	Lantern Festival, the final event of the Spring Festival 春節|春节, on 15th of first month of the lunar calendar
L7-5137	7-9	原本	原本	yuán běn	2,3	Adv	原本	原本	originally; the original; original copy; original version
L7-5138	7-9	原材料	原材料	yuán cái liào	2,2,4	N	原材料	原材料	raw and semifinished materials
L7-5139	7-9	原创	原創	yuán chuàng	2,4	V	原创	原創	to create (an original work); (of a work) original; original creation; original work
L7-5140	7-9	原地	原地	yuán dì	2,4	N	原地	原地	(in) the original place; the place where one currently is; place of origin; local (product)
L7-5141	7-9	原型	原型	yuán xíng	2,2	N	原型	原型	model; prototype; archetype
L7-5142	7-9	原汁原味	原汁原味	yuán zhī yuán wèi	2,1,2,4		原汁原味	原汁原味	original; authentic
L7-5143	7-9	原装	原裝	yuán zhuāng	2,1	Adj	原装	原裝	genuine; intact in original packaging (not locally assembled and packaged)
L7-5144	7-9	圆形	圓形	yuán xíng	2,2	N	圆形	圓形	round; circular
L7-5145	7-9	缘分	緣分	yuán fèn	2,4	N	缘分	緣分	fate or chance that brings people together; predestined affinity or relationship; (Budd.) destiny
L7-5146	7-9	源泉	源泉	yuán quán	2,2	N	源泉	源泉	fountainhead; well-spring; water source; fig. origin
L7-5147	7-9	源头	源頭	yuán tóu	2,2	N	源头	源頭	source; origin; fountainhead
L7-5148	7-9	源于	源於	yuán yú	2,2		源于	源於	has its origins in
L7-5149	7-9	源源不断	源源不斷	yuán yuán bù duàn	2,2,4,4		源源不断	源源不斷	(idiom) in an unending stream; continuous
L7-5150	7-9	远程	遠程	yuǎn chéng	3,2	Adj	远程	遠程	remote; long distance; long range
L7-5151	7-9	远见	遠見	yuǎn jiàn	3,4	N	远见	遠見	foresight; discernment; vision
L7-5152	7-9	远近闻名	遠近聞名	yuǎn jìn wén míng	3,4,2,2		远近闻名	遠近聞名	to be known far and wide; to be well-known
L7-5153	7-9	怨恨	怨恨	yuàn hèn	4,4	V/N	怨恨	怨恨	to resent; to harbor a grudge against; to loathe; resentment; rancor
L7-5154	7-9	怨气	怨氣	yuàn qì	4,4	N	怨气	怨氣	grievance; resentment; complaint
L7-5155	7-9	怨言	怨言	yuàn yán	4,2	N	怨言	怨言	complaint
L7-5156	7-9	院士	院士	yuàn shì	4,4	N	院士	院士	member of a national academy
L7-5157	7-9	曰	曰	yuē	1	V	曰	曰	to speak; to say
L7-5158	7-9	约定俗成	約定俗成	yuē dìng sú chéng	1,4,2,2		约定俗成	約定俗成	established by popular usage (idiom); common usage agreement; customary convention
L7-5159	7-9	月初	月初	yuè chū	4,1	N	月初	月初	start of month; early in the month
L7-5160	7-9	月票	月票	yuè piào	4,4	N	月票	月票	monthly ticket
L7-5161	7-9	乐器	樂器	yuè qì	4,4	N	乐器	樂器	musical instrument; CL:件[jian4]
L7-5162	7-9	岳父	岳父	yuè fù	4,4	N	岳父	岳父	wife's father, father-in-law
L7-5163	7-9	岳母	岳母	yuè mǔ	4,3	N	岳母	岳母	wife's mother, mother-in-law
L7-5164	7-9	阅历	閱歷	yuè lì	4,4	V/N	阅历	閱歷	to experience; experience
L7-5165	7-9	悦耳	悅耳	yuè ěr	4,3	Adj	悦耳	悅耳	sweet-sounding; beautiful (of sound)
L7-5166	7-9	越发	越發	yuè fā	4,1	Adv	越发	越發	increasingly; more and more; ever more; all the more
L7-5167	7-9	越过	越過	yuè guò	4,4		越过	越過	to cross over; to transcend; to cover distance; to overcome; to rise above
L7-5168	7-9	晕倒	暈倒	yūn dǎo	1,3		晕倒	暈倒	to faint; to swoon; to black out; to become unconscious
L7-5169	7-9	陨石	隕石	yǔn shí	3,2	N	陨石	隕石	meteorite; aerolite; CL:塊|块[kuai4],顆|颗[ke1]
L7-5170	7-9	孕妇	孕婦	yùn fù	4,4	N	孕妇	孕婦	pregnant woman
L7-5171	7-9	孕育	孕育	yùn yù	4,4	V	孕育	孕育	to be pregnant; to produce offspring; to nurture (a development, school of thought, artwork etc); fig. replete with (culture etc)
L7-5172	7-9	运河	運河	yùn hé	4,2	N	运河	運河	canal
L7-5173	7-9	运送	運送	yùn sòng	4,4	V	运送	運送	to transport; to carry
L7-5174	7-9	运营	運營	yùn yíng	4,2	V	运营	運營	to be in operation; to do business; (of train, bus etc) to be in service; operation; service
L7-5175	7-9	运转	運轉	yùn zhuǎn	4,3	V	运转	運轉	to work; to operate; to revolve; to turn around
L7-5176	7-9	酝酿	醞釀	yùn niàng	4,4	V	酝酿	醞釀	(of alcohol) to ferment; (of a crisis) to be brewing; to mull over (an issue); to hold exploratory discussions
L7-5177	7-9	韵味	韻味	yùn wèi	4,4	N	韵味	韻味	implicit charm in rhyme or sound; hinted appeal; interest
L7-5178	7-9	蕴藏	蘊藏	yùn cáng	4,2	V	蕴藏	蘊藏	to hold in store; to contain (untapped reserves etc)
L7-5179	7-9	蕴涵	蘊涵	yùn hán	4,2	V	蕴涵	蘊涵	to contain; to accumulate; to embrace; implicit condition; implication; entailment
L7-5180	7-9	杂技	雜技	zá jì	2,4	N	杂技	雜技	acrobatics; CL:場|场[chang3]
L7-5181	7-9	杂交	雜交	zá jiāo	2,1	V	杂交	雜交	to hybridize; to crossbreed; promiscuity
L7-5182	7-9	杂乱无章	雜亂無章	zá luàn wú zhāng	2,4,2,1		杂乱无章	雜亂無章	disordered and in a mess (idiom); all mixed up and chaotic
L7-5183	7-9	砸	砸	zá	2	V	砸	砸	to smash; to pound; to fail; to muck up; to bungle
L7-5184	7-9	栽	栽	zāi	1	V	栽	栽	to plant; to grow; to insert; to erect (e.g. a bus stop sign); to impose sth on sb; to stumble; to fall down
L7-5185	7-9	栽培	栽培	zāi péi	1,2	V	栽培	栽培	to grow; to cultivate; to train; to educate; to patronize
L7-5186	7-9	宰	宰	zǎi	3	V	宰	宰	to slaughter; to butcher; to kill (animals etc); (coll.) to fleece; to rip off; to overcharge; (bound form) to govern; to rule; (bound form) (a title for certain government officials in ancient China)
L7-5187	7-9	再度	再度	zài dù	4,4	Adv	再度	再度	once more; once again; one more time
L7-5188	7-9	再现	再現	zài xiàn	4,4	V	再现	再現	to recreate; to reconstruct (a historical relic)
L7-5189	7-9	在线	在線	zài xiàn	4,4	V	在线	在線	online; connected to the Internet; (fig.) (coll.) (of a person) mentally focused; engaged; (of skills, performance etc) sharp; on point; functioning at a high level
L7-5190	7-9	在意	在意	zài yì	4,4		在意	在意	to care about; to mind
L7-5191	7-9	在职	在職	zài zhí	4,2	V	在职	在職	to be employed; to be in post; on-the-job
L7-5192	7-9	载体	載體	zài tǐ	4,3	N	载体	載體	carrier (chemistry); vector (epidemiology); vehicle or medium
L7-5193	7-9	攒	攢	zǎn	3	V	攒	攢	to collect; to hoard; to accumulate; to save
L7-5194	7-9	暂	暫	zàn	4	Adv	暂	暫|蹔	temporary; Taiwan pr. [zhan4]
L7-5195	7-9	赞不绝口	讚不絕口	zàn bù jué kǒu	4,4,2,3		赞不绝口	讚不絕口	to praise without cease (idiom); praise sb to high heaven
L7-5196	7-9	赞美	讚美	zàn měi	4,3	V	赞美	讚美	to admire; to praise; to eulogize
L7-5197	7-9	赞叹	讚嘆	zàn tàn	4,4	V	赞叹	讚嘆	to exclaim in admiration
L7-5198	7-9	赞叹不已	贊嘆不已	zàn tàn bù yǐ	4,4,4,3		赞叹不已	贊嘆不已	(idiom) to be full of praise and admiration; to marvel endlessly; to be in awe
L7-5199	7-9	赞同	贊同	zàn tóng	4,2	V	赞同	贊同	to approve of; to agree with (an opinion, action etc); to endorse
L7-5200	7-9	赞许	讚許	zàn xǔ	4,3	V	赞许	讚許	to praise; to laud
L7-5201	7-9	赞扬	讚揚	zàn yáng	4,2	V	赞扬	讚揚	to praise; to approve of; to show approval
L7-5202	7-9	葬	葬	zàng	4	V	葬	葬	to bury (the dead); to inter
L7-5203	7-9	葬礼	葬禮	zàng lǐ	4,3	N	葬礼	葬禮	burial; funeral
L7-5204	7-9	遭殃	遭殃	zāo yāng	1,1		遭殃	遭殃	to suffer a calamity
L7-5205	7-9	凿	鑿	záo	2	V	凿	鑿	(bound form) chisel; to bore a hole; to chisel; to dig; (literary) certain; authentic; irrefutable; also pr. [zuo4]
L7-5206	7-9	早年	早年	zǎo nián	3,2	N	早年	早年	many years ago; in the past; in one's early years
L7-5207	7-9	早日	早日	zǎo rì	3,4	Adv/N	早日	早日	soon; at an early date; the early days; the past
L7-5208	7-9	枣	棗	zǎo	3	N	枣	棗	(bound form) jujube; Chinese date (Zizyphus jujuba)
L7-5209	7-9	造福	造福	zào fú	4,2	V	造福	造福	to benefit (e.g. the people)
L7-5210	7-9	造假	造假	zào jiǎ	4,3	V	造假	造假	to counterfeit; to pass off a fake as genuine
L7-5211	7-9	造价	造價	zào jià	4,4	N	造价	造價	construction cost
L7-5212	7-9	造就	造就	zào jiù	4,4	V/N	造就	造就	to bring up; to train; to contribute to; achievements (usually of young people)
L7-5213	7-9	造纸术	造紙術	zào zhǐ shù	4,3,4	N	造纸术	造紙術	papermaking process
L7-5214	7-9	噪声	噪聲	zào shēng	4,1	N	噪声	噪聲	noise
L7-5215	7-9	噪音	噪音	zào yīn	4,1	N	噪音	噪音	rumble; noise; static (in a signal)
L7-5216	7-9	则	則	zé	2	Conj	则	則	(literary) (conjunction used to express contrast with a previous clause) but; then; (bound form) standard; norm; (bound form) principle; (literary) to imitate; to follow; classifier for written items
L7-5217	7-9	则	則	zé	2	M	则	則	(literary) (conjunction used to express contrast with a previous clause) but; then; (bound form) standard; norm; (bound form) principle; (literary) to imitate; to follow; classifier for written items
L7-5218	7-9	责备	責備	zé bèi	2,4	V	责备	責備	to blame; to criticize; condemnation; reproach
L7-5219	7-9	责怪	責怪	zé guài	2,4	V	责怪	責怪	to blame; to rebuke
L7-5220	7-9	贼	賊	zéi	2	N	贼	賊	thief; robber; (bound form) traitor; subversive; (bound form) evil; wicked; sly; shifty; devious; (literary) to harm; to injure; (coll.) extremely; insanely; damn (common in NE China and Taiwan)
L7-5221	7-9	增收	增收	zēng shōu	1,1	V	增收	增收	to increase revenue; to increase income by (x amount); to levy (a surcharge, tax increase etc); (of a school) to have an increased student intake
L7-5222	7-9	增添	增添	zēng tiān	1,1	V	增添	增添	to add; to increase
L7-5223	7-9	扎根	扎根	zhā gēn	1,1		扎根	扎根	to take root
L7-5224	7-9	渣子	渣子	zhā zi	1,5	N	渣子	渣子	dregs; bits; dregs (of society)
L7-5225	7-9	闸	閘	zhá	2	N	闸	閘	sluice; sluice gate; to dam up water; (coll.) brake; (coll.) electric switch
L7-5226	7-9	炸	炸	zhá	2	V	炸	炸	to deep fry; (coll.) to blanch (a vegetable); Taiwan pr. [zha4]
L7-5227	7-9	眨眼	眨眼	zhǎ yǎn	3,3		眨眼	眨眼	to blink; to wink; in the twinkling of an eye
L7-5228	7-9	诈骗	詐騙	zhà piàn	4,4	V	诈骗	詐騙	to defraud; to swindle; to blackmail
L7-5229	7-9	榨	榨	zhà	4	V	榨	榨	to press; to extract (juice); device for extracting juice, oils etc
L7-5230	7-9	窄	窄	zhǎi	3	Adj	窄	窄	narrow; narrow-minded; badly off
L7-5231	7-9	债务	債務	zhài wù	4,4	N	债务	債務	debt; liability; amount due; indebtedness
L7-5232	7-9	占卜	占卜	zhān bǔ	1,3	V	占卜	占卜	to divine
L7-5233	7-9	沾	沾	zhān	1	V	沾	沾	to moisten; to be infected by; to receive benefit or advantage through a contact; to touch
L7-5234	7-9	沾光	沾光	zhān guāng	1,1		沾光	沾光	to bask in the light; fig. to benefit from association with sb or sth; reflected glory
L7-5235	7-9	粘	粘	zhān	1	V	粘	粘	to glue; to paste; to adhere; to stick to
L7-5236	7-9	瞻仰	瞻仰	zhān yǎng	1,3	V	瞻仰	瞻仰	to revere; to admire
L7-5237	7-9	斩	斬	zhǎn	3	V	斩	斬	to behead (as form of capital punishment); to chop
L7-5238	7-9	斩草除根	斬草除根	zhǎn cǎo chú gēn	3,3,2,1		斩草除根	斬草除根	to cut weeds and eliminate the roots (idiom); to destroy root and branch; to eliminate completely
L7-5239	7-9	盏	盞	zhǎn	3	M	盏	盞	a small cup; classifier for lamps
L7-5240	7-9	展出	展出	zhǎn chū	3,1	V	展出	展出	to put on display; to be on show; to exhibit
L7-5241	7-9	展览会	展覽會	zhǎn lǎn huì	3,3,4	N	展览会	展覽會	exhibition; show
L7-5242	7-9	展望	展望	zhǎn wàng	3,4	V	展望	展望	outlook; prospect; to look ahead; to look forward to
L7-5243	7-9	崭新	嶄新	zhǎn xīn	3,1	Adj	崭新	嶄新	brand new
L7-5244	7-9	占用	佔用	zhàn yòng	4,4	V	占用	佔用	to occupy
L7-5245	7-9	站立	站立	zhàn lì	4,4	V	站立	站立	to stand; standing; on one's feet
L7-5246	7-9	绽放	綻放	zhàn fàng	4,4	V	绽放	綻放	to blossom
L7-5247	7-9	蘸	蘸	zhàn	4	V	蘸	蘸	to dip in (ink, sauce etc)
L7-5248	7-9	张灯结彩	張燈結彩	zhāng dēng jié cǎi	1,1,2,3		张灯结彩	張燈結彩	to be decorated with lanterns and colored banners (idiom)
L7-5249	7-9	张贴	張貼	zhāng tiē	1,1	V	张贴	張貼	to post (a notice); to advertise
L7-5250	7-9	张扬	張揚	zhāng yáng	1,2	V	张扬	張揚	to display ostentatiously; to bring out into the open; to make public; to spread around; flamboyant; brash
L7-5251	7-9	长辈	長輩	zhǎng bèi	3,4	N	长辈	長輩	one's elders; older generation
L7-5252	7-9	长相	長相	zhǎng xiàng	3,4	N	长相	長相	appearance; looks; profile; countenance
L7-5253	7-9	掌管	掌管	zhǎng guǎn	3,3	V	掌管	掌管	in charge of; to control
L7-5254	7-9	帐篷	帳篷	zhàng peng	4,5	N	帐篷	帳篷	tent; CL:頂|顶[ding3],座[zuo4]
L7-5255	7-9	帐子	帳子	zhàng zi	4,5	N	帐子	帳子	mosquito net; CL:頂|顶[ding3]
L7-5256	7-9	账单	賬單	zhàng dān	4,1	N	账单	賬單	bill
L7-5257	7-9	账号	賬號	zhàng hào	4,4	N	账号	賬號	account number; account; username
L7-5258	7-9	胀	脹	zhàng	4	V	胀	脹	to swell; to distend; to expand; swollen; bloated
L7-5259	7-9	招标	招標	zhāo biāo	1,1		招标	招標	to invite bids
L7-5260	7-9	招待	招待	zhāo dài	1,4	V	招待	招待	to hold a reception; to offer hospitality; to entertain (guests); to serve (customers)
L7-5261	7-9	招待会	招待會	zhāo dài huì	1,4,4	N	招待会	招待會	a reception; CL:次[ci4]
L7-5262	7-9	招揽	招攬	zhāo lǎn	1,3	V	招揽	招攬	to attract (customers); to drum up (trade)
L7-5263	7-9	招募	招募	zhāo mù	1,4	V	招募	招募	to recruit; to enlist
L7-5264	7-9	招牌	招牌	zhāo pai	1,5	N	招牌	招牌	signboard; shop sign; reputation of a business
L7-5265	7-9	招收	招收	zhāo shōu	1,1	V	招收	招收	to hire; to recruit
L7-5266	7-9	招数	招數	zhāo shù	1,4	N	招数	招數	move (in chess, on stage, in martial arts); gambit; trick; scheme; movement; same as 著數|着数[zhao1 shu4]
L7-5267	7-9	朝气蓬勃	朝氣蓬勃	zhāo qì péng bó	1,4,2,2		朝气蓬勃	朝氣蓬勃	full of youthful energy (idiom); vigorous; energetic; a bright spark
L7-5268	7-9	朝三暮四	朝三暮四	zhāo sān mù sì	1,1,4,4		朝三暮四	朝三暮四	lit. say three in the morning but four in the evening (idiom); to change sth that is already settled upon; indecisive; to blow hot and cold
L7-5269	7-9	朝夕相处	朝夕相處	zhāo xī xiāng chǔ	1,1,1,3		朝夕相处	朝夕相處	to spend all one's time together (idiom)
L7-5270	7-9	着迷	著迷	zháo mí	2,2		着迷	著迷	to be fascinated; to be captivated
L7-5271	7-9	沼泽	沼澤	zhǎo zé	3,2	N	沼泽	沼澤	marsh; swamp; wetlands; glade
L7-5272	7-9	召集	召集	zhào jí	4,2	V	召集	召集	to convene; to call together
L7-5273	7-9	兆头	兆頭	zhào tou	4,5	N	兆头	兆頭	omen; portent; sign
L7-5274	7-9	照办	照辦	zhào bàn	4,4		照办	照辦	to follow the rules; to do as instructed; to play by the book; to comply with a request
L7-5275	7-9	照常	照常	zhào cháng	4,2	V/Adv	照常	照常	as usual
L7-5276	7-9	照例	照例	zhào lì	4,4	Adv	照例	照例	as a rule; as usual; usually
L7-5277	7-9	照料	照料	zhào liào	4,4	V	照料	照料	to tend; to take care of sb
L7-5278	7-9	照明	照明	zhào míng	4,2	V	照明	照明	lighting; illumination; to light up; to illuminate
L7-5279	7-9	罩	罩	zhào	4	V/N	罩	罩	to cover; to spread over; a cover; a shade; a hood; bamboo fish trap; bamboo chicken coop; (Tw) (coll.) to protect; to have sb's back; (Tw) (coll.) awesome; incredible; (Tw) (coll.) (often as 罩得住[zhao4 de2 zhu4]) to have things under control; to be able to handle it
L7-5280	7-9	肇事	肇事	zhào shì	4,4	V	肇事	肇事	to cause an accident; to be responsible for an incident; to provoke a disturbance
L7-5281	7-9	折腾	折騰	zhē teng	1,5	V	折腾	折騰	to toss from side to side (e.g. sleeplessly); to repeat sth over and over again; to torment sb; to play crazy; to squander (time, money)
L7-5282	7-9	遮	遮	zhē	1	V	遮	遮	to cover up (a shortcoming); to screen off; to hide; to conceal
L7-5283	7-9	遮盖	遮蓋	zhē gài	1,4	V	遮盖	遮蓋	to hide; to cover (one's tracks)
L7-5284	7-9	折叠	折疊	zhé dié	2,2	V	折叠	折疊	to fold; collapsible; folding (bicycle, antenna, bed etc)
L7-5285	7-9	折合	折合	zhé hé	2,2	V	折合	折合	to convert into; to amount to; to be equivalent to
L7-5286	7-9	折扣	折扣	zhé kòu	2,4	N	折扣	折扣	discount
L7-5287	7-9	折磨	折磨	zhé mó	2,2	V	折磨	折磨	to torment; to torture
L7-5288	7-9	折射	折射	zhé shè	2,4	V	折射	折射	to refract; refraction; to reflect (in the figurative sense: to show the nature of)
L7-5289	7-9	这会儿	這會兒	zhè huì r	4,4,5	Pron	这会儿	這會兒	(coll.) now; this moment; also pr. [zhe4 hui3 r5]
L7-5290	7-9	这样一来	這樣一來	zhè yàng yī lái	4,4,1,2		这样一来	這樣一來	thus; if this happens then
L7-5291	7-9	针锋相对	針鋒相對	zhēn fēng xiāng duì	1,1,1,4		针锋相对	針鋒相對	to oppose each other with equal harshness (idiom); tit for tat; measure for measure
L7-5292	7-9	针灸	針灸	zhēn jiǔ	1,3	N	针灸	針灸	acupuncture and moxibustion; to give or have acupuncture and moxibustion
L7-5293	7-9	侦察	偵察	zhēn chá	1,2	V	侦察	偵察	to investigate a crime; to scout; to reconnoiter; reconnaissance; detection; a scout
L7-5294	7-9	珍藏	珍藏	zhēn cáng	1,2	V/N	珍藏	珍藏	a collection of rare and valuable items; to collect (such items)
L7-5295	7-9	珍视	珍視	zhēn shì	1,4	V	珍视	珍視	to place great importance on; to treasure
L7-5296	7-9	珍重	珍重	zhēn zhòng	1,4	V	珍重	珍重	to treasure; to cherish; to value highly; (in parting) take good care of yourself
L7-5297	7-9	真假	真假	zhēn jiǎ	1,3	N	真假	真假	genuine or fake; true or false
L7-5298	7-9	真空	真空	zhēn kōng	1,1	N	真空	真空	(physics) vacuum; (fig.) vacuum; (slang) to not wear underwear
L7-5299	7-9	真情	真情	zhēn qíng	1,2	N	真情	真情	real situation; the truth; true emotions; true feelings
L7-5300	7-9	真是的	真是的	zhēn shi de	1,5,5		真是的	真是的	Really! (interj. of annoyance or frustration)
L7-5301	7-9	真心	真心	zhēn xīn	1,1	N	真心	真心	wholeheartedness; sincerity
L7-5302	7-9	真挚	真摯	zhēn zhì	1,4	Adj	真挚	真摯	sincere; sincerity
L7-5303	7-9	诊所	診所	zhěn suǒ	3,3	N	诊所	診所	clinic
L7-5304	7-9	枕头	枕頭	zhěn tou	3,5	N	枕头	枕頭	pillow
L7-5305	7-9	阵容	陣容	zhèn róng	4,2	N	阵容	陣容	troop arrangement; battle formation; lineup (of a sports team etc)
L7-5306	7-9	阵营	陣營	zhèn yíng	4,2	N	阵营	陣營	group of people; camp; faction; sides in a dispute
L7-5307	7-9	振奋	振奮	zhèn fèn	4,4	Adj/V	振奋	振奮	to stir oneself up; to raise one's spirits; to inspire
L7-5308	7-9	振兴	振興	zhèn xīng	4,1	V	振兴	振興	to revive; to revitalize; to invigorate; to re-energize
L7-5309	7-9	振作	振作	zhèn zuò	4,4	Adj/V	振作	振作	to bestir oneself; to pull oneself together; to cheer up; to uplift; to stimulate
L7-5310	7-9	震	震	zhèn	4	V	震	震	to shake; to vibrate; to jolt; to quake; excited; shocked; one of the Eight Trigrams 八卦[ba1 gua4], symbolizing thunder; ☳
L7-5311	7-9	震动	震動	zhèn dòng	4,4	V	震动	震動	to shake; to vibrate; to strongly affect; shock; vibration
L7-5312	7-9	震撼	震撼	zhèn hàn	4,4	V	震撼	震撼	to shake; to shock; to stun; shocking; stunning; shock
L7-5313	7-9	镇定	鎮定	zhèn dìng	4,4	Adj/V	镇定	鎮定	calm; unperturbed; cool
L7-5314	7-9	争吵	爭吵	zhēng chǎo	1,3	V	争吵	爭吵	to quarrel; dispute
L7-5315	7-9	争端	爭端	zhēng duān	1,1	N	争端	爭端	dispute; controversy; conflict
L7-5316	7-9	争分夺秒	爭分奪秒	zhēng fēn duó miǎo	1,1,2,3		争分夺秒	爭分奪秒	lit. fight minutes, snatch seconds (idiom); a race against time; making every second count
L7-5317	7-9	争光	爭光	zhēng guāng	1,1		争光	爭光	to win an honor; to strive to win a prize
L7-5318	7-9	争气	爭氣	zhēng qì	1,4		争气	爭氣	to work hard for sth; to resolve on improvement; determined not to fall short
L7-5319	7-9	争先恐后	爭先恐後	zhēng xiān kǒng hòu	1,1,3,4		争先恐后	爭先恐後	(idiom) to compete to be first; to scramble to get ahead; to rush forward for fear of falling behind
L7-5320	7-9	争执	爭執	zhēng zhí	1,2	V	争执	爭執	to dispute; to disagree; to argue opinionatedly; to wrangle
L7-5321	7-9	征	征	zhēng	1	V	征	征|徵	journey; trip; expedition; to go on long campaign; to attack
L7-5322	7-9	征集	徵集	zhēng jí	1,2	V	征集	徵集	to collect; to recruit
L7-5323	7-9	征收	徵收	zhēng shōu	1,1	V	征收	徵收	to levy (a tax); to expropriate
L7-5324	7-9	挣扎	掙扎	zhēng zhá	1,2	V	挣扎	掙扎	to struggle
L7-5325	7-9	症结	癥結	zhēng jié	1,2	N	症结	癥結	hard lump in the abdomen (in Chinese medicine); crux of an issue; main point in an argument; sticking point; deadlock in negotiations
L7-5326	7-9	睁	睜	zhēng	1	V	睁	睜	to open (one's eyes)
L7-5327	7-9	蒸	蒸	zhēng	1	V	蒸	蒸	to evaporate; (of cooking) to steam; torch made from hemp stalks or bamboo (old); finely chopped firewood (old)
L7-5328	7-9	拯救	拯救	zhěng jiù	3,4	V	拯救	拯救	to save; to rescue
L7-5329	7-9	整合	整合	zhěng hé	3,2	V	整合	整合	to conform; to integrate
L7-5330	7-9	整洁	整潔	zhěng jié	3,2	Adj	整洁	整潔	neatly; tidy
L7-5331	7-9	整数	整數	zhěng shù	3,4	N	整数	整數	whole number; integer (math.); round figure
L7-5332	7-9	正面	正面	zhèng miàn	4,4	N/Adj	正面	正面	front; obverse side; right side; positive; direct; open
L7-5333	7-9	正能量	正能量	zhèng néng liàng	4,2,4	N	正能量	正能量	positive energy; positivity
L7-5334	7-9	正视	正視	zhèng shì	4,4	V	正视	正視	to face squarely; to meet head on; to face up to
L7-5335	7-9	正直	正直	zhèng zhí	4,2	Adj	正直	正直	upright; upstanding; honest
L7-5336	7-9	正宗	正宗	zhèng zōng	4,1	N/Adj	正宗	正宗	orthodox school; fig. traditional; old school; authentic; genuine
L7-5337	7-9	证人	證人	zhèng rén	4,2	N	证人	證人	witness
L7-5338	7-9	郑重	鄭重	zhèng zhòng	4,4	Adj	郑重	鄭重	serious; solemn; earnest; conscientious
L7-5339	7-9	之	之	zhī	1	Pron	之	之	(possessive particle, literary equivalent of 的[de5]); him; her; it
L7-5340	7-9	之	之	zhī	1	Aux	之	之	(possessive particle, literary equivalent of 的[de5]); him; her; it
L7-5341	7-9	之所以	之所以	zhī suǒ yǐ	1,3,3	Conj	之所以	之所以	(after a noun N and before a predicate P) the reason why N P; Example: 我之所以討厭他|我之所以讨厌他[wo3 zhi1 suo3 yi3 tao3 yan4 ta1] "the reason why I dislike him (is ...)"
L7-5342	7-9	支票	支票	zhī piào	1,4	N	支票	支票	check (bank); cheque; CL:本[ben3]
L7-5343	7-9	支柱	支柱	zhī zhù	1,4	N	支柱	支柱	mainstay; pillar; prop; backbone
L7-5344	7-9	汁	汁	zhī	1	N	汁	汁	juice
L7-5345	7-9	芝麻	芝麻	zhī ma	1,5	N	芝麻	芝麻	sesame (seed)
L7-5346	7-9	芝士	芝士	zhī shì	1,4	N	芝士	芝士	(loanword) cheese
L7-5347	7-9	知己	知己	zhī jǐ	1,3	Adj/N	知己	知己	to know oneself; to be intimate or close; intimate friend
L7-5348	7-9	知觉	知覺	zhī jué	1,2	N	知觉	知覺	perception; consciousness
L7-5349	7-9	知识分子	知識分子	zhī shi fèn zǐ	1,5,4,3		知识分子	知識分子	intellectual; intelligentsia
L7-5350	7-9	知足	知足	zhī zú	1,2	Adj	知足	知足	content with one's situation; to know contentment (hence happiness)
L7-5351	7-9	肢体	肢體	zhī tǐ	1,3	N	肢体	肢體	limb; limbs and trunk; body
L7-5352	7-9	脂肪	脂肪	zhī fáng	1,2	N	脂肪	脂肪	fat (in the body, in a plant, or in food)
L7-5353	7-9	执法	執法	zhí fǎ	2,3	V	执法	執法	to enforce a law; law enforcement
L7-5354	7-9	执意	執意	zhí yì	2,4	Adv	执意	執意	to be determined to; to insist on
L7-5355	7-9	执照	執照	zhí zhào	2,4	N	执照	執照	license; permit
L7-5356	7-9	执着	執著	zhí zhuó	2,2	Adj	执着	執著	dedicated; devoted; persistent; to persist in; to cling to; (Buddhism) attachment
L7-5357	7-9	直奔	直奔	zhí bèn	2,4	V	直奔	直奔	to go straight to; to make a beeline for
L7-5358	7-9	直达	直達	zhí dá	2,2	V	直达	直達	to reach (a place) directly; (transportation) to reach the destination without changing service or without stopping; (of a train, flight etc) direct; nonstop
L7-5359	7-9	直观	直觀	zhí guān	2,1	Adj	直观	直觀	direct observation; directly perceived through the senses; intuitive; audiovisual
L7-5360	7-9	直径	直徑	zhí jìng	2,4	N	直径	直徑	diameter
L7-5361	7-9	直觉	直覺	zhí jué	2,2	N	直觉	直覺	intuition
L7-5362	7-9	直视	直視	zhí shì	2,4	V	直视	直視	to look straight at
L7-5363	7-9	直至	直至	zhí zhì	2,4	V	直至	直至	lasting until; up till (the present)
L7-5364	7-9	值钱	值錢	zhí qián	2,2	Adj	值钱	值錢	valuable; costly; expensive
L7-5365	7-9	职权	職權	zhí quán	2,2	N	职权	職權	authority; power over others
L7-5366	7-9	职业病	職業病	zhí yè bìng	2,4,4	N	职业病	職業病	occupational disease
L7-5367	7-9	职员	職員	zhí yuán	2,2	N	职员	職員	office worker; staff member; CL:個|个[ge4],位[wei4]
L7-5368	7-9	止步	止步	zhǐ bù	3,4		止步	止步	to halt; to stop; to go no farther
L7-5369	7-9	止咳	止咳	zhǐ ké	3,2		止咳	止咳	to suppress coughing
L7-5370	7-9	止血	止血	zhǐ xuè	3,4	V	止血	止血	to staunch (bleeding); hemostatic (drug)
L7-5371	7-9	旨在	旨在	zhǐ zài	3,4	V	旨在	旨在	to have as its purpose; to be intended to; to aim to (do sth)
L7-5372	7-9	指点	指點	zhǐ diǎn	3,3	V	指点	指點	to point out; to indicate; to give directions; to show how (to do sth); to censure; to pick at
L7-5373	7-9	指教	指教	zhǐ jiào	3,4	V	指教	指教	to offer advice, guidance, or feedback
L7-5374	7-9	指令	指令	zhǐ lìng	3,4	N	指令	指令	to order; to command; an order; a command; an instruction
L7-5375	7-9	指南	指南	zhǐ nán	3,2	N	指南	指南	to guide; guidebook
L7-5376	7-9	指南针	指南針	zhǐ nán zhēn	3,2,1	N	指南针	指南針	compass
L7-5377	7-9	指手画脚	指手畫腳	zhǐ shǒu huà jiǎo	3,3,4,3		指手画脚	指手畫腳	to gesticulate while talking (idiom); to explain by waving one's hands; to criticize or give orders summarily
L7-5378	7-9	指望	指望	zhǐ wàng	3,4	V/N	指望	指望	to count on; to hope for; prospect; hope
L7-5379	7-9	指向	指向	zhǐ xiàng	3,4	V/N	指向	指向	to point towards; aimed at; facing; the direction indicated
L7-5380	7-9	指引	指引	zhǐ yǐn	3,3	V	指引	指引	to guide; to show; to point (the way); directions; guidance; guidelines
L7-5381	7-9	至此	至此	zhì cǐ	4,3	V	至此	至此	up until now; so far
L7-5382	7-9	至关重要	至關重要	zhì guān zhòng yào	4,1,4,4		至关重要	至關重要	extremely important; vital; crucial; essential
L7-5383	7-9	志气	志氣	zhì qì	4,4	N	志气	志氣	ambition; resolve; backbone; drive; spirit
L7-5384	7-9	制	製	zhì	4	V	制	製	to manufacture; to make
L7-5385	7-9	制裁	制裁	zhì cái	4,2	V	制裁	制裁	to punish; punishment; sanctions (incl. economic)
L7-5386	7-9	制服	制服	zhì fú	4,2	N	制服	制服	to subdue; to check; to bring under control; (in former times) what one is allowed to wear depending on social status; uniform (army, party, school etc); livery (for company employees); CL:套[tao4]
L7-5387	7-9	制品	製品	zhì pǐn	4,3	N	制品	製品	products; goods
L7-5388	7-9	制止	制止	zhì zhǐ	4,3	V	制止	制止	to curb; to put a stop to; to stop; to check; to limit
L7-5389	7-9	质地	質地	zhì dì	4,4	N	质地	質地	texture; background (texture); grain; quality; character; disposition
L7-5390	7-9	质朴	質樸	zhì pǔ	4,3	Adj	质朴	質樸	simple; plain; unadorned; unaffected; unsophisticated; rustic; earthy
L7-5391	7-9	质问	質問	zhì wèn	4,4	V	质问	質問	to question; to ask questions; to inquire; to bring to account; to interrogate
L7-5392	7-9	质疑	質疑	zhì yí	4,2	V	质疑	質疑	to call into question; to challenge (the truth or validity of)
L7-5393	7-9	治学	治學	zhì xué	4,2	V	治学	治學	scholarship; high-level study; to do scholarly research; to pursue a high level of study
L7-5394	7-9	治愈	治癒	zhì yù	4,4		治愈	治癒	to cure; to restore to health; uplifting; heartwarming
L7-5395	7-9	致	致	zhì	4	V	致	致	(literary) to send; to transmit; to convey; (bound form) to cause; to lead to; consequently
L7-5396	7-9	致辞	致辭	zhì cí	4,2		致辞	致辭	to express in words or writing; to make a speech (esp. short introduction, vote of thanks, afterword, funeral homily etc); to address (an audience); same as 致詞|致词
L7-5397	7-9	致富	致富	zhì fù	4,4	V	致富	致富	to become rich
L7-5398	7-9	致敬	致敬	zhì jìng	4,4	V	致敬	致敬	to salute; to pay one's respects to; to pay tribute to; to pay homage to
L7-5399	7-9	致力于	致力於	zhìlì yú			致力于	致力於	to devote oneself to
L7-5400	7-9	致命	致命	zhì mìng	4,4	V	致命	致命	fatal; mortal; deadly; to sacrifice one's life
L7-5401	7-9	致使	致使	zhì shǐ	4,3	V/Conj	致使	致使	to cause; to result in
L7-5402	7-9	秩序	秩序	zhì xù	4,4	N	秩序	秩序	order; orderliness (in society, in the classroom, on the roads etc)
L7-5403	7-9	窒息	窒息	zhì xī	4,1	V	窒息	窒息	to choke; to stifle; to suffocate
L7-5404	7-9	智商	智商	zhì shāng	4,1	N	智商	智商	IQ (intelligence quotient)
L7-5405	7-9	滞后	滯後	zhì hòu	4,4	V	滞后	滯後	to lag behind
L7-5406	7-9	滞留	滯留	zhì liú	4,2	V	滞留	滯留	(of a person) to remain in (a place) (due to circumstances that prevent one leaving); to be stranded; (of sth that would typically dissipate, e.g. floodwater, pollutants) to remain; to linger
L7-5407	7-9	置	置	zhì	4	V	置	置	to install; to place; to put; to buy
L7-5408	7-9	中国画	中國畫	Zhōng guó huà	1,2,4	N	中国画	中國畫	Chinese painting
L7-5409	7-9	中立	中立	zhōng lì	1,4	V	中立	中立	neutral; neutrality
L7-5410	7-9	中途	中途	zhōng tú	1,2	N	中途	中途	midway
L7-5411	7-9	中型	中型	zhōng xíng	1,2	Adj	中型	中型	medium sized
L7-5412	7-9	中性	中性	zhōng xìng	1,4	N/Adj	中性	中性	neutral
L7-5413	7-9	中旬	中旬	zhōng xún	1,2	N	中旬	中旬	middle third of a month
L7-5414	7-9	中庸	中庸	zhōng yōng	1,1	N/Adj	中庸	中庸	golden mean (Confucianism); (literary) (of person) mediocre; ordinary
L7-5415	7-9	中止	中止	zhōng zhǐ	1,3	V	中止	中止	to cease; to suspend; to break off; to stop; to discontinue
L7-5416	7-9	忠诚	忠誠	zhōng chéng	1,2	Adj/N	忠诚	忠誠	devoted; loyal; fidelity; loyalty
L7-5417	7-9	忠实	忠實	zhōng shí	1,2	Adj	忠实	忠實	faithful
L7-5418	7-9	忠于	忠於	zhōng yú	1,2	V	忠于	忠於	to be loyal to
L7-5419	7-9	忠贞	忠貞	zhōng zhēn	1,1	Adj	忠贞	忠貞	loyal and dependable
L7-5420	7-9	终结	終結	zhōng jié	1,2	V	终结	終結	end; conclusion; to come to an end; to terminate (sth)
L7-5421	7-9	终究	終究	zhōng jiū	1,1	Adv	终究	終究	in the end; after all; eventually
L7-5422	7-9	终生	終生	zhōng shēng	1,1	N	终生	終生	throughout one's life; lifetime; lifelong
L7-5423	7-9	衷心	衷心	zhōng xīn	1,1	Adj	衷心	衷心	heartfelt; wholehearted; cordial
L7-5424	7-9	肿瘤	腫瘤	zhǒng liú	3,2	N	肿瘤	腫瘤	tumor
L7-5425	7-9	种族	種族	zhǒng zú	3,2	N	种族	種族	race; ethnic group
L7-5426	7-9	仲裁	仲裁	zhòng cái	4,2	V	仲裁	仲裁	arbitration
L7-5427	7-9	众人	眾人	zhòng rén	4,2	N	众人	眾人	everyone
L7-5428	7-9	众所周知	眾所周知	zhòng suǒ zhōu zhī	4,3,1,1		众所周知	眾所周知	(idiom) as everyone knows
L7-5429	7-9	众志成城	眾志成城	zhòng zhì chéng chéng	4,4,2,2		众志成城	眾志成城	unity of will is an impregnable stronghold (idiom)
L7-5430	7-9	重创	重創	zhòng chuāng	4,1	V	重创	重創	to inflict heavy losses; to inflict serious damage
L7-5431	7-9	重量级	重量級	zhòng liàng jí	4,4,2	Adj	重量级	重量級	(sports) heavyweight class; (fig.) important; major; prominent; influential
L7-5432	7-9	重任	重任	zhòng rèn	4,4	N	重任	重任	heavy responsibility
L7-5433	7-9	重伤	重傷	zhòng shāng	4,1	N	重伤	重傷	serious injury; seriously injured
L7-5434	7-9	重心	重心	zhòng xīn	4,1	N	重心	重心	center of gravity; central core; main part
L7-5435	7-9	重型	重型	zhòng xíng	4,2	Adj	重型	重型	heavy; heavy duty; large caliber
L7-5436	7-9	重中之重	重中之重	zhòng zhōng zhī zhòng	4,1,1,4		重中之重	重中之重	of the utmost importance; of highest priority
L7-5437	7-9	周边	周邊	zhōu biān	1,1	N	周边	周邊	periphery; rim; perimeter; surroundings; (computing) (attributive) peripheral; merch (abbr. for 周邊商品|周边商品[zhou1 bian1 shang1 pin3])
L7-5438	7-9	周到	周到	zhōu dào	1,4	Adj	周到	周到	thoughtful; considerate; attentive; thorough; also pr. [zhou1 dao5]
L7-5439	7-9	周密	周密	zhōu mì	1,4	Adj	周密	周密	careful; thorough; meticulous
L7-5440	7-9	周旋	周旋	zhōu xuán	1,2	V	周旋	周旋	to mix with others; to socialize; to deal with; to contend
L7-5441	7-9	昼夜	晝夜	zhòu yè	4,4	N	昼夜	晝夜	day and night; period of 24 hours; continuously, without stop
L7-5442	7-9	皱	皺	zhòu	4	V/N	皱	皺	to wrinkle; wrinkled; to crease
L7-5443	7-9	骤然	驟然	zhòu rán	4,2	Adv	骤然	驟然	suddenly; abruptly
L7-5444	7-9	朱红	朱紅	zhū hóng	1,2	Adj	朱红	朱紅	vermilion
L7-5445	7-9	株	株	zhū	1	M	株	株	tree trunk; stump (tree root); a plant; classifier for trees or plants; strain (biology); to involve others (in shady business)
L7-5446	7-9	诸多	諸多	zhū duō	1,1	Adj	诸多	諸多	(used for abstract things) a good deal, a lot of
L7-5447	7-9	诸如此类	諸如此類	zhū rú cǐ lèi	1,2,3,4		诸如此类	諸如此類	things like this (idiom); and so on; and the rest; etc
L7-5448	7-9	竹竿	竹竿	zhú gān	2,1	N	竹竿	竹竿	bamboo pole
L7-5449	7-9	逐年	逐年	zhú nián	2,2	Adv	逐年	逐年	year after year; with each passing year; over the years
L7-5450	7-9	主	主	zhǔ	3	N	主	主	owner; master; host; individual or party concerned; God; Lord; main; to indicate or signify; trump card (in card games)
L7-5451	7-9	主编	主編	zhǔ biān	3,1	N/V	主编	主編	editor in chief
L7-5452	7-9	主妇	主婦	zhǔ fù	3,4	N	主妇	主婦	housewife; woman of senior authority in a household; the lady of the house; hostess
L7-5453	7-9	主力	主力	zhǔ lì	3,4	N	主力	主力	main force; main strength of an army
L7-5454	7-9	主权	主權	zhǔ quán	3,2	N	主权	主權	sovereignty
L7-5455	7-9	主人公	主人公	zhǔ rén gōng	3,2,1	N	主人公	主人公	hero (of a novel or film); main protagonist
L7-5456	7-9	主食	主食	zhǔ shí	3,2	N	主食	主食	staple food
L7-5457	7-9	主题歌	主題歌	zhǔ tí gē	3,2,1	N	主题歌	主題歌	theme song
L7-5458	7-9	主演	主演	zhǔ yǎn	3,3	V/N	主演	主演	to play the leading role; to star; lead actor
L7-5459	7-9	主页	主頁	zhǔ yè	3,4	N	主页	主頁	home page
L7-5460	7-9	主义	主義	zhǔ yì	3,4	N	主义	主義	-ism; ideology
L7-5461	7-9	主宰	主宰	zhǔ zǎi	3,3	V/N	主宰	主宰	to dominate; to rule; to dictate; master
L7-5462	7-9	拄	拄	zhǔ	3	V	拄	拄	to lean on; to prop on
L7-5463	7-9	嘱咐	囑咐	zhǔ fu	3,5	V	嘱咐	囑咐	to urge; to exhort
L7-5464	7-9	瞩目	矚目	zhǔ mù	3,4	V	瞩目	矚目	to focus attention upon
L7-5465	7-9	助威	助威	zhù wēi	4,1		助威	助威	to cheer for; to encourage; to boost the morale of
L7-5466	7-9	住处	住處	zhù chù	4,4	N	住处	住處	residence; dwelling
L7-5467	7-9	住户	住戶	zhù hù	4,4	N	住户	住戶	household; inhabitant; householder
L7-5468	7-9	住宿	住宿	zhù sù	4,4	V	住宿	住宿	to stay at; lodging; accommodation
L7-5469	7-9	住址	住址	zhù zhǐ	4,3	N	住址	住址	address
L7-5470	7-9	贮藏	貯藏	zhù cáng	4,2	V	贮藏	貯藏	to store up; to hoard; deposits
L7-5471	7-9	注	注	zhù	4	N/V	注	注|註	(bound form) to pour into; to flow into; to inject; (bound form) to focus (one's spirit, gaze etc) on a single point; to concentrate; (bound form) stake (in gambling); classifier for stakes, sums of money, transactions or beams of light; variant of 註|注[zhu4]
L7-5472	7-9	注定	註定	zhù dìng	4,4	V	注定	註定	to foreordain; to be bound to; to be destined to; to be doomed to; inevitably
L7-5473	7-9	注入	注入	zhù rù	4,4		注入	注入	to pour into; to empty into
L7-5474	7-9	铸造	鑄造	zhù zào	4,4	V	铸造	鑄造	to cast (pour metal into a mold)
L7-5475	7-9	筑	築	zhù	4	V	筑	築	to build; to construct; to ram; to hit; Taiwan pr. [zhu2]
L7-5476	7-9	爪子	爪子	zhuǎ zi	3,5	N	爪子	爪子	(animal's) claw
L7-5477	7-9	拽	拽	zhuài	4	V	拽	拽	to pull; to tug at (sth)
L7-5478	7-9	专长	專長	zhuān cháng	1,2	N	专长	專長	specialty; special knowledge or ability
L7-5479	7-9	专程	專程	zhuān chéng	1,2	Adv	专程	專程	specifically; specially (for that purpose)
L7-5480	7-9	专柜	專櫃	zhuān guì	1,4	N	专柜	專櫃	sales counter dedicated to a certain kind of product (e.g. alcohol)
L7-5481	7-9	专栏	專欄	zhuān lán	1,2	N	专栏	專欄	special column
L7-5482	7-9	专卖店	專賣店	zhuān mài diàn	1,4,4	N	专卖店	專賣店	specialty store
L7-5483	7-9	专人	專人	zhuān rén	1,2	N	专人	專人	specialist; person appointed for specific task
L7-5484	7-9	专职	專職	zhuān zhí	1,2	N	专职	專職	special duty; assigned full time to a task
L7-5485	7-9	专制	專制	zhuān zhì	1,4	V	专制	專制	autocracy; dictatorship
L7-5486	7-9	专注	專注	zhuān zhù	1,4	Adj	专注	專注	to focus; to concentrate; to give one's full attention
L7-5487	7-9	专著	專著	zhuān zhù	1,4	N	专著	專著	monograph; specialized text
L7-5488	7-9	砖	磚	zhuān	1	N	砖	磚	brick; tile (floor or wall, not roof); CL:塊|块[kuai4]
L7-5489	7-9	转播	轉播	zhuǎn bō	3,1	V	转播	轉播	relay; broadcast (on radio or TV)
L7-5490	7-9	转达	轉達	zhuǎn dá	3,2	V	转达	轉達	to pass on; to convey; to communicate
L7-5491	7-9	转机	轉機	zhuǎn jī	3,1	N	转机	轉機	(to take) a turn for the better; to change planes
L7-5492	7-9	转交	轉交	zhuǎn jiāo	3,1	V	转交	轉交	to pass on to sb; to carry and give to sb else
L7-5493	7-9	转型	轉型	zhuǎn xíng	3,2	V	转型	轉型	to undergo fundamental change; to transition; to transform; to update (to a new model of product)
L7-5494	7-9	转学	轉學	zhuǎn xué	3,2		转学	轉學	(of a student) to change schools; to transfer from one school to another
L7-5495	7-9	转眼	轉眼	zhuǎn yǎn	3,3	V	转眼	轉眼	in a flash; in the blink of an eye; to glance
L7-5496	7-9	转载	轉載	zhuǎn zǎi	3,3	V	转载	轉載	to forward (a shipment); to reprint sth published elsewhere; Taiwan pr. [zhuan3 zai4]
L7-5497	7-9	转折	轉折	zhuǎn zhé	3,2	V	转折	轉折	shift in the trend of events; turnaround; plot shift in a book; turn in the conversation
L7-5498	7-9	转折点	轉折點	zhuǎn zhé diǎn	3,2,3	N	转折点	轉折點	turning point; breaking point
L7-5499	7-9	传	傳	zhuàn	4	N	传	傳	biography; historical narrative; commentaries; relay station
L7-5500	7-9	传记	傳記	zhuàn jì	4,4	N	传记	傳記	biography; CL:篇[pian1],部[bu4]
L7-5501	7-9	转悠	轉悠	zhuàn you	4,5	V	转悠	轉悠	to roll; to wander around; to appear repeatedly
L7-5502	7-9	撰写	撰寫	zhuàn xiě	4,3	V	撰写	撰寫	to write; to compose
L7-5503	7-9	庄稼	莊稼	zhuāng jia	1,5	N	庄稼	莊稼	farm crop
L7-5504	7-9	庄严	莊嚴	zhuāng yán	1,2	Adj	庄严	莊嚴	solemn; dignified; stately
L7-5505	7-9	庄园	莊園	zhuāng yuán	1,2	N	庄园	莊園	manor; feudal land; villa and park
L7-5506	7-9	桩	樁	zhuāng	1	N/M	桩	樁	stump; stake; pile; classifier for events, cases, transactions, affairs etc
L7-5507	7-9	装扮	裝扮	zhuāng bàn	1,4	V	装扮	裝扮	to decorate; to adorn; to dress up; to disguise oneself
L7-5508	7-9	壮	壯	zhuàng	4	Adj/V	壮	壯	to strengthen; strong; robust
L7-5509	7-9	壮大	壯大	zhuàng dà	4,4	V/Adj	壮大	壯大	to strengthen; to build up; to grow strong and large
L7-5510	7-9	壮胆	壯膽	zhuàng dǎn	4,3		壮胆	壯膽	to get one’s courage up; to embolden
L7-5511	7-9	壮丽	壯麗	zhuàng lì	4,4	Adj	壮丽	壯麗	magnificence; magnificent; majestic; glorious
L7-5512	7-9	壮实	壯實	zhuàng shi	4,5	Adj	壮实	壯實	robust; sturdy
L7-5513	7-9	状元	狀元	zhuàng yuán	4,2	N	状元	狀元	top scorer in the palace examination (highest rank of the Imperial examination system); see 榜眼[bang3 yan3] and 探花[tan4 hua1]; top scorer in college entrance examination 高考[gao1 kao3]; (fig.) the most brilliantly talented person in the field; leading light
L7-5514	7-9	撞击	撞擊	zhuàng jī	4,1	V	撞击	撞擊	to strike; to hit; to ram
L7-5515	7-9	幢	幢	zhuàng	4	M	幢	幢	classifier for buildings (Taiwan pr. [chuang2]); (archaic) curtain hung over boat or carriage windows
L7-5516	7-9	追悼会	追悼會	zhuī dào huì	1,4,4	N	追悼会	追悼會	memorial service; funeral service
L7-5517	7-9	追赶	追趕	zhuī gǎn	1,3	V	追赶	追趕	to pursue; to chase after; to accelerate; to catch up with; to overtake
L7-5518	7-9	追溯	追溯	zhuī sù	1,4	V	追溯	追溯	lit. to go upstream; to trace sth back to; to date from
L7-5519	7-9	追随	追隨	zhuī suí	1,2	V	追随	追隨	to follow; to accompany
L7-5520	7-9	追尾	追尾	zhuī wěi	1,3		追尾	追尾	to tailgate; to hit the car in front as a result of tailgating
L7-5521	7-9	追问	追問	zhuī wèn	1,4	V	追问	追問	to question closely; to investigate in detail; to examine minutely; to get to the heart of the matter
L7-5522	7-9	追逐	追逐	zhuī zhú	1,2	V	追逐	追逐	to chase; to pursue vigorously
L7-5523	7-9	追踪	追蹤	zhuī zōng	1,1	V	追踪	追蹤	to track; to trace; to follow up; (HK, Tw) to follow (on social media)
L7-5524	7-9	坠	墜	zhuì	4	V/N	坠	墜	to fall; to drop; to weigh down
L7-5525	7-9	准许	准許	zhǔn xǔ	3,3	V	准许	准許	to allow; to grant; to permit
L7-5526	7-9	准则	準則	zhǔn zé	3,2	N	准则	準則	norm; standard; criterion
L7-5527	7-9	拙劣	拙劣	zhuō liè	1,4	Adj	拙劣	拙劣	clumsy; botched
L7-5528	7-9	捉迷藏	捉迷藏	zhuō mí cáng	1,2,2		捉迷藏	捉迷藏	to play hide-and-seek
L7-5529	7-9	灼热	灼熱	zhuó rè	2,4	Adj	灼热	灼熱	burning hot; scorching
L7-5530	7-9	卓越	卓越	zhuó yuè	2,4	Adj	卓越	卓越	outstanding; surpassing; distinguished; splendid
L7-5531	7-9	酌情	酌情	zhuó qíng	2,2	V	酌情	酌情	to use discretion; to take circumstances into account; to make allowances pertinent to a situation
L7-5532	7-9	着力	著力	zhuó lì	2,4	V	着力	著力	to put effort into sth; to try really hard
L7-5533	7-9	着落	著落	zhuó luò	2,4	N	着落	著落	whereabouts; place to settle; reliable source (of funds etc); (of responsibility for a matter) to rest with sb; settlement; solution
L7-5534	7-9	着实	著實	zhuó shí	2,2	Adv	着实	著實	truly; indeed; severely; harshly
L7-5535	7-9	着手	著手	zhuó shǒu	2,3	V	着手	著手	to put one's hand to it; to start out on a task; to set out
L7-5536	7-9	着想	著想	zhuó xiǎng	2,3	V	着想	著想	to give thought (to others); to consider (other people's needs); also pr. [zhao2 xiang3]
L7-5537	7-9	着眼	著眼	zhuó yǎn	2,3	V	着眼	著眼	to have one's eyes on (a goal); having sth in mind; to concentrate
L7-5538	7-9	着眼于	著眼於	zhuóyǎn yú			着眼于	著眼於	to focus on; to have in view
L7-5539	7-9	着重	著重	zhuó zhòng	2,4	V	着重	著重	to put emphasis on; to stress
L7-5540	7-9	姿势	姿勢	zī shì	1,4	N	姿势	姿勢	posture; position
L7-5541	7-9	姿态	姿態	zī tài	1,4	N	姿态	姿態	attitude; posture; stance
L7-5542	7-9	兹	茲	zī	1	Pron	兹	茲	(literary) this; (literary) now; (literary) year
L7-5543	7-9	资本主义	資本主義	zī běn zhǔ yì	1,3,3,4		资本主义	資本主義	capitalism
L7-5544	7-9	资历	資歷	zī lì	1,4	N	资历	資歷	qualifications; experience; seniority
L7-5545	7-9	资深	資深	zī shēn	1,1	Adj	资深	資深	senior; highly experienced; veteran
L7-5546	7-9	资讯	資訊	zī xùn	1,4	N	资讯	資訊	information
L7-5547	7-9	滋润	滋潤	zī rùn	1,4	Adj/V	滋润	滋潤	moist; humid; to moisten; to provide moisture; comfortably off
L7-5548	7-9	滋味	滋味	zī wèi	1,4	N	滋味	滋味	taste; flavor; feeling
L7-5549	7-9	子弟	子弟	zǐ dì	3,4	N	子弟	子弟	child; the younger generation
L7-5550	7-9	子孙	子孫	zǐ sūn	3,1	N	子孙	子孫	offspring; posterity
L7-5551	7-9	自卑	自卑	zì bēi	4,1	Adj	自卑	自卑	to have low self-esteem; to abase oneself
L7-5552	7-9	自称	自稱	zì chēng	4,1	V	自称	自稱	to call oneself; to claim to be; to profess; to claim a title
L7-5553	7-9	自发	自發	zì fā	4,1	Adj	自发	自發	spontaneous
L7-5554	7-9	自费	自費	zì fèi	4,4	V	自费	自費	at one's own expense; self-funded
L7-5555	7-9	自负	自負	zì fù	4,4	Adj/V	自负	自負	conceited; to take responsibility
L7-5556	7-9	自理	自理	zì lǐ	4,3	V	自理	自理	to take care of oneself; to provide for oneself
L7-5557	7-9	自力更生	自力更生	zì lì gēng shēng	4,4,1,1		自力更生	自力更生	regeneration through one's own effort (idiom); self-reliance
L7-5558	7-9	自立	自立	zì lì	4,4	V	自立	自立	independent; self-reliant; self-sustaining; to stand on one's own feet; to support oneself
L7-5559	7-9	自强不息	自強不息	zì qiáng bù xī	4,2,4,1		自强不息	自強不息	to strive unremittingly; self-improvement
L7-5560	7-9	自然而然	自然而然	zì rán ér rán	4,2,2,2		自然而然	自然而然	(idiom) natural; unforced; (idiom) naturally; as a matter of course; in the natural course of things
L7-5561	7-9	自然界	自然界	zì rán jiè	4,2,4	N	自然界	自然界	nature; the natural world
L7-5562	7-9	自如	自如	zì rú	4,2	Adj	自如	自如	unobstructed; unconstrained; smoothly; with ease; freely
L7-5563	7-9	自始至终	自始至終	zì shǐ zhì zhōng	4,3,4,1		自始至终	自始至終	from start to finish (idiom)
L7-5564	7-9	自私	自私	zì sī	4,1	Adj	自私	自私	selfish; selfishness
L7-5565	7-9	自私自利	自私自利	zì sī zì lì	4,1,4,4		自私自利	自私自利	everything for self and selfish profit (idiom); with no regard for others; selfish; mercenary
L7-5566	7-9	自卫	自衛	zì wèi	4,4	V	自卫	自衛	to defend oneself; self-defense
L7-5567	7-9	自相矛盾	自相矛盾	zì xiāng máo dùn	4,1,2,4		自相矛盾	自相矛盾	to contradict oneself; self-contradictory; inconsistent
L7-5568	7-9	自信心	自信心	zì xìn xīn	4,4,1	N	自信心	自信心	self-confidence
L7-5569	7-9	自行	自行	zì xíng	4,2	Adv	自行	自行	voluntary; autonomous; by oneself; self-
L7-5570	7-9	自以为是	自以為是	zì yǐ wéi shì	4,3,2,4		自以为是	自以為是	to believe oneself infallible (idiom); to be opinionated
L7-5571	7-9	自由自在	自由自在	zì yóu zì zài	4,2,4,4		自由自在	自由自在	free and easy (idiom); carefree; leisurely
L7-5572	7-9	自责	自責	zì zé	4,2	V	自责	自責	to blame oneself
L7-5573	7-9	自助	自助	zì zhù	4,4	V	自助	自助	self-service
L7-5574	7-9	自尊	自尊	zì zūn	4,1	V	自尊	自尊	self-respect; self-esteem; ego; pride
L7-5575	7-9	自尊心	自尊心	zì zūn xīn	4,1,1	N	自尊心	自尊心	self-respect; self-esteem; ego
L7-5576	7-9	字迹	字跡	zì jì	4,4	N	字迹	字跡	handwriting
L7-5577	7-9	字幕	字幕	zì mù	4,4	N	字幕	字幕	subtitles; captions (of a movie etc)
L7-5578	7-9	字体	字體	zì tǐ	4,3	N	字体	字體	calligraphic style; typeface; font
L7-5579	7-9	字眼	字眼	zì yǎn	4,3	N	字眼	字眼	wording
L7-5580	7-9	宗	宗	zōng	1	M	宗	宗	school; sect; purpose; model; ancestor; clan; to take as one's model (in academic or artistic work); classifier for batches, items, cases (medical or legal), reservoirs
L7-5581	7-9	宗旨	宗旨	zōng zhǐ	1,3	N	宗旨	宗旨	objective; aim; goal
L7-5582	7-9	综上所述	綜上所述	zōng shàng suǒ shù	1,4,3,4		综上所述	綜上所述	to summarize; to sum up
L7-5583	7-9	总的来说	總的來說	zǒng de lái shuō	3,5,2,1		总的来说	總的來說	generally speaking; to sum up; in summary; in short
L7-5584	7-9	总额	總額	zǒng é	3,2	N	总额	總額	total (amount or value)
L7-5585	7-9	总而言之	總而言之	zǒng ér yán zhī	3,2,2,1		总而言之	總而言之	in short; in a word; in brief
L7-5586	7-9	总计	總計	zǒng jì	3,4	V	总计	總計	(grand) total
L7-5587	7-9	纵观	縱觀	zòng guān	4,1	V	纵观	縱觀	to survey comprehensively; an overall survey
L7-5588	7-9	纵横交错	縱橫交錯	zòng héng jiāo cuò	4,2,1,4		纵横交错	縱橫交錯	criss-crossed (idiom)
L7-5589	7-9	纵然	縱然	zòng rán	4,2	Conj	纵然	縱然	even if; even though
L7-5590	7-9	纵容	縱容	zòng róng	4,2	V	纵容	縱容	to tolerate or condone wrongdoing; to allow (sb) to engage in bad behavior
L7-5591	7-9	纵深	縱深	zòng shēn	4,1	N	纵深	縱深	depth (from front to rear); depth (into a territory); span (of time); (fig.) depth (of deployment, progress, development etc)
L7-5592	7-9	粽子	粽子	zòng zi	4,5	N	粽子	粽子	glutinous rice and choice of filling wrapped in leaves and steamed or boiled
L7-5593	7-9	走过场	走過場	zǒu guò chǎng	3,4,3		走过场	走過場	to go through the motions
L7-5594	7-9	走后门	走後門	zǒu hòu mén	3,4,2		走后门	走後門	(lit.) to enter through the back door; (fig.) to pull strings; to use connections; (fig.) (slang) to have anal sex
L7-5595	7-9	走近	走近	zǒu jìn	3,4		走近	走近	to approach; to draw near to
L7-5596	7-9	走廊	走廊	zǒu láng	3,2	N	走廊	走廊	corridor; aisle; hallway; passageway; veranda
L7-5597	7-9	走投无路	走投無路	zǒu tóu wú lù	3,2,2,4		走投无路	走投無路	to be at an impasse (idiom); in a tight spot; at the end of one's rope; desperate
L7-5598	7-9	走弯路	走彎路	zǒu wān lù	3,1,4		走弯路	走彎路	to take an indirect route; to waste one's time by using an inappropriate method
L7-5599	7-9	奏效	奏效	zòu xiào	4,4		奏效	奏效	to show results; to be effective
L7-5600	7-9	揍	揍	zòu	4	V	揍	揍	to hit; to beat (sb); (coll.) to smash (sth)
L7-5601	7-9	租赁	租賃	zū lìn	1,4	V	租赁	租賃	to rent; to lease; to hire
L7-5602	7-9	足迹	足跡	zú jì	2,4	N	足迹	足跡	footprint; track; spoor
L7-5603	7-9	足智多谋	足智多謀	zú zhì duō móu	2,4,1,2		足智多谋	足智多謀	resourceful; full of stratagems
L7-5604	7-9	阻挡	阻擋	zǔ dǎng	3,3	V	阻挡	阻擋	to stop; to resist; to obstruct
L7-5605	7-9	阻拦	阻攔	zǔ lán	3,2	V	阻拦	阻攔	to stop; to obstruct
L7-5606	7-9	阻力	阻力	zǔ lì	3,4	N	阻力	阻力	resistance; drag
L7-5607	7-9	阻挠	阻撓	zǔ náo	3,2	V	阻挠	阻撓	to thwart; to obstruct (sth)
L7-5608	7-9	组建	組建	zǔ jiàn	3,4	V	组建	組建	to organize; to set up; to establish
L7-5609	7-9	组装	組裝	zǔ zhuāng	3,1	V	组装	組裝	to assemble; to put together
L7-5610	7-9	祖传	祖傳	zǔ chuán	3,2	V	祖传	祖傳	passed on from ancestors; handed down from generation to generation
L7-5611	7-9	祖籍	祖籍	zǔ jí	3,2	N	祖籍	祖籍	ancestral hometown; original domicile (and civil registration)
L7-5612	7-9	祖先	祖先	zǔ xiān	3,1	N	祖先	祖先	ancestors; forebears; (biology) ancestral species; ancient species from which present-day species evolved
L7-5613	7-9	祖宗	祖宗	zǔ zōng	3,1	N	祖宗	祖宗	ancestor; forebear
L7-5614	7-9	钻空子	鑽空子	zuān kòng zi	1,4,5		钻空子	鑽空子	to take advantage of a loophole; to exploit an advantage; to seize the opportunity (esp. to do sth bad)
L7-5615	7-9	钻研	鑽研	zuān yán	1,2	V	钻研	鑽研	to study meticulously; to delve into
L7-5616	7-9	钻石	鑽石	zuàn shí	4,2	N	钻石	鑽石	diamond; CL:顆|颗[ke1]
L7-5617	7-9	嘴唇	嘴唇	zuǐ chún	3,2	N	嘴唇	嘴唇	lip; CL:片[pian4]
L7-5618	7-9	罪犯	罪犯	zuì fàn	4,4	N	罪犯	罪犯	criminal
L7-5619	7-9	罪魁祸首	罪魁禍首	zuì kuí huò shǒu	4,2,4,3		罪魁祸首	罪魁禍首	(idiom) criminal ringleader; main offender; main culprit; main cause of a disaster
L7-5620	7-9	尊贵	尊貴	zūn guì	1,4	Adj	尊贵	尊貴	respected; respectable; honorable
L7-5621	7-9	尊严	尊嚴	zūn yán	1,2	N	尊严	尊嚴	dignity; sanctity; honor; majesty
L7-5622	7-9	遵循	遵循	zūn xún	1,2	V	遵循	遵循	to follow; to abide by; to comply with
L7-5623	7-9	遵照	遵照	zūn zhào	1,4	V	遵照	遵照	in accordance with; to follow (the rules)
L7-5624	7-9	琢磨	琢磨	zuó mo	2,5	V	琢磨	琢磨	to ponder; to mull over; to think through; Taiwan pr. [zhuo2 mo2]
L7-5625	7-9	左顾右盼	左顧右盼	zuǒ gù yòu pàn	3,4,4,4		左顾右盼	左顧右盼	glancing to left and right (idiom); to look all around
L7-5626	7-9	佐料	佐料	zuǒ liào	3,4	N	佐料	佐料	condiments; seasoning
L7-5627	7-9	作弊	作弊	zuò bì	4,4		作弊	作弊	to practice fraud; to cheat; to engage in corrupt practices
L7-5628	7-9	作对	作對	zuò duì	4,4		作对	作對	to set oneself against; to oppose; to make a pair
L7-5629	7-9	作风	作風	zuò fēng	4,1	N	作风	作風	style; style of work; way
L7-5630	7-9	作客	作客	zuò kè	4,4		作客	作客	to live somewhere as a visitor; to stay with sb as a guest; to sojourn
L7-5631	7-9	作物	作物	zuò wù	4,4	N	作物	作物	crop
L7-5632	7-9	坐落	坐落	zuò luò	4,4	V	坐落	坐落	to be situated; to be located (of a building)
L7-5633	7-9	座谈	座談	zuò tán	4,2	V	座谈	座談	to have an informal discussion; CL:次[ci4]
L7-5634	7-9	座右铭	座右銘	zuò yòu míng	4,4,2	N	座右铭	座右銘	motto; maxim
L7-5635	7-9	做生意	做生意	zuò shēng yì	4,1,4		做生意	做生意	to do business
L7-5636	7-9	做证	做證	zuò zhèng	4,4		做证	做證	variant of 作證|作证[zuo4 zheng4]
